/*******************************************************************************
 * Size: 26 px
 * Bpp: 2
 * Opts: --font NotoSansSC-SemiBold.ttf --symbols  !"#$%&'()*+,-./0123456789:;<=>?@ABCDEFGHIJKLMNOPQRSTUVWXYZ[\]^_`abcdefghijklmnopqrstuvwxyz{|}~→一上下不与丘个中之乘了事二人今件休位住做停傍入全公内再准出初别到前办动北午卡去发取口只吃合后向告和品啦喂回园国地场坐城塔处备夜天好安完定家宿寓寻少尖就尾岛岸峡峰崖已市带平幼店开式得息悬成房手找报抵拉择按换排提摸收整料斯旅日时明是显晒晚暖最月有期机李查检模次步水求沙没河活流海温港游湖湾漏灯然爸物王环珀班理生用登白的看眠睡短矮石确示票离租程空窗第等粉累线经给络网老考自航船营落行街补袋要见览认记访证谷资走足路身车辆边达过返还追退适选途通逛道遗部都酒醒野长门间防阵随项顿预饭饮驶驾鼠齐！， --size 26 --bpp 2 --format lvgl --no-compress --no-kerning --output travel_ui_font_24.c --lv-font-name travel_ui_font_24 --lv-include lvgl.h
 ******************************************************************************/

#ifdef LV_LVGL_H_INCLUDE_SIMPLE
#include "lvgl.h"
#else
#include "lvgl.h"
#endif

#ifndef TRAVEL_UI_FONT_24
#define TRAVEL_UI_FONT_24 1
#endif

#if TRAVEL_UI_FONT_24

/*-----------------
 *    BITMAPS
 *----------------*/

/*Store the image of the glyphs*/
static LV_ATTRIBUTE_LARGE_CONST const uint8_t glyph_bitmap[] = {
    /* U+0020 " " */

    /* U+0021 "!" */
    0x3f, 0x4f, 0xd3, 0xf4, 0xfc, 0x3f, 0xf, 0xc3,
    0xf0, 0xfc, 0x2f, 0xb, 0xc2, 0xf0, 0xbc, 0x2f,
    0x6, 0x41, 0x91, 0xfe, 0xbf, 0xdf, 0xe2, 0xf0,

    /* U+0022 "\"" */
    0xbe, 0x7, 0xeb, 0xe0, 0xbf, 0xbe, 0xb, 0xfb,
    0xe0, 0x7f, 0x7e, 0x7, 0xe7, 0xd0, 0x7e, 0x7d,
    0x3, 0xd3, 0xc0, 0x3d, 0x3c, 0x3, 0xc0,

    /* U+0023 "#" */
    0x0, 0xf0, 0x2d, 0x0, 0x1e, 0x3, 0xd0, 0x1,
    0xe0, 0x3c, 0x0, 0x2d, 0x3, 0xc0, 0x7f, 0xff,
    0xff, 0xc7, 0xff, 0xff, 0xfc, 0x17, 0xd5, 0xb9,
    0x40, 0x3c, 0xb, 0x40, 0x3, 0xc0, 0xb4, 0x0,
    0x78, 0xf, 0x40, 0x7, 0x80, 0xf0, 0xf, 0xff,
    0xff, 0xf8, 0xff, 0xff, 0xff, 0x85, 0xf5, 0x5f,
    0x50, 0xf, 0x1, 0xe0, 0x0, 0xf0, 0x2e, 0x0,
    0xf, 0x2, 0xd0, 0x0, 0xf0, 0x2d, 0x0, 0x1e,
    0x3, 0xc0, 0x0,

    /* U+0024 "$" */
    0x0, 0x19, 0x0, 0x0, 0xb, 0xc0, 0x0, 0x2,
    0xf0, 0x0, 0x0, 0xbc, 0x0, 0x0, 0xbf, 0xd0,
    0x1, 0xff, 0xff, 0x1, 0xff, 0xff, 0xf0, 0xbf,
    0x0, 0xb0, 0x3f, 0x40, 0x0, 0xf, 0xd0, 0x0,
    0x2, 0xfc, 0x0, 0x0, 0x3f, 0xd0, 0x0, 0x7,
    0xff, 0x40, 0x0, 0x2f, 0xfd, 0x0, 0x0, 0xff,
    0xd0, 0x0, 0x7, 0xfc, 0x0, 0x0, 0x7f, 0x0,
    0x0, 0xf, 0xd0, 0x0, 0x3, 0xf0, 0xf8, 0x2,
    0xfc, 0x7f, 0xff, 0xfe, 0xb, 0xff, 0xfe, 0x0,
    0x2f, 0xf9, 0x0, 0x0, 0xbc, 0x0, 0x0, 0x2f,
    0x0, 0x0, 0xb, 0xc0, 0x0,

    /* U+0025 "%" */
    0x2, 0xfe, 0x0, 0x0, 0xb4, 0x0, 0xf, 0xff,
    0xc0, 0x1, 0xf0, 0x0, 0x2f, 0x47, 0xd0, 0x3,
    0xd0, 0x0, 0x3e, 0x2, 0xf0, 0x7, 0x80, 0x0,
    0x3d, 0x1, 0xf0, 0xf, 0x0, 0x0, 0x3d, 0x1,
    0xf0, 0x2e, 0x0, 0x0, 0x3d, 0x1, 0xf0, 0x3c,
    0x0, 0x0, 0x3e, 0x2, 0xf0, 0xb8, 0x2f, 0xd0,
    0x1f, 0x47, 0xd0, 0xf0, 0xff, 0xf4, 0xf, 0xff,
    0xc2, 0xd2, 0xf0, 0xbc, 0x2, 0xfe, 0x7, 0xc3,
    0xd0, 0x3e, 0x0, 0x0, 0xf, 0x43, 0xc0, 0x2e,
    0x0, 0x0, 0x1e, 0x7, 0xc0, 0x2f, 0x0, 0x0,
    0x3c, 0x7, 0xc0, 0x2f, 0x0, 0x0, 0x78, 0x3,
    0xc0, 0x2e, 0x0, 0x0, 0xf0, 0x3, 0xd0, 0x3e,
    0x0, 0x2, 0xe0, 0x2, 0xf4, 0xbc, 0x0, 0x3,
    0xc0, 0x0, 0xff, 0xf4, 0x0, 0xb, 0x40, 0x0,
    0x2f, 0xd0,

    /* U+0026 "&" */
    0x0, 0x1f, 0xf4, 0x0, 0x0, 0x2, 0xff, 0xf8,
    0x0, 0x0, 0xf, 0xd7, 0xf0, 0x0, 0x0, 0xbd,
    0x7, 0xd0, 0x0, 0x2, 0xf0, 0x1f, 0x40, 0x0,
    0xb, 0xc0, 0xfc, 0x0, 0x0, 0x1f, 0x8f, 0xd0,
    0x0, 0x0, 0x3f, 0xfd, 0x0, 0x0, 0x0, 0xbf,
    0xc0, 0x1, 0x50, 0xb, 0xfd, 0x0, 0x1f, 0xc0,
    0xff, 0xfd, 0x0, 0xbd, 0xb, 0xf2, 0xfd, 0x3,
    0xf0, 0x3f, 0x42, 0xfe, 0x3f, 0x40, 0xfc, 0x2,
    0xff, 0xfc, 0x3, 0xf4, 0x2, 0xff, 0xc0, 0xf,
    0xf0, 0x3, 0xff, 0xd0, 0x1f, 0xfe, 0xff, 0xff,
    0xf0, 0x2f, 0xff, 0xfc, 0x7f, 0xc0, 0xb, 0xfe,
    0x40, 0x1a, 0x0,

    /* U+0027 "'" */
    0xbe, 0xbe, 0xbe, 0xbe, 0x7e, 0x7d, 0x7d, 0x3c,
    0x3c,

    /* U+0028 "(" */
    0x0, 0x80, 0xb, 0xc0, 0x3e, 0x2, 0xf0, 0xf,
    0x80, 0x7d, 0x2, 0xf0, 0xf, 0xc0, 0x3e, 0x1,
    0xf4, 0xb, 0xc0, 0x2f, 0x0, 0xbc, 0x2, 0xf0,
    0xb, 0xc0, 0x2f, 0x0, 0xbc, 0x1, 0xf4, 0x7,
    0xd0, 0xf, 0x80, 0x3f, 0x0, 0xbc, 0x0, 0xf8,
    0x3, 0xf0, 0x7, 0xd0, 0xf, 0xc0, 0x1e, 0x0,
    0x0,

    /* U+0029 ")" */
    0x18, 0x1, 0xf0, 0x3, 0xe0, 0xb, 0xc0, 0xf,
    0x80, 0x3f, 0x0, 0x7c, 0x0, 0xf8, 0x3, 0xf0,
    0xf, 0xc0, 0x2f, 0x0, 0xbc, 0x2, 0xf4, 0xb,
    0xd0, 0x2f, 0x40, 0xbc, 0x2, 0xf0, 0xf, 0xc0,
    0x3f, 0x0, 0xf8, 0x7, 0xd0, 0x2f, 0x0, 0xf8,
    0x7, 0xd0, 0x3f, 0x1, 0xf4, 0x7, 0xc0, 0x0,
    0x0,

    /* U+002A "*" */
    0x0, 0xb4, 0x0, 0x2, 0xe0, 0x0, 0xb, 0x80,
    0x1f, 0xff, 0xfc, 0x7f, 0xff, 0xf0, 0x1f, 0xfd,
    0x0, 0x3f, 0xf0, 0x2, 0xfb, 0xd0, 0xf, 0x47,
    0xc0, 0x14, 0x8, 0x0,

    /* U+002B "+" */
    0x0, 0xb, 0x80, 0x0, 0x0, 0x3f, 0x0, 0x0,
    0x0, 0xfc, 0x0, 0x0, 0x3, 0xf0, 0x0, 0x0,
    0xf, 0xc0, 0x0, 0x0, 0x3f, 0x0, 0x3, 0xff,
    0xff, 0xff, 0xf, 0xff, 0xff, 0xfc, 0x15, 0x5f,
    0xd5, 0x50, 0x0, 0x3f, 0x0, 0x0, 0x0, 0xfc,
    0x0, 0x0, 0x3, 0xf0, 0x0, 0x0, 0xf, 0xc0,
    0x0, 0x0, 0x3f, 0x0, 0x0,

    /* U+002C "," */
    0x0, 0x2, 0xfc, 0x3f, 0xd3, 0xfe, 0x1f, 0xe0,
    0x2e, 0x3, 0xd0, 0xfc, 0x7f, 0x7, 0xc0, 0x10,
    0x0,

    /* U+002D "-" */
    0x6a, 0xa8, 0xff, 0xfc, 0xff, 0xfc,

    /* U+002E "." */
    0xa, 0x3, 0xfc, 0x3f, 0xc3, 0xfc, 0x1f, 0x40,

    /* U+002F "/" */
    0x0, 0x3, 0xd0, 0x0, 0x3c, 0x0, 0x7, 0xc0,
    0x0, 0xb8, 0x0, 0xf, 0x40, 0x1, 0xf0, 0x0,
    0x2f, 0x0, 0x3, 0xe0, 0x0, 0x3d, 0x0, 0x7,
    0xc0, 0x0, 0xb8, 0x0, 0xf, 0x40, 0x0, 0xf0,
    0x0, 0x1f, 0x0, 0x2, 0xe0, 0x0, 0x3d, 0x0,
    0x3, 0xc0, 0x0, 0x7c, 0x0, 0xb, 0x80, 0x0,
    0xf4, 0x0, 0xf, 0x0, 0x1, 0xf0, 0x0, 0x2e,
    0x0, 0x3, 0xd0, 0x0, 0x7c, 0x0, 0xb, 0xc0,
    0x0,

    /* U+0030 "0" */
    0x0, 0xbf, 0x80, 0x1, 0xff, 0xfd, 0x0, 0xff,
    0xbf, 0xd0, 0xbf, 0x2, 0xfc, 0x3f, 0x0, 0x3f,
    0x1f, 0xc0, 0xb, 0xdb, 0xe0, 0x2, 0xfa, 0xf4,
    0x0, 0x7f, 0xfd, 0x0, 0x1f, 0xff, 0x40, 0x7,
    0xff, 0xd0, 0x1, 0xfe, 0xf8, 0x0, 0x7f, 0xbe,
    0x0, 0x2f, 0x9f, 0xc0, 0xf, 0xd3, 0xf0, 0x3,
    0xf0, 0xbf, 0x3, 0xfc, 0xf, 0xff, 0xfc, 0x1,
    0xff, 0xfd, 0x0, 0xb, 0xf8, 0x0,

    /* U+0031 "1" */
    0x0, 0xbf, 0x0, 0x2f, 0xff, 0x0, 0x3f, 0xff,
    0x0, 0x2a, 0xff, 0x0, 0x0, 0xbf, 0x0, 0x0,
    0xbf, 0x0, 0x0, 0xbf, 0x0, 0x0, 0xbf, 0x0,
    0x0, 0xbf, 0x0, 0x0, 0xbf, 0x0, 0x0, 0xbf,
    0x0, 0x0, 0xbf, 0x0, 0x0, 0xbf, 0x0, 0x0,
    0xbf, 0x0, 0x0, 0xbf, 0x0, 0x0, 0xbf, 0x0,
    0xbf, 0xff, 0xfd, 0xff, 0xff, 0xfd, 0xff, 0xff,
    0xfd,

    /* U+0032 "2" */
    0x0, 0xbf, 0xe0, 0x0, 0x7f, 0xff, 0xc0, 0x2f,
    0xff, 0xff, 0x1, 0xf4, 0x7, 0xf8, 0x4, 0x0,
    0x2f, 0xc0, 0x0, 0x1, 0xfc, 0x0, 0x0, 0x1f,
    0xc0, 0x0, 0x2, 0xf8, 0x0, 0x0, 0x3f, 0x40,
    0x0, 0xb, 0xf0, 0x0, 0x1, 0xfc, 0x0, 0x0,
    0x3f, 0x40, 0x0, 0xf, 0xe0, 0x0, 0x3, 0xfc,
    0x0, 0x0, 0xff, 0x0, 0x0, 0x3f, 0xc0, 0x0,
    0x1f, 0xff, 0xff, 0xe3, 0xff, 0xff, 0xff, 0x3f,
    0xff, 0xff, 0xf0,

    /* U+0033 "3" */
    0x0, 0xbf, 0xe4, 0x0, 0xbf, 0xff, 0xe0, 0x1f,
    0xff, 0xff, 0x40, 0xb4, 0x3, 0xfc, 0x0, 0x0,
    0x1f, 0xc0, 0x0, 0x2, 0xfc, 0x0, 0x0, 0x7f,
    0x40, 0x2, 0xbf, 0xe0, 0x0, 0x7f, 0xf4, 0x0,
    0x7, 0xff, 0xe0, 0x0, 0x1, 0xbf, 0x80, 0x0,
    0x1, 0xfc, 0x0, 0x0, 0xf, 0xe0, 0x0, 0x0,
    0xfe, 0x8, 0x0, 0xf, 0xe2, 0xf4, 0x3, 0xfc,
    0x3f, 0xff, 0xff, 0x80, 0xff, 0xff, 0xe0, 0x1,
    0xbf, 0xe0, 0x0,

    /* U+0034 "4" */
    0x0, 0x1, 0xff, 0x0, 0x0, 0xf, 0xfc, 0x0,
    0x0, 0xbf, 0xf0, 0x0, 0x7, 0xef, 0xc0, 0x0,
    0x3f, 0x7f, 0x0, 0x2, 0xf8, 0xfc, 0x0, 0xf,
    0xc3, 0xf0, 0x0, 0xfd, 0xf, 0xc0, 0x7, 0xe0,
    0x3f, 0x0, 0x3f, 0x0, 0xfc, 0x2, 0xf4, 0x3,
    0xf0, 0x1f, 0xea, 0xaf, 0xe8, 0x7f, 0xff, 0xff,
    0xf5, 0xff, 0xff, 0xff, 0xd0, 0x0, 0x3, 0xf0,
    0x0, 0x0, 0xf, 0xc0, 0x0, 0x0, 0x3f, 0x0,
    0x0, 0x0, 0xfc, 0x0, 0x0, 0x3, 0xf0, 0x0,

    /* U+0035 "5" */
    0x7, 0xff, 0xff, 0xc0, 0x7f, 0xff, 0xfc, 0x7,
    0xff, 0xff, 0x80, 0x7e, 0x0, 0x0, 0xb, 0xe0,
    0x0, 0x0, 0xbd, 0x0, 0x0, 0xb, 0xef, 0xf4,
    0x0, 0xbf, 0xff, 0xf0, 0xb, 0xe6, 0xff, 0xc0,
    0x10, 0x2, 0xfc, 0x0, 0x0, 0xf, 0xe0, 0x0,
    0x0, 0xfe, 0x0, 0x0, 0xf, 0xe0, 0x0, 0x0,
    0xfe, 0x8, 0x0, 0x1f, 0xd2, 0xf4, 0x7, 0xfc,
    0x3f, 0xff, 0xff, 0x40, 0xff, 0xff, 0xd0, 0x1,
    0xbf, 0xe0, 0x0,

    /* U+0036 "6" */
    0x0, 0x2f, 0xf4, 0x0, 0xbf, 0xff, 0xc0, 0xbf,
    0xff, 0xf4, 0x3f, 0x80, 0x24, 0x2f, 0x80, 0x0,
    0xf, 0xc0, 0x0, 0x7, 0xf0, 0x54, 0x2, 0xf9,
    0xff, 0xe0, 0xbf, 0xff, 0xff, 0x2f, 0xf4, 0x1f,
    0xdb, 0xf0, 0x2, 0xfe, 0xf8, 0x0, 0x7f, 0x7e,
    0x0, 0xf, 0xcf, 0xc0, 0x3, 0xf3, 0xf4, 0x2,
    0xf8, 0x7f, 0x0, 0xfd, 0xf, 0xfa, 0xff, 0x0,
    0xff, 0xff, 0x0, 0x7, 0xfd, 0x0,

    /* U+0037 "7" */
    0xbf, 0xff, 0xff, 0xef, 0xff, 0xff, 0xfb, 0xff,
    0xff, 0xf8, 0x0, 0x1, 0xfc, 0x0, 0x0, 0xfc,
    0x0, 0x0, 0xbd, 0x0, 0x0, 0x3f, 0x0, 0x0,
    0x2f, 0x40, 0x0, 0xf, 0xc0, 0x0, 0x7, 0xe0,
    0x0, 0x3, 0xf4, 0x0, 0x0, 0xfc, 0x0, 0x0,
    0x7f, 0x0, 0x0, 0x1f, 0xc0, 0x0, 0xb, 0xe0,
    0x0, 0x3, 0xf8, 0x0, 0x0, 0xfe, 0x0, 0x0,
    0x3f, 0x40, 0x0, 0xf, 0xd0, 0x0,

    /* U+0038 "8" */
    0x1, 0xbf, 0xd0, 0x2, 0xff, 0xfe, 0x1, 0xfe,
    0x6f, 0xe0, 0xfe, 0x1, 0xfc, 0x3f, 0x0, 0x3f,
    0xf, 0xc0, 0xb, 0xc2, 0xf4, 0x3, 0xf0, 0x3f,
    0x40, 0xf4, 0x3, 0xfd, 0xf4, 0x0, 0xff, 0xfc,
    0x1, 0xf9, 0xbf, 0xd0, 0xfc, 0x2, 0xfc, 0xbd,
    0x0, 0x3f, 0xaf, 0x0, 0x7, 0xff, 0xd0, 0x1,
    0xfe, 0xfc, 0x0, 0xfe, 0x3f, 0xea, 0xff, 0x3,
    0xff, 0xff, 0x40, 0x1f, 0xfd, 0x0,

    /* U+0039 "9" */
    0x1, 0xff, 0x40, 0x3, 0xff, 0xfc, 0x3, 0xfe,
    0xbf, 0xc1, 0xfc, 0x3, 0xf8, 0xfd, 0x0, 0x3f,
    0x3f, 0x0, 0xf, 0xdf, 0xd0, 0x2, 0xfb, 0xf8,
    0x0, 0xfe, 0x7f, 0x41, 0xff, 0x8f, 0xff, 0xff,
    0xe0, 0xbf, 0xf5, 0xf8, 0x1, 0x50, 0xbe, 0x0,
    0x0, 0x3f, 0x40, 0x0, 0xf, 0xc0, 0x0, 0xb,
    0xf0, 0x74, 0xb, 0xf4, 0x7f, 0xff, 0xf8, 0xf,
    0xff, 0xf8, 0x0, 0x6f, 0xe0, 0x0,

    /* U+003A ":" */
    0x1f, 0x43, 0xfc, 0x3f, 0xc3, 0xfc, 0xa, 0x0,
    0x0, 0x0, 0x0, 0x0, 0x0, 0x0, 0x0, 0xa,
    0x3, 0xfc, 0x3f, 0xc3, 0xfc, 0x1f, 0x40,

    /* U+003B ";" */
    0x1f, 0x43, 0xfc, 0x3f, 0xc3, 0xfc, 0xa, 0x0,
    0x0, 0x0, 0x0, 0x0, 0x0, 0x0, 0x0, 0x0,
    0x2, 0xfc, 0x3f, 0xd3, 0xfe, 0x1f, 0xe0, 0x2e,
    0x3, 0xd0, 0xfc, 0x7f, 0x7, 0xc0, 0x10, 0x0,

    /* U+003C "<" */
    0x0, 0x0, 0x0, 0x0, 0x0, 0x0, 0x6, 0xc0,
    0x0, 0x1, 0xff, 0x0, 0x1, 0xbf, 0xfc, 0x0,
    0xbf, 0xfe, 0x0, 0x7f, 0xfe, 0x0, 0x3, 0xfe,
    0x40, 0x0, 0xf, 0xf4, 0x0, 0x0, 0x2f, 0xfe,
    0x40, 0x0, 0x6, 0xff, 0xe4, 0x0, 0x0, 0xbf,
    0xfe, 0x0, 0x0, 0x1b, 0xfc, 0x0, 0x0, 0x1,
    0xf0, 0x0, 0x0, 0x0, 0x40,

    /* U+003D "=" */
    0x3f, 0xff, 0xff, 0xf0, 0xff, 0xff, 0xff, 0xc1,
    0x55, 0x55, 0x55, 0x0, 0x0, 0x0, 0x0, 0x0,
    0x0, 0x0, 0x0, 0x0, 0x0, 0x0, 0x2, 0xaa,
    0xaa, 0xaa, 0xf, 0xff, 0xff, 0xfc, 0x3f, 0xff,
    0xff, 0xf0,

    /* U+003E ">" */
    0x0, 0x0, 0x0, 0x0, 0xe4, 0x0, 0x0, 0x3,
    0xfe, 0x0, 0x0, 0xf, 0xff, 0x90, 0x0, 0x1,
    0xff, 0xf8, 0x0, 0x0, 0x2f, 0xff, 0x40, 0x0,
    0x6, 0xff, 0x0, 0x0, 0x7, 0xfc, 0x0, 0x6,
    0xff, 0xe0, 0x6, 0xff, 0xf4, 0x2, 0xff, 0xf8,
    0x0, 0xf, 0xf9, 0x0, 0x0, 0x3e, 0x0, 0x0,
    0x0, 0x40, 0x0, 0x0, 0x0,

    /* U+003F "?" */
    0x6, 0xfe, 0x40, 0xbf, 0xff, 0x8b, 0xff, 0xff,
    0x4b, 0x0, 0xfe, 0x0, 0x2, 0xf8, 0x0, 0xb,
    0xe0, 0x0, 0x3f, 0x0, 0x3, 0xf4, 0x0, 0x3f,
    0x40, 0x3, 0xf8, 0x0, 0x1f, 0xc0, 0x0, 0x7e,
    0x0, 0x0, 0x54, 0x0, 0x0, 0x0, 0x0, 0xa,
    0x0, 0x0, 0xff, 0x0, 0x3, 0xfd, 0x0, 0xf,
    0xf0, 0x0, 0x1f, 0x40, 0x0,

    /* U+0040 "@" */
    0x0, 0x0, 0x1b, 0xff, 0x80, 0x0, 0x0, 0x2,
    0xff, 0xff, 0xf8, 0x0, 0x0, 0x1f, 0xf9, 0x5,
    0xff, 0x40, 0x0, 0xbf, 0x40, 0x0, 0x1f, 0xc0,
    0x1, 0xf8, 0x0, 0x0, 0x3, 0xf0, 0x7, 0xe0,
    0x0, 0x0, 0x0, 0xf4, 0xf, 0xc0, 0x0, 0x40,
    0x0, 0xb8, 0x1f, 0x40, 0x1f, 0xf7, 0xc0, 0x7c,
    0x3f, 0x0, 0xbf, 0xff, 0xc0, 0x3c, 0x3d, 0x1,
    0xfc, 0x2f, 0x80, 0x3c, 0x7c, 0x3, 0xf0, 0xf,
    0x40, 0x3d, 0x7c, 0x3, 0xd0, 0x1f, 0x0, 0x3c,
    0xbc, 0x7, 0xc0, 0x2f, 0x0, 0x3c, 0xbc, 0xb,
    0xc0, 0x2f, 0x0, 0xbc, 0x7c, 0xb, 0xc0, 0x3e,
    0x0, 0xf4, 0x7c, 0x7, 0xf5, 0xff, 0x7, 0xe0,
    0x3d, 0x3, 0xff, 0xdf, 0xff, 0xc0, 0x3e, 0x0,
    0xbe, 0x7, 0xfe, 0x0, 0x1f, 0x40, 0x0, 0x0,
    0x0, 0x0, 0xf, 0xc0, 0x0, 0x0, 0x0, 0x0,
    0x7, 0xf4, 0x0, 0x0, 0x0, 0x0, 0x1, 0xff,
    0x40, 0xb, 0x40, 0x0, 0x0, 0x3f, 0xff, 0xff,
    0x80, 0x0, 0x0, 0x2, 0xff, 0xf9, 0x0, 0x0,
    0x0, 0x0, 0x0, 0x0, 0x0, 0x0,

    /* U+0041 "A" */
    0x0, 0x3, 0xfd, 0x0, 0x0, 0x0, 0x7f, 0xe0,
    0x0, 0x0, 0xb, 0xff, 0x0, 0x0, 0x0, 0xfe,
    0xf4, 0x0, 0x0, 0x1f, 0x9f, 0x80, 0x0, 0x2,
    0xf4, 0xfc, 0x0, 0x0, 0x3f, 0xb, 0xd0, 0x0,
    0x7, 0xf0, 0x7e, 0x0, 0x0, 0xbd, 0x3, 0xf0,
    0x0, 0xf, 0xc0, 0x3f, 0x40, 0x0, 0xfc, 0x2,
    0xf8, 0x0, 0x2f, 0xff, 0xff, 0xc0, 0x3, 0xff,
    0xff, 0xfd, 0x0, 0x3f, 0xaa, 0xaf, 0xe0, 0xb,
    0xe0, 0x0, 0x7f, 0x0, 0xfd, 0x0, 0x3, 0xf4,
    0xf, 0xc0, 0x0, 0x3f, 0x82, 0xfc, 0x0, 0x2,
    0xfc, 0x3f, 0x80, 0x0, 0x1f, 0xd0,

    /* U+0042 "B" */
    0xbf, 0xff, 0xe4, 0x2, 0xff, 0xff, 0xfd, 0xb,
    0xfa, 0xbf, 0xfc, 0x2f, 0xc0, 0xb, 0xf4, 0xbf,
    0x0, 0xf, 0xd2, 0xfc, 0x0, 0x3f, 0x4b, 0xf0,
    0x2, 0xfc, 0x2f, 0xea, 0xbf, 0xc0, 0xbf, 0xff,
    0xfd, 0x2, 0xff, 0xff, 0xfe, 0xb, 0xf0, 0x1,
    0xff, 0x2f, 0xc0, 0x1, 0xfc, 0xbf, 0x0, 0x3,
    0xf6, 0xfc, 0x0, 0xf, 0xdb, 0xf0, 0x0, 0x3f,
    0x6f, 0xc0, 0x7, 0xfc, 0xbf, 0xab, 0xff, 0xd2,
    0xff, 0xff, 0xfd, 0xb, 0xff, 0xff, 0x40, 0x0,

    /* U+0043 "C" */
    0x0, 0xb, 0xfe, 0x0, 0x0, 0xbf, 0xff, 0xe0,
    0x3, 0xff, 0xff, 0xf8, 0xf, 0xfd, 0x2, 0xf0,
    0x1f, 0xe0, 0x0, 0x0, 0x3f, 0xc0, 0x0, 0x0,
    0x3f, 0x40, 0x0, 0x0, 0x7f, 0x0, 0x0, 0x0,
    0xbf, 0x0, 0x0, 0x0, 0xbf, 0x0, 0x0, 0x0,
    0xbf, 0x0, 0x0, 0x0, 0x7f, 0x0, 0x0, 0x0,
    0x3f, 0x40, 0x0, 0x0, 0x3f, 0xc0, 0x0, 0x0,
    0x1f, 0xe0, 0x0, 0x20, 0xf, 0xfd, 0x2, 0xf8,
    0x3, 0xff, 0xff, 0xfc, 0x0, 0xff, 0xff, 0xe0,
    0x0, 0x1b, 0xfe, 0x0,

    /* U+0044 "D" */
    0xbf, 0xff, 0x90, 0x2, 0xff, 0xff, 0xf4, 0xb,
    0xff, 0xff, 0xf8, 0x2f, 0xc0, 0x1f, 0xf4, 0xbf,
    0x0, 0xf, 0xf2, 0xfc, 0x0, 0x1f, 0xdb, 0xf0,
    0x0, 0x3f, 0xaf, 0xc0, 0x0, 0xbf, 0xbf, 0x0,
    0x2, 0xfe, 0xfc, 0x0, 0xb, 0xfb, 0xf0, 0x0,
    0x2f, 0xef, 0xc0, 0x0, 0xff, 0xbf, 0x0, 0x3,
    0xfa, 0xfc, 0x0, 0x1f, 0xdb, 0xf0, 0x0, 0xff,
    0x2f, 0xc0, 0x2f, 0xf4, 0xbf, 0xff, 0xff, 0x82,
    0xff, 0xff, 0xf4, 0xb, 0xff, 0xf9, 0x0, 0x0,

    /* U+0045 "E" */
    0xbf, 0xff, 0xff, 0x2f, 0xff, 0xff, 0xcb, 0xff,
    0xff, 0xf2, 0xfc, 0x0, 0x0, 0xbf, 0x0, 0x0,
    0x2f, 0xc0, 0x0, 0xb, 0xf0, 0x0, 0x2, 0xff,
    0xff, 0xe0, 0xbf, 0xff, 0xfc, 0x2f, 0xff, 0xff,
    0xb, 0xf0, 0x0, 0x2, 0xfc, 0x0, 0x0, 0xbf,
    0x0, 0x0, 0x2f, 0xc0, 0x0, 0xb, 0xf0, 0x0,
    0x2, 0xfc, 0x0, 0x0, 0xbf, 0xff, 0xff, 0x6f,
    0xff, 0xff, 0xdb, 0xff, 0xff, 0xf4,

    /* U+0046 "F" */
    0xbf, 0xff, 0xff, 0x2f, 0xff, 0xff, 0xcb, 0xff,
    0xff, 0xf2, 0xfc, 0x0, 0x0, 0xbf, 0x0, 0x0,
    0x2f, 0xc0, 0x0, 0xb, 0xf0, 0x0, 0x2, 0xfc,
    0x0, 0x0, 0xbf, 0xff, 0xfc, 0x2f, 0xff, 0xff,
    0xb, 0xff, 0xff, 0xc2, 0xfc, 0x0, 0x0, 0xbf,
    0x0, 0x0, 0x2f, 0xc0, 0x0, 0xb, 0xf0, 0x0,
    0x2, 0xfc, 0x0, 0x0, 0xbf, 0x0, 0x0, 0x2f,
    0xc0, 0x0, 0xb, 0xf0, 0x0, 0x0,

    /* U+0047 "G" */
    0x0, 0xb, 0xff, 0x40, 0x0, 0xbf, 0xff, 0xf4,
    0x3, 0xff, 0xff, 0xfc, 0xb, 0xfd, 0x1, 0xb4,
    0x1f, 0xe0, 0x0, 0x0, 0x3f, 0xc0, 0x0, 0x0,
    0x3f, 0x40, 0x0, 0x0, 0x7f, 0x0, 0x0, 0x0,
    0xbf, 0x0, 0x3f, 0xfe, 0xbf, 0x0, 0x3f, 0xfe,
    0xbf, 0x0, 0x3f, 0xfe, 0x7f, 0x0, 0x0, 0x7e,
    0x3f, 0x40, 0x0, 0x7e, 0x3f, 0xc0, 0x0, 0x7e,
    0x1f, 0xe0, 0x0, 0x7e, 0xf, 0xfd, 0x1, 0xfe,
    0x3, 0xff, 0xff, 0xfe, 0x0, 0xbf, 0xff, 0xf8,
    0x0, 0xb, 0xff, 0x80,

    /* U+0048 "H" */
    0xbf, 0x0, 0x1, 0xfc, 0xbf, 0x0, 0x1, 0xfc,
    0xbf, 0x0, 0x1, 0xfc, 0xbf, 0x0, 0x1, 0xfc,
    0xbf, 0x0, 0x1, 0xfc, 0xbf, 0x0, 0x1, 0xfc,
    0xbf, 0x0, 0x1, 0xfc, 0xbf, 0xff, 0xff, 0xfc,
    0xbf, 0xff, 0xff, 0xfc, 0xbf, 0xff, 0xff, 0xfc,
    0xbf, 0x0, 0x1, 0xfc, 0xbf, 0x0, 0x1, 0xfc,
    0xbf, 0x0, 0x1, 0xfc, 0xbf, 0x0, 0x1, 0xfc,
    0xbf, 0x0, 0x1, 0xfc, 0xbf, 0x0, 0x1, 0xfc,
    0xbf, 0x0, 0x1, 0xfc, 0xbf, 0x0, 0x1, 0xfc,
    0xbf, 0x0, 0x1, 0xfc,

    /* U+0049 "I" */
    0xbf, 0xbf, 0xbf, 0xbf, 0xbf, 0xbf, 0xbf, 0xbf,
    0xbf, 0xbf, 0xbf, 0xbf, 0xbf, 0xbf, 0xbf, 0xbf,
    0xbf, 0xbf, 0xbf,

    /* U+004A "J" */
    0x0, 0x0, 0x3f, 0x0, 0x0, 0xf, 0xc0, 0x0,
    0x3, 0xf0, 0x0, 0x0, 0xfc, 0x0, 0x0, 0x3f,
    0x0, 0x0, 0xf, 0xc0, 0x0, 0x3, 0xf0, 0x0,
    0x0, 0xfc, 0x0, 0x0, 0x3f, 0x0, 0x0, 0xf,
    0xc0, 0x0, 0x3, 0xf0, 0x0, 0x0, 0xfc, 0x0,
    0x0, 0x3f, 0x0, 0x0, 0x1f, 0xc0, 0x90, 0xb,
    0xf0, 0xfd, 0x7, 0xf8, 0x3f, 0xff, 0xfd, 0x3,
    0xff, 0xfd, 0x0, 0x1f, 0xf9, 0x0,

    /* U+004B "K" */
    0xbf, 0x0, 0xb, 0xf0, 0xbf, 0x0, 0x1f, 0xd0,
    0xbf, 0x0, 0x3f, 0x80, 0xbf, 0x0, 0xff, 0x0,
    0xbf, 0x3, 0xfc, 0x0, 0xbf, 0xb, 0xf0, 0x0,
    0xbf, 0x1f, 0xd0, 0x0, 0xbf, 0x3f, 0xc0, 0x0,
    0xbf, 0xff, 0xd0, 0x0, 0xbf, 0xff, 0xf0, 0x0,
    0xbf, 0xf7, 0xf8, 0x0, 0xbf, 0xd2, 0xfc, 0x0,
    0xbf, 0x80, 0xfe, 0x0, 0xbf, 0x0, 0x7f, 0x40,
    0xbf, 0x0, 0x3f, 0xc0, 0xbf, 0x0, 0xf, 0xd0,
    0xbf, 0x0, 0xb, 0xf0, 0xbf, 0x0, 0x3, 0xf8,
    0xbf, 0x0, 0x1, 0xfd,

    /* U+004C "L" */
    0xbf, 0x0, 0x0, 0xbf, 0x0, 0x0, 0xbf, 0x0,
    0x0, 0xbf, 0x0, 0x0, 0xbf, 0x0, 0x0, 0xbf,
    0x0, 0x0, 0xbf, 0x0, 0x0, 0xbf, 0x0, 0x0,
    0xbf, 0x0, 0x0, 0xbf, 0x0, 0x0, 0xbf, 0x0,
    0x0, 0xbf, 0x0, 0x0, 0xbf, 0x0, 0x0, 0xbf,
    0x0, 0x0, 0xbf, 0x0, 0x0, 0xbf, 0x0, 0x0,
    0xbf, 0xff, 0xff, 0xbf, 0xff, 0xff, 0xbf, 0xff,
    0xff,

    /* U+004D "M" */
    0xbf, 0x40, 0x0, 0x2f, 0xdb, 0xfc, 0x0, 0x3,
    0xfd, 0xbf, 0xc0, 0x0, 0x7f, 0xdb, 0xfe, 0x0,
    0xb, 0xfd, 0xbf, 0xf0, 0x0, 0xff, 0xdb, 0xef,
    0x40, 0x1f, 0xbd, 0xbd, 0xf8, 0x3, 0xf7, 0xdb,
    0xdb, 0xc0, 0x3e, 0xbd, 0xbd, 0x7d, 0x7, 0xcb,
    0xdb, 0xe3, 0xf0, 0xfc, 0xbd, 0xbe, 0x2f, 0xf,
    0x4b, 0xdb, 0xe0, 0xf5, 0xf0, 0xbd, 0xbe, 0xf,
    0xfe, 0xb, 0xdb, 0xe0, 0xbf, 0xd0, 0xbd, 0xbe,
    0x3, 0xfc, 0xb, 0xdb, 0xe0, 0x3f, 0x80, 0xbd,
    0xbe, 0x1, 0xf0, 0xb, 0xdb, 0xe0, 0x0, 0x0,
    0xbd, 0xbe, 0x0, 0x0, 0xb, 0xd0,

    /* U+004E "N" */
    0xbf, 0x0, 0x1, 0xfe, 0xff, 0x0, 0x7, 0xfb,
    0xfd, 0x0, 0x1f, 0xef, 0xfc, 0x0, 0x7f, 0xbf,
    0xf4, 0x1, 0xfe, 0xf7, 0xf0, 0x7, 0xfb, 0xdb,
    0xe0, 0x1f, 0xef, 0x8f, 0xc0, 0x7f, 0xbe, 0x2f,
    0x81, 0xfe, 0xf8, 0x3f, 0x47, 0xfb, 0xe0, 0x7f,
    0x1f, 0xef, 0x80, 0xfd, 0x7f, 0xbe, 0x1, 0xfc,
    0xfe, 0xf8, 0x2, 0xf7, 0xfb, 0xe0, 0x3, 0xff,
    0xef, 0x80, 0xb, 0xff, 0xbe, 0x0, 0xf, 0xfe,
    0xf8, 0x0, 0x2f, 0xfb, 0xe0, 0x0, 0x3f, 0xc0,

    /* U+004F "O" */
    0x0, 0x1b, 0xfe, 0x40, 0x0, 0xf, 0xff, 0xfe,
    0x0, 0x3, 0xff, 0xff, 0xfc, 0x0, 0xff, 0x80,
    0x7f, 0xf0, 0x2f, 0xe0, 0x0, 0xbf, 0x43, 0xfc,
    0x0, 0x3, 0xfc, 0x3f, 0x40, 0x0, 0x2f, 0xc7,
    0xf0, 0x0, 0x1, 0xfc, 0xbf, 0x0, 0x0, 0xf,
    0xdb, 0xf0, 0x0, 0x0, 0xfd, 0xbf, 0x0, 0x0,
    0xf, 0xd7, 0xf0, 0x0, 0x1, 0xfc, 0x3f, 0x40,
    0x0, 0x2f, 0xc3, 0xfc, 0x0, 0x3, 0xf8, 0x1f,
    0xe0, 0x0, 0xbf, 0x40, 0xff, 0x90, 0x7f, 0xe0,
    0x3, 0xff, 0xff, 0xfc, 0x0, 0xf, 0xff, 0xfe,
    0x0, 0x0, 0x1b, 0xfe, 0x40, 0x0,

    /* U+0050 "P" */
    0xbf, 0xff, 0xe4, 0xb, 0xff, 0xff, 0xf0, 0xbf,
    0xff, 0xff, 0xcb, 0xf0, 0x2, 0xfe, 0xbf, 0x0,
    0xb, 0xfb, 0xf0, 0x0, 0x7f, 0xbf, 0x0, 0xb,
    0xfb, 0xf0, 0x0, 0xfe, 0xbf, 0x0, 0x7f, 0xdb,
    0xff, 0xff, 0xf8, 0xbf, 0xff, 0xfe, 0xb, 0xff,
    0xe9, 0x0, 0xbf, 0x0, 0x0, 0xb, 0xf0, 0x0,
    0x0, 0xbf, 0x0, 0x0, 0xb, 0xf0, 0x0, 0x0,
    0xbf, 0x0, 0x0, 0xb, 0xf0, 0x0, 0x0, 0xbf,
    0x0, 0x0, 0x0,

    /* U+0051 "Q" */
    0x0, 0x1b, 0xfe, 0x40, 0x0, 0x3, 0xff, 0xff,
    0x80, 0x0, 0x3f, 0xff, 0xff, 0xc0, 0x3, 0xfe,
    0x1, 0xff, 0xc0, 0x2f, 0xe0, 0x0, 0xbf, 0x40,
    0xff, 0x0, 0x0, 0xff, 0x3, 0xf4, 0x0, 0x2,
    0xfc, 0x1f, 0xc0, 0x0, 0x7, 0xf0, 0xbf, 0x0,
    0x0, 0xf, 0xd2, 0xfc, 0x0, 0x0, 0x3f, 0x4b,
    0xf0, 0x0, 0x0, 0xfd, 0x1f, 0xc0, 0x0, 0x7,
    0xf0, 0x3f, 0x40, 0x0, 0x2f, 0xc0, 0xff, 0x0,
    0x0, 0xfe, 0x1, 0xfd, 0x0, 0xb, 0xf4, 0x3,
    0xfe, 0x0, 0xbf, 0x80, 0x3, 0xff, 0xff, 0xfc,
    0x0, 0x3, 0xff, 0xff, 0x80, 0x0, 0x1, 0xbf,
    0xe4, 0x0, 0x0, 0x0, 0x7f, 0x80, 0x0, 0x0,
    0x0, 0xbf, 0x90, 0x0, 0x0, 0x0, 0xff, 0xff,
    0x80, 0x0, 0x0, 0xbf, 0xff, 0x0, 0x0, 0x0,
    0x1b, 0xe4,

    /* U+0052 "R" */
    0xbf, 0xff, 0xe4, 0x2, 0xff, 0xff, 0xfd, 0xb,
    0xff, 0xff, 0xfc, 0x2f, 0xc0, 0x7, 0xf8, 0xbf,
    0x0, 0xb, 0xf2, 0xfc, 0x0, 0x1f, 0xcb, 0xf0,
    0x0, 0x7f, 0x2f, 0xc0, 0x3, 0xfc, 0xbf, 0x0,
    0x7f, 0xd2, 0xff, 0xff, 0xff, 0xb, 0xff, 0xff,
    0xe0, 0x2f, 0xff, 0xfd, 0x0, 0xbf, 0x3, 0xfc,
    0x2, 0xfc, 0x3, 0xf8, 0xb, 0xf0, 0xb, 0xf0,
    0x2f, 0xc0, 0xf, 0xe0, 0xbf, 0x0, 0x2f, 0xd2,
    0xfc, 0x0, 0x3f, 0xcb, 0xf0, 0x0, 0x7f, 0x40,

    /* U+0053 "S" */
    0x0, 0x7f, 0xe4, 0x0, 0x7f, 0xff, 0xf4, 0xf,
    0xff, 0xff, 0xc2, 0xfd, 0x1, 0xf4, 0x3f, 0x80,
    0x1, 0x3, 0xf8, 0x0, 0x0, 0x3f, 0xc0, 0x0,
    0x1, 0xff, 0x90, 0x0, 0x7, 0xff, 0xe0, 0x0,
    0xf, 0xff, 0xe0, 0x0, 0xb, 0xff, 0xc0, 0x0,
    0x7, 0xfe, 0x0, 0x0, 0xf, 0xf0, 0x0, 0x0,
    0xbf, 0x18, 0x0, 0xf, 0xf7, 0xf9, 0x2, 0xfe,
    0x7f, 0xff, 0xff, 0xc1, 0xff, 0xff, 0xf0, 0x1,
    0xbf, 0xe4, 0x0,

    /* U+0054 "T" */
    0x3f, 0xff, 0xff, 0xfd, 0x3f, 0xff, 0xff, 0xfd,
    0x3f, 0xff, 0xff, 0xfd, 0x0, 0xb, 0xf0, 0x0,
    0x0, 0xb, 0xf0, 0x0, 0x0, 0xb, 0xf0, 0x0,
    0x0, 0xb, 0xf0, 0x0, 0x0, 0xb, 0xf0, 0x0,
    0x0, 0xb, 0xf0, 0x0, 0x0, 0xb, 0xf0, 0x0,
    0x0, 0xb, 0xf0, 0x0, 0x0, 0xb, 0xf0, 0x0,
    0x0, 0xb, 0xf0, 0x0, 0x0, 0xb, 0xf0, 0x0,
    0x0, 0xb, 0xf0, 0x0, 0x0, 0xb, 0xf0, 0x0,
    0x0, 0xb, 0xf0, 0x0, 0x0, 0xb, 0xf0, 0x0,
    0x0, 0xb, 0xf0, 0x0,

    /* U+0055 "U" */
    0xbf, 0x0, 0x1, 0xfe, 0xfc, 0x0, 0x7, 0xfb,
    0xf0, 0x0, 0x1f, 0xef, 0xc0, 0x0, 0x7f, 0xbf,
    0x0, 0x1, 0xfe, 0xfc, 0x0, 0x7, 0xfb, 0xf0,
    0x0, 0x1f, 0xef, 0xc0, 0x0, 0x7f, 0xbf, 0x0,
    0x1, 0xfe, 0xfc, 0x0, 0x7, 0xfb, 0xf0, 0x0,
    0x1f, 0xef, 0xc0, 0x0, 0x7f, 0xbf, 0x0, 0x2,
    0xfd, 0xfc, 0x0, 0xf, 0xe3, 0xf8, 0x0, 0x7f,
    0x4b, 0xf8, 0x7, 0xfc, 0xf, 0xff, 0xff, 0xd0,
    0xf, 0xff, 0xfd, 0x0, 0x7, 0xff, 0x80, 0x0,

    /* U+0056 "V" */
    0x3f, 0x80, 0x0, 0x3f, 0x8b, 0xf0, 0x0, 0xf,
    0xd1, 0xfc, 0x0, 0x7, 0xf0, 0x3f, 0x80, 0x2,
    0xfc, 0xb, 0xf0, 0x0, 0xfd, 0x1, 0xfc, 0x0,
    0x3f, 0x0, 0x3f, 0x40, 0x1f, 0xc0, 0xf, 0xe0,
    0xb, 0xe0, 0x1, 0xfc, 0x3, 0xf0, 0x0, 0x3f,
    0x1, 0xfc, 0x0, 0xf, 0xd0, 0xbe, 0x0, 0x2,
    0xfc, 0x3f, 0x40, 0x0, 0x3f, 0xf, 0xc0, 0x0,
    0xf, 0xd7, 0xe0, 0x0, 0x2, 0xfa, 0xf4, 0x0,
    0x0, 0x7f, 0xfc, 0x0, 0x0, 0xf, 0xfe, 0x0,
    0x0, 0x2, 0xff, 0x40, 0x0, 0x0, 0x7f, 0xc0,
    0x0,

    /* U+0057 "W" */
    0x7f, 0x0, 0xf, 0xd0, 0x1, 0xfc, 0xfd, 0x0,
    0x3f, 0x80, 0xb, 0xe3, 0xf4, 0x0, 0xff, 0x0,
    0x3f, 0x4f, 0xe0, 0x7, 0xfc, 0x0, 0xfd, 0x2f,
    0xc0, 0x2f, 0xf4, 0x3, 0xf0, 0x7f, 0x0, 0xfb,
    0xe0, 0x1f, 0xc0, 0xfc, 0x3, 0xdf, 0xc0, 0x7e,
    0x3, 0xf4, 0x1f, 0x2f, 0x2, 0xf8, 0xf, 0xe0,
    0xbc, 0x7d, 0xf, 0xd0, 0x2f, 0x83, 0xe0, 0xf8,
    0x3f, 0x0, 0x7f, 0xf, 0x83, 0xf0, 0xfc, 0x0,
    0xfc, 0x7d, 0xf, 0xc7, 0xe0, 0x3, 0xf2, 0xf0,
    0x2f, 0x5f, 0x80, 0xf, 0xdf, 0xc0, 0x7e, 0xbd,
    0x0, 0x2f, 0xbe, 0x0, 0xfa, 0xf0, 0x0, 0x7f,
    0xf4, 0x3, 0xff, 0xc0, 0x0, 0xff, 0xc0, 0xb,
    0xff, 0x0, 0x3, 0xff, 0x0, 0x1f, 0xf8, 0x0,
    0xf, 0xf8, 0x0, 0x3f, 0xd0, 0x0,

    /* U+0058 "X" */
    0x3f, 0xc0, 0x2, 0xfc, 0x1f, 0xd0, 0x3, 0xf4,
    0xf, 0xf0, 0xb, 0xf0, 0x7, 0xf4, 0xf, 0xd0,
    0x3, 0xfc, 0x2f, 0x80, 0x0, 0xfd, 0x3f, 0x0,
    0x0, 0xbf, 0xbe, 0x0, 0x0, 0x3f, 0xfc, 0x0,
    0x0, 0x2f, 0xf8, 0x0, 0x0, 0x1f, 0xf0, 0x0,
    0x0, 0x3f, 0xf8, 0x0, 0x0, 0x7f, 0xfd, 0x0,
    0x0, 0xfc, 0xbf, 0x0, 0x2, 0xfc, 0x3f, 0x40,
    0x3, 0xf4, 0x2f, 0xc0, 0xb, 0xf0, 0xf, 0xe0,
    0xf, 0xd0, 0xb, 0xf0, 0x3f, 0xc0, 0x3, 0xf8,
    0x7f, 0x40, 0x2, 0xfc,

    /* U+0059 "Y" */
    0x3f, 0x80, 0x0, 0xfe, 0x1f, 0xc0, 0x1, 0xfc,
    0xf, 0xe0, 0x3, 0xf8, 0x7, 0xf0, 0x3, 0xf0,
    0x3, 0xf4, 0xb, 0xe0, 0x1, 0xfc, 0xf, 0xc0,
    0x0, 0xfd, 0x1f, 0x80, 0x0, 0xbe, 0x3f, 0x0,
    0x0, 0x3f, 0x7e, 0x0, 0x0, 0x2f, 0xfd, 0x0,
    0x0, 0xf, 0xfc, 0x0, 0x0, 0xb, 0xf4, 0x0,
    0x0, 0x7, 0xf0, 0x0, 0x0, 0x7, 0xf0, 0x0,
    0x0, 0x7, 0xf0, 0x0, 0x0, 0x7, 0xf0, 0x0,
    0x0, 0x7, 0xf0, 0x0, 0x0, 0x7, 0xf0, 0x0,
    0x0, 0x7, 0xf0, 0x0,

    /* U+005A "Z" */
    0x3f, 0xff, 0xff, 0xe3, 0xff, 0xff, 0xfe, 0x3f,
    0xff, 0xff, 0xd0, 0x0, 0x3, 0xf8, 0x0, 0x0,
    0xbf, 0x0, 0x0, 0x1f, 0xd0, 0x0, 0x3, 0xf8,
    0x0, 0x0, 0xbf, 0x0, 0x0, 0x1f, 0xd0, 0x0,
    0x3, 0xfc, 0x0, 0x0, 0xbf, 0x0, 0x0, 0xf,
    0xd0, 0x0, 0x3, 0xfc, 0x0, 0x0, 0xbf, 0x0,
    0x0, 0xf, 0xd0, 0x0, 0x3, 0xfc, 0x0, 0x0,
    0xbf, 0xff, 0xff, 0xef, 0xff, 0xff, 0xff, 0xff,
    0xff, 0xff, 0xf0,

    /* U+005B "[" */
    0x7f, 0xf5, 0xff, 0xd7, 0xc0, 0x1f, 0x0, 0x7c,
    0x1, 0xf0, 0x7, 0xc0, 0x1f, 0x0, 0x7c, 0x1,
    0xf0, 0x7, 0xc0, 0x1f, 0x0, 0x7c, 0x1, 0xf0,
    0x7, 0xc0, 0x1f, 0x0, 0x7c, 0x1, 0xf0, 0x7,
    0xc0, 0x1f, 0x0, 0x7c, 0x1, 0xf0, 0x7, 0xc0,
    0x1f, 0x0, 0x7f, 0xf5, 0xff, 0xd0,

    /* U+005C "\\" */
    0x3c, 0x0, 0x3, 0xd0, 0x0, 0x2e, 0x0, 0x1,
    0xf0, 0x0, 0xf, 0x0, 0x0, 0xf4, 0x0, 0xb,
    0x80, 0x0, 0x7c, 0x0, 0x3, 0xc0, 0x0, 0x3d,
    0x0, 0x2, 0xe0, 0x0, 0x1f, 0x0, 0x0, 0xf0,
    0x0, 0xf, 0x40, 0x0, 0xbc, 0x0, 0x7, 0xc0,
    0x0, 0x3d, 0x0, 0x3, 0xe0, 0x0, 0x2f, 0x0,
    0x0, 0xf0, 0x0, 0xf, 0x40, 0x0, 0xb8, 0x0,
    0x7, 0xc0, 0x0, 0x3c, 0x0, 0x3, 0xd0, 0x0,
    0x2e,

    /* U+005D "]" */
    0xff, 0xfb, 0xff, 0x2, 0xf0, 0x2f, 0x2, 0xf0,
    0x2f, 0x2, 0xf0, 0x2f, 0x2, 0xf0, 0x2f, 0x2,
    0xf0, 0x2f, 0x2, 0xf0, 0x2f, 0x2, 0xf0, 0x2f,
    0x2, 0xf0, 0x2f, 0x2, 0xf0, 0x2f, 0x2, 0xf0,
    0x2f, 0x2, 0xf0, 0x2f, 0xff, 0xff, 0xff,

    /* U+005E "^" */
    0x0, 0x1a, 0x0, 0x0, 0x1f, 0xd0, 0x0, 0xb,
    0xfc, 0x0, 0x3, 0xff, 0x0, 0x1, 0xf7, 0xe0,
    0x0, 0xfc, 0xfc, 0x0, 0x3d, 0x1f, 0x40, 0x2f,
    0x3, 0xe0, 0xf, 0xc0, 0xbc, 0x7, 0xd0, 0x1f,
    0x43, 0xf0, 0x3, 0xf0, 0xf8, 0x0, 0xbd,

    /* U+005F "_" */
    0x0, 0x0, 0x0, 0x2, 0xff, 0xff, 0xff, 0xdb,
    0xff, 0xff, 0xff, 0x40,

    /* U+0060 "`" */
    0x8, 0x0, 0xf8, 0xb, 0xf4, 0xb, 0xf4, 0xb,
    0xf0, 0x7, 0xd0, 0x6, 0x0,

    /* U+0061 "a" */
    0x1, 0xbf, 0xd0, 0x7, 0xff, 0xfe, 0x2, 0xff,
    0xff, 0xd0, 0x34, 0x3, 0xfc, 0x0, 0x0, 0x7f,
    0x0, 0x0, 0x6f, 0xc0, 0x1b, 0xff, 0xf4, 0x3f,
    0xfe, 0xfd, 0x3f, 0xd0, 0x3f, 0x5f, 0xc0, 0xf,
    0xdb, 0xe0, 0x3, 0xf6, 0xfc, 0x7, 0xfd, 0x7f,
    0xff, 0xff, 0x4b, 0xff, 0xef, 0xd0, 0x7f, 0x82,
    0xf4,

    /* U+0062 "b" */
    0xfe, 0x0, 0x0, 0xf, 0xe0, 0x0, 0x0, 0xfe,
    0x0, 0x0, 0xf, 0xe0, 0x0, 0x0, 0xfe, 0x0,
    0x0, 0xf, 0xe0, 0x0, 0x0, 0xfe, 0x2f, 0xe0,
    0xf, 0xef, 0xff, 0xd0, 0xff, 0xff, 0xff, 0xf,
    0xf8, 0x7, 0xf8, 0xfe, 0x0, 0x2f, 0xcf, 0xe0,
    0x1, 0xfc, 0xfe, 0x0, 0xf, 0xdf, 0xe0, 0x0,
    0xfd, 0xfe, 0x0, 0x1f, 0xcf, 0xe0, 0x1, 0xfc,
    0xfe, 0x0, 0x3f, 0xcf, 0xf4, 0xb, 0xf4, 0xff,
    0xff, 0xff, 0xf, 0xef, 0xff, 0xc0, 0xfc, 0x2f,
    0xd0, 0x0,

    /* U+0063 "c" */
    0x0, 0x6f, 0xe0, 0x3, 0xff, 0xfd, 0xf, 0xff,
    0xfc, 0x3f, 0xe0, 0x14, 0x7f, 0x80, 0x0, 0xbf,
    0x0, 0x0, 0xbf, 0x0, 0x0, 0xfe, 0x0, 0x0,
    0xbf, 0x0, 0x0, 0xbf, 0x0, 0x0, 0x7f, 0x80,
    0x0, 0x3f, 0xd0, 0x18, 0xf, 0xff, 0xfd, 0x7,
    0xff, 0xfd, 0x0, 0xbf, 0xe0,

    /* U+0064 "d" */
    0x0, 0x0, 0xf, 0xd0, 0x0, 0x0, 0xfd, 0x0,
    0x0, 0xf, 0xd0, 0x0, 0x0, 0xfd, 0x0, 0x0,
    0xf, 0xd0, 0x0, 0x0, 0xfd, 0x0, 0xbf, 0x8f,
    0xd0, 0x7f, 0xff, 0xfd, 0x1f, 0xff, 0xff, 0xd3,
    0xfd, 0x2, 0xfd, 0x7f, 0x40, 0xf, 0xdb, 0xf0,
    0x0, 0xfd, 0xbf, 0x0, 0xf, 0xdb, 0xf0, 0x0,
    0xfd, 0xbf, 0x0, 0xf, 0xdb, 0xf0, 0x0, 0xfd,
    0x7f, 0x40, 0xf, 0xd3, 0xfd, 0x3, 0xfd, 0x1f,
    0xff, 0xff, 0xd0, 0xbf, 0xff, 0xbd, 0x1, 0xff,
    0x47, 0xd0,

    /* U+0065 "e" */
    0x0, 0xbf, 0xd0, 0x0, 0xff, 0xff, 0x0, 0xff,
    0xbf, 0xe0, 0xfe, 0x0, 0xfc, 0x7f, 0x0, 0x1f,
    0xaf, 0x80, 0x3, 0xeb, 0xff, 0xff, 0xff, 0xff,
    0xff, 0xff, 0xbe, 0x55, 0x55, 0x2f, 0xc0, 0x0,
    0x7, 0xf4, 0x0, 0x0, 0xff, 0x40, 0x10, 0xf,
    0xfe, 0xbf, 0x0, 0xff, 0xff, 0xc0, 0x7, 0xfe,
    0x40,

    /* U+0066 "f" */
    0x0, 0x2f, 0xe0, 0x3, 0xff, 0xc0, 0x3f, 0xfe,
    0x0, 0xfe, 0x0, 0x3, 0xf0, 0x0, 0x1f, 0xc0,
    0x3, 0xff, 0xfc, 0xf, 0xff, 0xf0, 0x2f, 0xfe,
    0x80, 0x1f, 0xc0, 0x0, 0x7f, 0x0, 0x1, 0xfc,
    0x0, 0x7, 0xf0, 0x0, 0x1f, 0xc0, 0x0, 0x7f,
    0x0, 0x1, 0xfc, 0x0, 0x7, 0xf0, 0x0, 0x1f,
    0xc0, 0x0, 0x7f, 0x0, 0x1, 0xfc, 0x0, 0x7,
    0xf0, 0x0,

    /* U+0067 "g" */
    0x1, 0xbf, 0xff, 0xe0, 0xff, 0xff, 0xfe, 0x2f,
    0xe6, 0xfe, 0x93, 0xf4, 0xb, 0xe0, 0x7f, 0x0,
    0x3f, 0x7, 0xf0, 0x3, 0xf0, 0x3f, 0x0, 0xbe,
    0x2, 0xfd, 0x1f, 0xc0, 0xf, 0xff, 0xf4, 0x0,
    0xff, 0xf8, 0x0, 0x3f, 0x0, 0x0, 0x3, 0xf0,
    0x0, 0x0, 0x3f, 0xea, 0xa9, 0x1, 0xff, 0xff,
    0xfc, 0x1f, 0xff, 0xff, 0xe7, 0xd0, 0x0, 0xff,
    0xbc, 0x0, 0x7, 0xff, 0xd0, 0x0, 0xfe, 0xbf,
    0x91, 0x7f, 0xc3, 0xff, 0xff, 0xe0, 0x6, 0xff,
    0xe0, 0x0,

    /* U+0068 "h" */
    0xfe, 0x0, 0x0, 0x3f, 0x80, 0x0, 0xf, 0xe0,
    0x0, 0x3, 0xf8, 0x0, 0x0, 0xfe, 0x0, 0x0,
    0x3f, 0x80, 0x0, 0xf, 0xe1, 0xff, 0x43, 0xf6,
    0xff, 0xf4, 0xff, 0xff, 0xff, 0x3f, 0xf4, 0x2f,
    0xcf, 0xf0, 0x3, 0xf7, 0xf8, 0x0, 0xfd, 0xfe,
    0x0, 0x3f, 0x7f, 0x80, 0xf, 0xdf, 0xe0, 0x3,
    0xf7, 0xf8, 0x0, 0xfd, 0xfe, 0x0, 0x3f, 0x7f,
    0x80, 0xf, 0xdf, 0xe0, 0x3, 0xf7, 0xf8, 0x0,
    0xfd, 0xfe, 0x0, 0x3f, 0x40,

    /* U+0069 "i" */
    0x1f, 0x4f, 0xf3, 0xfc, 0x7c, 0x0, 0x0, 0x3,
    0xf8, 0xfe, 0x3f, 0x8f, 0xe3, 0xf8, 0xfe, 0x3f,
    0x8f, 0xe3, 0xf8, 0xfe, 0x3f, 0x8f, 0xe3, 0xf8,
    0xfe, 0x3f, 0x80,

    /* U+006A "j" */
    0x0, 0x7d, 0x0, 0xff, 0x0, 0xff, 0x0, 0x7c,
    0x0, 0x0, 0x0, 0x0, 0x0, 0xfe, 0x0, 0xfe,
    0x0, 0xfe, 0x0, 0xfe, 0x0, 0xfe, 0x0, 0xfe,
    0x0, 0xfe, 0x0, 0xfe, 0x0, 0xfe, 0x0, 0xfe,
    0x0, 0xfe, 0x0, 0xfe, 0x0, 0xfe, 0x0, 0xfe,
    0x0, 0xfe, 0x0, 0xfe, 0x0, 0xfe, 0x0, 0xfd,
    0x2f, 0xfc, 0x3f, 0xf8, 0x3f, 0xd0,

    /* U+006B "k" */
    0xfe, 0x0, 0x0, 0xf, 0xe0, 0x0, 0x0, 0xfe,
    0x0, 0x0, 0xf, 0xe0, 0x0, 0x0, 0xfe, 0x0,
    0x0, 0xf, 0xe0, 0x0, 0x0, 0xfe, 0x0, 0xbf,
    0x4f, 0xe0, 0x1f, 0xd0, 0xfe, 0x3, 0xf8, 0xf,
    0xe0, 0xff, 0x0, 0xfe, 0x2f, 0xc0, 0xf, 0xe7,
    0xf0, 0x0, 0xfe, 0xff, 0x0, 0xf, 0xff, 0xf8,
    0x0, 0xff, 0xff, 0xc0, 0xf, 0xfc, 0xbf, 0x0,
    0xff, 0x3, 0xf4, 0xf, 0xe0, 0x2f, 0xc0, 0xfe,
    0x0, 0xfe, 0xf, 0xe0, 0x7, 0xf0, 0xfe, 0x0,
    0x3f, 0xc0,

    /* U+006C "l" */
    0xfe, 0xf, 0xe0, 0xfe, 0xf, 0xe0, 0xfe, 0xf,
    0xe0, 0xfe, 0xf, 0xe0, 0xfe, 0xf, 0xe0, 0xfe,
    0xf, 0xe0, 0xfe, 0xf, 0xe0, 0xfe, 0xf, 0xe0,
    0xfe, 0xf, 0xe0, 0xbf, 0x87, 0xfc, 0x1f, 0xc0,

    /* U+006D "m" */
    0xfc, 0x1f, 0xe0, 0xb, 0xf8, 0x3f, 0x3f, 0xff,
    0xf, 0xff, 0x8f, 0xff, 0xff, 0xff, 0xff, 0xf3,
    0xff, 0x43, 0xff, 0x81, 0xfe, 0xff, 0x0, 0x7f,
    0x40, 0x3f, 0xbf, 0x80, 0x1f, 0xc0, 0xb, 0xff,
    0xe0, 0x3, 0xf0, 0x2, 0xff, 0xf8, 0x0, 0xfc,
    0x0, 0xbf, 0xfe, 0x0, 0x3f, 0x0, 0x2f, 0xff,
    0x80, 0xf, 0xc0, 0xb, 0xff, 0xe0, 0x3, 0xf0,
    0x2, 0xff, 0xf8, 0x0, 0xfc, 0x0, 0xbf, 0xfe,
    0x0, 0x3f, 0x0, 0x2f, 0xff, 0x80, 0xf, 0xc0,
    0xb, 0xff, 0xe0, 0x3, 0xf0, 0x2, 0xfc,

    /* U+006E "n" */
    0xfc, 0x1f, 0xf4, 0x3f, 0x2f, 0xff, 0x4f, 0xff,
    0xff, 0xf3, 0xff, 0x42, 0xfc, 0xff, 0x0, 0x3f,
    0x7f, 0x80, 0xf, 0xdf, 0xe0, 0x3, 0xf7, 0xf8,
    0x0, 0xfd, 0xfe, 0x0, 0x3f, 0x7f, 0x80, 0xf,
    0xdf, 0xe0, 0x3, 0xf7, 0xf8, 0x0, 0xfd, 0xfe,
    0x0, 0x3f, 0x7f, 0x80, 0xf, 0xdf, 0xe0, 0x3,
    0xf4,

    /* U+006F "o" */
    0x0, 0x7f, 0xe0, 0x0, 0x3f, 0xff, 0xd0, 0xf,
    0xff, 0xff, 0x43, 0xfd, 0x3, 0xfc, 0x7f, 0x40,
    0xf, 0xdb, 0xf0, 0x0, 0xfe, 0xbf, 0x0, 0xb,
    0xff, 0xe0, 0x0, 0xbf, 0xbf, 0x0, 0xb, 0xfb,
    0xf0, 0x0, 0xfe, 0x7f, 0x40, 0xf, 0xd3, 0xfd,
    0x3, 0xfc, 0xf, 0xff, 0xff, 0x40, 0x3f, 0xff,
    0xd0, 0x0, 0x7f, 0xe0, 0x0,

    /* U+0070 "p" */
    0xfc, 0x2f, 0xe0, 0xf, 0xef, 0xff, 0xd0, 0xff,
    0xff, 0xff, 0xf, 0xf8, 0x7, 0xf8, 0xfe, 0x0,
    0x2f, 0xcf, 0xe0, 0x1, 0xfc, 0xfe, 0x0, 0xf,
    0xdf, 0xe0, 0x0, 0xfd, 0xfe, 0x0, 0x1f, 0xcf,
    0xe0, 0x1, 0xfc, 0xfe, 0x0, 0x3f, 0xcf, 0xf4,
    0xb, 0xf4, 0xff, 0xff, 0xff, 0xf, 0xff, 0xff,
    0xc0, 0xfe, 0x2f, 0xd0, 0xf, 0xe0, 0x0, 0x0,
    0xfe, 0x0, 0x0, 0xf, 0xe0, 0x0, 0x0, 0xfe,
    0x0, 0x0, 0xf, 0xe0, 0x0, 0x0, 0xfe, 0x0,
    0x0, 0x0,

    /* U+0071 "q" */
    0x0, 0xbf, 0x87, 0xd0, 0x7f, 0xff, 0xbd, 0x1f,
    0xff, 0xff, 0xd3, 0xfd, 0x2, 0xfd, 0x7f, 0x40,
    0xf, 0xdb, 0xf0, 0x0, 0xfd, 0xbf, 0x0, 0xf,
    0xdb, 0xf0, 0x0, 0xfd, 0xbf, 0x0, 0xf, 0xdb,
    0xf0, 0x0, 0xfd, 0x7f, 0x40, 0xf, 0xd3, 0xfd,
    0x3, 0xfd, 0x1f, 0xff, 0xff, 0xd0, 0xbf, 0xfe,
    0xfd, 0x1, 0xff, 0x4f, 0xd0, 0x0, 0x0, 0xfd,
    0x0, 0x0, 0xf, 0xd0, 0x0, 0x0, 0xfd, 0x0,
    0x0, 0xf, 0xd0, 0x0, 0x0, 0xfd, 0x0, 0x0,
    0xf, 0xd0,

    /* U+0072 "r" */
    0xfc, 0x1f, 0xcf, 0xcb, 0xfc, 0xfe, 0xff, 0x8f,
    0xfe, 0x0, 0xff, 0x40, 0xf, 0xf0, 0x0, 0xfe,
    0x0, 0xf, 0xe0, 0x0, 0xfe, 0x0, 0xf, 0xe0,
    0x0, 0xfe, 0x0, 0xf, 0xe0, 0x0, 0xfe, 0x0,
    0xf, 0xe0, 0x0, 0xfe, 0x0, 0x0,

    /* U+0073 "s" */
    0x0, 0xbf, 0xd0, 0x7, 0xff, 0xfc, 0xf, 0xfa,
    0xfc, 0x1f, 0xc0, 0x24, 0x1f, 0xc0, 0x0, 0xf,
    0xe0, 0x0, 0xb, 0xff, 0x40, 0x1, 0xff, 0xf4,
    0x0, 0x1f, 0xfc, 0x0, 0x1, 0xfe, 0x0, 0x0,
    0x7f, 0xd, 0x0, 0xbe, 0x3f, 0xeb, 0xfd, 0x1f,
    0xff, 0xf8, 0x2, 0xff, 0x90,

    /* U+0074 "t" */
    0x3, 0xf0, 0x0, 0xf, 0xc0, 0x0, 0x3f, 0x0,
    0x0, 0xfc, 0x0, 0x7f, 0xff, 0xe1, 0xff, 0xff,
    0x86, 0xff, 0xa9, 0x1, 0xfc, 0x0, 0x7, 0xf0,
    0x0, 0x1f, 0xc0, 0x0, 0x7f, 0x0, 0x1, 0xfc,
    0x0, 0x7, 0xf0, 0x0, 0x1f, 0xc0, 0x0, 0x7f,
    0x0, 0x0, 0xfe, 0x0, 0x3, 0xff, 0xe0, 0x7,
    0xff, 0xc0, 0x6, 0xfe, 0x0,

    /* U+0075 "u" */
    0x3f, 0x40, 0xf, 0xc3, 0xf4, 0x0, 0xfc, 0x3f,
    0x40, 0xf, 0xc3, 0xf4, 0x0, 0xfc, 0x3f, 0x40,
    0xf, 0xc3, 0xf4, 0x0, 0xfc, 0x3f, 0x40, 0xf,
    0xc3, 0xf4, 0x0, 0xfc, 0x3f, 0x40, 0xf, 0xc3,
    0xf4, 0x0, 0xfc, 0x3f, 0x80, 0x2f, 0xc3, 0xfd,
    0xb, 0xfc, 0x1f, 0xff, 0xff, 0xc0, 0xff, 0xfc,
    0xbc, 0x2, 0xfe, 0xb, 0xc0,

    /* U+0076 "v" */
    0x7f, 0x0, 0x3, 0xf0, 0xfd, 0x0, 0x2f, 0x83,
    0xf8, 0x0, 0xfd, 0x7, 0xf0, 0x3, 0xf0, 0xf,
    0xc0, 0x1f, 0xc0, 0x3f, 0x40, 0xbd, 0x0, 0x7e,
    0x3, 0xf0, 0x0, 0xfc, 0x1f, 0xc0, 0x3, 0xf4,
    0xbd, 0x0, 0x7, 0xe3, 0xf0, 0x0, 0xf, 0xcf,
    0xc0, 0x0, 0x3f, 0x7d, 0x0, 0x0, 0x7f, 0xf0,
    0x0, 0x0, 0xff, 0xc0, 0x0, 0x3, 0xfd, 0x0,
    0x0,

    /* U+0077 "w" */
    0x3f, 0x0, 0x2f, 0x80, 0xf, 0xc3, 0xf4, 0x3,
    0xfc, 0x1, 0xfc, 0x2f, 0x80, 0x3f, 0xc0, 0x1f,
    0x81, 0xfc, 0x7, 0xfd, 0x2, 0xf4, 0xf, 0xc0,
    0xbb, 0xe0, 0x3f, 0x0, 0xfd, 0xf, 0xaf, 0x3,
    0xf0, 0xb, 0xe0, 0xf5, 0xf0, 0x7e, 0x0, 0x7f,
    0x1f, 0xf, 0x4b, 0xd0, 0x3, 0xf2, 0xf0, 0xf8,
    0xfc, 0x0, 0x3f, 0x2e, 0xb, 0xcf, 0xc0, 0x2,
    0xf7, 0xd0, 0xbd, 0xf8, 0x0, 0x1f, 0xbd, 0x7,
    0xef, 0x40, 0x0, 0xff, 0xc0, 0x3f, 0xf0, 0x0,
    0xf, 0xfc, 0x3, 0xff, 0x0, 0x0, 0xbf, 0x80,
    0x2f, 0xf0, 0x0,

    /* U+0078 "x" */
    0x3f, 0x80, 0x1f, 0xc1, 0xfc, 0x3, 0xf8, 0xf,
    0xf0, 0x7f, 0x0, 0x3f, 0x4f, 0xd0, 0x2, 0xfc,
    0xfc, 0x0, 0xf, 0xff, 0x40, 0x0, 0x7f, 0xf0,
    0x0, 0x3, 0xfd, 0x0, 0x0, 0xff, 0xe0, 0x0,
    0x1f, 0xff, 0x40, 0x3, 0xf2, 0xfc, 0x0, 0xbe,
    0xf, 0xe0, 0xf, 0xc0, 0x7f, 0x2, 0xf8, 0x3,
    0xfc, 0x7f, 0x0, 0xf, 0xd0,

    /* U+0079 "y" */
    0x7f, 0x0, 0x3, 0xf0, 0xfd, 0x0, 0x2f, 0x82,
    0xf8, 0x0, 0xfd, 0x7, 0xf0, 0x3, 0xf0, 0xf,
    0xd0, 0x1f, 0x80, 0x2f, 0x80, 0xbd, 0x0, 0x3f,
    0x3, 0xf0, 0x0, 0xfd, 0x1f, 0x80, 0x1, 0xf8,
    0xbd, 0x0, 0x3, 0xf3, 0xf0, 0x0, 0xb, 0xdf,
    0x80, 0x0, 0xf, 0xfd, 0x0, 0x0, 0x3f, 0xf0,
    0x0, 0x0, 0x7f, 0x80, 0x0, 0x0, 0xfd, 0x0,
    0x0, 0x3, 0xf0, 0x0, 0x0, 0x2f, 0x80, 0x0,
    0x1, 0xfc, 0x0, 0x0, 0xff, 0xe0, 0x0, 0x7,
    0xff, 0x0, 0x0, 0x2f, 0xd0, 0x0, 0x0,

    /* U+007A "z" */
    0x3f, 0xff, 0xfc, 0x3f, 0xff, 0xfc, 0x2a, 0xaf,
    0xf8, 0x0, 0xb, 0xf0, 0x0, 0x1f, 0xd0, 0x0,
    0x3f, 0x80, 0x0, 0xbf, 0x0, 0x1, 0xfd, 0x0,
    0x3, 0xf8, 0x0, 0xb, 0xf0, 0x0, 0x1f, 0xd0,
    0x0, 0x3f, 0xc0, 0x0, 0xbf, 0xea, 0xa8, 0xff,
    0xff, 0xfd, 0xff, 0xff, 0xfd,

    /* U+007B "{" */
    0x0, 0x7f, 0x40, 0x7f, 0xd0, 0x2f, 0x40, 0xf,
    0xc0, 0x3, 0xf0, 0x0, 0xfc, 0x0, 0x2f, 0x0,
    0xb, 0xc0, 0x2, 0xf0, 0x0, 0xbc, 0x0, 0x2f,
    0x0, 0x1f, 0xc0, 0x3f, 0xc0, 0xf, 0xf0, 0x0,
    0x7f, 0x0, 0xb, 0xc0, 0x2, 0xf0, 0x0, 0xbc,
    0x0, 0x2f, 0x0, 0xb, 0xc0, 0x3, 0xf0, 0x0,
    0xfc, 0x0, 0x3f, 0x0, 0xb, 0xd0, 0x1, 0xff,
    0x40, 0x1b, 0xd0,

    /* U+007C "|" */
    0x79, 0xf7, 0xdf, 0x7d, 0xf7, 0xdf, 0x7d, 0xf7,
    0xdf, 0x7d, 0xf7, 0xdf, 0x7d, 0xf7, 0xdf, 0x7d,
    0xf7, 0xdf, 0x7d, 0xf7, 0xdf, 0x7d, 0xf0,

    /* U+007D "}" */
    0xfe, 0x0, 0xbf, 0xc0, 0xf, 0xc0, 0x7, 0xd0,
    0x7, 0xd0, 0x7, 0xd0, 0x7, 0xd0, 0xb, 0xc0,
    0xb, 0xc0, 0xb, 0xc0, 0x7, 0xc0, 0x3, 0xf4,
    0x1, 0xfe, 0x2, 0xfe, 0x7, 0xf0, 0xb, 0xc0,
    0xb, 0xc0, 0xb, 0xc0, 0xb, 0xc0, 0x7, 0xd0,
    0x7, 0xd0, 0x7, 0xd0, 0xb, 0xd0, 0xf, 0xc0,
    0xff, 0xc0, 0xfe, 0x0,

    /* U+007E "~" */
    0x2, 0xf8, 0x0, 0x0, 0x3f, 0xfd, 0x7, 0x43,
    0xfa, 0xfe, 0xbf, 0x7, 0x40, 0xff, 0xf0, 0x0,
    0x0, 0xbe, 0x0,

    /* U+2192 "→" */
    0x0, 0x0, 0x0, 0x0, 0x0, 0x0, 0x0, 0x0,
    0x0, 0x0, 0x2c, 0x0, 0x0, 0x0, 0x0, 0x0,
    0x1f, 0x80, 0x0, 0x0, 0x0, 0x0, 0x2, 0xf8,
    0x0, 0x0, 0x0, 0x0, 0x0, 0x2f, 0x80, 0x0,
    0x0, 0x0, 0x0, 0x2, 0xfc, 0xf, 0xff, 0xff,
    0xff, 0xff, 0xff, 0xd3, 0xff, 0xff, 0xff, 0xff,
    0xff, 0xf8, 0x55, 0x55, 0x55, 0x55, 0x5b, 0xf4,
    0x0, 0x0, 0x0, 0x0, 0x7, 0xf0, 0x0, 0x0,
    0x0, 0x0, 0x7, 0xf0, 0x0, 0x0, 0x0, 0x0,
    0x7, 0xf0, 0x0, 0x0, 0x0, 0x0, 0x0, 0xf0,
    0x0, 0x0, 0x0, 0x0, 0x0, 0x0, 0x0, 0x0,

    /* U+4E00 "一" */
    0xff, 0xff, 0xff, 0xff, 0xff, 0xff, 0x3f, 0xff,
    0xff, 0xff, 0xff, 0xff, 0xcf, 0xff, 0xff, 0xff,
    0xff, 0xff, 0xf0, 0x0, 0x0, 0x0, 0x0, 0x0,
    0x0,

    /* U+4E0A "上" */
    0x0, 0x0, 0x1a, 0x40, 0x0, 0x0, 0x0, 0x0,
    0x2f, 0x40, 0x0, 0x0, 0x0, 0x0, 0x2f, 0x40,
    0x0, 0x0, 0x0, 0x0, 0x2f, 0x40, 0x0, 0x0,
    0x0, 0x0, 0x2f, 0x40, 0x0, 0x0, 0x0, 0x0,
    0x2f, 0x40, 0x0, 0x0, 0x0, 0x0, 0x2f, 0x40,
    0x0, 0x0, 0x0, 0x0, 0x2f, 0x80, 0x0, 0x0,
    0x0, 0x0, 0x2f, 0xff, 0xff, 0xf0, 0x0, 0x0,
    0x2f, 0xff, 0xff, 0xf0, 0x0, 0x0, 0x2f, 0xff,
    0xff, 0xe0, 0x0, 0x0, 0x2f, 0x40, 0x0, 0x0,
    0x0, 0x0, 0x2f, 0x40, 0x0, 0x0, 0x0, 0x0,
    0x2f, 0x40, 0x0, 0x0, 0x0, 0x0, 0x2f, 0x40,
    0x0, 0x0, 0x0, 0x0, 0x2f, 0x40, 0x0, 0x0,
    0x0, 0x0, 0x2f, 0x40, 0x0, 0x0, 0x0, 0x0,
    0x2f, 0x40, 0x0, 0x0, 0x0, 0x0, 0x2f, 0x40,
    0x0, 0x0, 0x0, 0x0, 0x2f, 0x40, 0x0, 0x0,
    0xff, 0xff, 0xff, 0xff, 0xff, 0xfe, 0xff, 0xff,
    0xff, 0xff, 0xff, 0xfe, 0xff, 0xff, 0xff, 0xff,
    0xff, 0xfe,

    /* U+4E0B "下" */
    0x0, 0x0, 0x0, 0x0, 0x0, 0x0, 0xbf, 0xff,
    0xff, 0xff, 0xff, 0xfe, 0xbf, 0xff, 0xff, 0xff,
    0xff, 0xfe, 0x6a, 0xaa, 0xaf, 0xea, 0xaa, 0xa9,
    0x0, 0x0, 0xf, 0xc0, 0x0, 0x0, 0x0, 0x0,
    0xf, 0xc0, 0x0, 0x0, 0x0, 0x0, 0xf, 0xc0,
    0x0, 0x0, 0x0, 0x0, 0xf, 0xd0, 0x0, 0x0,
    0x0, 0x0, 0xf, 0xfe, 0x0, 0x0, 0x0, 0x0,
    0xf, 0xff, 0xd0, 0x0, 0x0, 0x0, 0xf, 0xef,
    0xfd, 0x0, 0x0, 0x0, 0xf, 0xc3, 0xff, 0x80,
    0x0, 0x0, 0xf, 0xc0, 0x7f, 0xf0, 0x0, 0x0,
    0xf, 0xc0, 0xb, 0xf0, 0x0, 0x0, 0xf, 0xc0,
    0x1, 0xc0, 0x0, 0x0, 0xf, 0xc0, 0x0, 0x0,
    0x0, 0x0, 0xf, 0xc0, 0x0, 0x0, 0x0, 0x0,
    0xf, 0xc0, 0x0, 0x0, 0x0, 0x0, 0xf, 0xc0,
    0x0, 0x0, 0x0, 0x0, 0xf, 0xc0, 0x0, 0x0,
    0x0, 0x0, 0xf, 0xc0, 0x0, 0x0, 0x0, 0x0,
    0xf, 0xc0, 0x0, 0x0, 0x0, 0x0, 0xf, 0xc0,
    0x0, 0x0,

    /* U+4E0D "不" */
    0x0, 0x0, 0x0, 0x0, 0x0, 0x0, 0xf, 0xff,
    0xff, 0xff, 0xff, 0xff, 0x83, 0xff, 0xff, 0xff,
    0xff, 0xff, 0xe0, 0xff, 0xff, 0xff, 0xff, 0xff,
    0xf4, 0x0, 0x0, 0x3, 0xfc, 0x0, 0x0, 0x0,
    0x0, 0x1, 0xfd, 0x0, 0x0, 0x0, 0x0, 0x1,
    0xff, 0x0, 0x0, 0x0, 0x0, 0x0, 0xff, 0x84,
    0x0, 0x0, 0x0, 0x0, 0xff, 0xfb, 0xd0, 0x0,
    0x0, 0x0, 0xff, 0xff, 0xfe, 0x0, 0x0, 0x0,
    0xff, 0xbe, 0x2f, 0xf0, 0x0, 0x1, 0xff, 0x5f,
    0x81, 0xff, 0x40, 0x2, 0xff, 0x7, 0xe0, 0x1f,
    0xf4, 0xb, 0xff, 0x1, 0xf8, 0x0, 0xff, 0x8b,
    0xfe, 0x0, 0x7e, 0x0, 0xf, 0xf0, 0xbc, 0x0,
    0x1f, 0x80, 0x0, 0xf0, 0x4, 0x0, 0x7, 0xe0,
    0x0, 0x0, 0x0, 0x0, 0x1, 0xf8, 0x0, 0x0,
    0x0, 0x0, 0x0, 0x7e, 0x0, 0x0, 0x0, 0x0,
    0x0, 0x1f, 0x80, 0x0, 0x0, 0x0, 0x0, 0x7,
    0xe0, 0x0, 0x0, 0x0, 0x0, 0x1, 0xf8, 0x0,
    0x0, 0x0, 0x0, 0x0, 0x7e, 0x0, 0x0, 0x0,

    /* U+4E0E "与" */
    0x0, 0x15, 0x0, 0x0, 0x0, 0x0, 0x0, 0xfc,
    0x0, 0x0, 0x0, 0x0, 0x3, 0xe0, 0x0, 0x0,
    0x0, 0x0, 0x1f, 0xea, 0xaa, 0xaa, 0xa4, 0x0,
    0x7f, 0xff, 0xff, 0xff, 0xe0, 0x2, 0xff, 0xff,
    0xff, 0xff, 0x80, 0xf, 0xc0, 0x0, 0x0, 0x0,
    0x0, 0x3f, 0x0, 0x0, 0x0, 0x0, 0x1, 0xf8,
    0x0, 0x0, 0x0, 0x0, 0x7, 0xd0, 0x0, 0x0,
    0x0, 0x0, 0x2f, 0xff, 0xff, 0xff, 0xff, 0x0,
    0xff, 0xff, 0xff, 0xff, 0xfc, 0x2, 0xaa, 0xaa,
    0xaa, 0xab, 0xf0, 0x0, 0x0, 0x0, 0x0, 0xf,
    0xc0, 0x0, 0x0, 0x0, 0x0, 0x3f, 0x2a, 0xaa,
    0xaa, 0xaa, 0x80, 0xf8, 0xff, 0xff, 0xff, 0xff,
    0x47, 0xe3, 0xff, 0xff, 0xff, 0xfd, 0x2f, 0x40,
    0x0, 0x0, 0x0, 0x0, 0xfc, 0x0, 0x0, 0x0,
    0x0, 0x3, 0xf0, 0x0, 0x0, 0x0, 0x0, 0x2f,
    0x80, 0x0, 0x0, 0xa, 0xaa, 0xfd, 0x0, 0x0,
    0x0, 0x2f, 0xff, 0xf0, 0x0, 0x0, 0x0, 0x3f,
    0xfe, 0x0, 0x0, 0x0, 0x0, 0x0, 0x0, 0x0,

    /* U+4E18 "丘" */
    0x0, 0x0, 0x0, 0x0, 0x4, 0x0, 0x0, 0x0,
    0x0, 0x6, 0xbf, 0xc0, 0x0, 0x5, 0xab, 0xff,
    0xff, 0xf8, 0x0, 0x3, 0xff, 0xff, 0xff, 0xa0,
    0x0, 0x0, 0xff, 0xfe, 0x94, 0x0, 0x0, 0x0,
    0x3f, 0x0, 0x0, 0x0, 0x0, 0x0, 0xf, 0xc0,
    0x0, 0x0, 0x0, 0x0, 0x3, 0xf0, 0x0, 0x0,
    0x0, 0x0, 0x0, 0xfc, 0x0, 0x0, 0x0, 0x0,
    0x0, 0x3f, 0xaa, 0xaa, 0xaa, 0xaa, 0x0, 0xf,
    0xff, 0xff, 0xff, 0xff, 0x80, 0x3, 0xff, 0xff,
    0xff, 0xff, 0xe0, 0x0, 0xfc, 0x0, 0x0, 0xfc,
    0x0, 0x0, 0x3f, 0x0, 0x0, 0x3f, 0x0, 0x0,
    0xf, 0xc0, 0x0, 0xf, 0xc0, 0x0, 0x3, 0xf0,
    0x0, 0x3, 0xf0, 0x0, 0x0, 0xfc, 0x0, 0x0,
    0xfc, 0x0, 0x0, 0x3f, 0x0, 0x0, 0x3f, 0x0,
    0x0, 0xf, 0xc0, 0x0, 0xf, 0xc0, 0x0, 0x3,
    0xf0, 0x0, 0x3, 0xf0, 0x0, 0xaa, 0xfe, 0xaa,
    0xab, 0xfe, 0xaa, 0x3f, 0xff, 0xff, 0xff, 0xff,
    0xff, 0xcf, 0xff, 0xff, 0xff, 0xff, 0xff, 0xf0,

    /* U+4E2A "个" */
    0x0, 0x0, 0x0, 0x0, 0x0, 0x0, 0x0, 0x0,
    0x0, 0xb, 0x40, 0x0, 0x0, 0x0, 0x0, 0x1,
    0xfc, 0x0, 0x0, 0x0, 0x0, 0x0, 0x7f, 0xc0,
    0x0, 0x0, 0x0, 0x0, 0x1f, 0xff, 0x0, 0x0,
    0x0, 0x0, 0x7, 0xff, 0xfc, 0x0, 0x0, 0x0,
    0x2, 0xff, 0xf, 0xf4, 0x0, 0x0, 0x0, 0xff,
    0xc0, 0x3f, 0xe0, 0x0, 0x0, 0xbf, 0xe0, 0x0,
    0xff, 0xd0, 0x0, 0x7f, 0xf4, 0x2f, 0x2, 0xff,
    0xd0, 0x3f, 0xfc, 0x2, 0xf0, 0x7, 0xff, 0xc2,
    0xfe, 0x0, 0x2f, 0x0, 0xb, 0xf4, 0xe, 0x0,
    0x2, 0xf0, 0x0, 0x1e, 0x0, 0x0, 0x0, 0x2f,
    0x0, 0x0, 0x0, 0x0, 0x0, 0x2, 0xf0, 0x0,
    0x0, 0x0, 0x0, 0x0, 0x2f, 0x0, 0x0, 0x0,
    0x0, 0x0, 0x2, 0xf0, 0x0, 0x0, 0x0, 0x0,
    0x0, 0x2f, 0x0, 0x0, 0x0, 0x0, 0x0, 0x2,
    0xf0, 0x0, 0x0, 0x0, 0x0, 0x0, 0x2f, 0x0,
    0x0, 0x0, 0x0, 0x0, 0x2, 0xf0, 0x0, 0x0,
    0x0, 0x0, 0x0, 0x2f, 0x0, 0x0, 0x0, 0x0,
    0x0, 0x2, 0xf0, 0x0, 0x0, 0x0, 0x0, 0x0,
    0x2f, 0x0, 0x0, 0x0, 0x0, 0x0, 0x2, 0xf0,
    0x0, 0x0, 0x0,

    /* U+4E2D "中" */
    0x0, 0x0, 0x0, 0x0, 0x0, 0x0, 0x0, 0x3,
    0xf0, 0x0, 0x0, 0x0, 0x0, 0x3f, 0x0, 0x0,
    0x0, 0x0, 0x3, 0xf0, 0x0, 0x0, 0x0, 0x0,
    0x3f, 0x0, 0x0, 0x6, 0xaa, 0xab, 0xfe, 0xaa,
    0xaa, 0xbf, 0xff, 0xff, 0xff, 0xff, 0xfb, 0xff,
    0xff, 0xff, 0xff, 0xff, 0xbc, 0x0, 0x3f, 0x40,
    0x3, 0xfb, 0xc0, 0x3, 0xf0, 0x0, 0x3f, 0xbc,
    0x0, 0x3f, 0x0, 0x3, 0xfb, 0xc0, 0x3, 0xf0,
    0x0, 0x3f, 0xbc, 0x0, 0x3f, 0x0, 0x3, 0xfb,
    0xc0, 0x3, 0xf0, 0x0, 0x3f, 0xbf, 0xff, 0xff,
    0xff, 0xff, 0xfb, 0xff, 0xff, 0xff, 0xff, 0xff,
    0xbf, 0xff, 0xff, 0xff, 0xff, 0xfb, 0xc0, 0x3,
    0xf0, 0x0, 0x3f, 0x54, 0x0, 0x3f, 0x0, 0x1,
    0x50, 0x0, 0x3, 0xf0, 0x0, 0x0, 0x0, 0x0,
    0x3f, 0x0, 0x0, 0x0, 0x0, 0x3, 0xf0, 0x0,
    0x0, 0x0, 0x0, 0x3f, 0x0, 0x0, 0x0, 0x0,
    0x3, 0xf0, 0x0, 0x0, 0x0, 0x0, 0x3f, 0x0,
    0x0, 0x0,

    /* U+4E4B "之" */
    0x0, 0x0, 0x0, 0x0, 0x0, 0x0, 0x0, 0x0,
    0x1, 0xd0, 0x0, 0x0, 0x0, 0x0, 0x1, 0xfc,
    0x0, 0x0, 0x0, 0x0, 0x0, 0x2f, 0xc0, 0x0,
    0x0, 0x0, 0x0, 0x3, 0xf4, 0x0, 0x0, 0x0,
    0x0, 0x0, 0x7c, 0x0, 0x0, 0x2, 0xff, 0xff,
    0xff, 0xff, 0xfd, 0x0, 0xbf, 0xff, 0xff, 0xff,
    0xff, 0xc0, 0x1a, 0xaa, 0xaa, 0xaa, 0xbf, 0xd0,
    0x0, 0x0, 0x0, 0x0, 0xf, 0xe0, 0x0, 0x0,
    0x0, 0x0, 0xf, 0xe0, 0x0, 0x0, 0x0, 0x0,
    0xf, 0xf0, 0x0, 0x0, 0x0, 0x0, 0xf, 0xf0,
    0x0, 0x0, 0x0, 0x0, 0xf, 0xf0, 0x0, 0x0,
    0x0, 0x0, 0xf, 0xf0, 0x0, 0x0, 0x0, 0x0,
    0x1f, 0xf0, 0x0, 0x0, 0x0, 0x0, 0x2f, 0xe0,
    0x0, 0x0, 0x0, 0x0, 0x3f, 0xe0, 0x0, 0x0,
    0x0, 0x0, 0x7f, 0xd0, 0x0, 0x0, 0x0, 0x6,
    0xff, 0xc0, 0x0, 0x0, 0x0, 0xb, 0xff, 0x80,
    0x0, 0x0, 0x0, 0xf, 0xff, 0xf9, 0x0, 0x0,
    0x5, 0x4b, 0xf0, 0x7f, 0xff, 0xff, 0xff, 0xf0,
    0xf4, 0x2, 0xff, 0xff, 0xff, 0xf8, 0x18, 0x0,
    0x5, 0xaa, 0xaa, 0xa4, 0x0, 0x0, 0x0, 0x0,
    0x0, 0x0, 0x0,

    /* U+4E58 "乘" */
    0x0, 0x0, 0x0, 0x1, 0x5b, 0x40, 0x0, 0x5a,
    0xab, 0xff, 0xff, 0xf0, 0x0, 0x3f, 0xff, 0xff,
    0xff, 0xf8, 0x0, 0xf, 0xff, 0xaf, 0xd4, 0x0,
    0x0, 0x0, 0x0, 0x3, 0xf0, 0x0, 0x0, 0xa,
    0xaa, 0xaa, 0xfe, 0xaa, 0xaa, 0x43, 0xff, 0xff,
    0xff, 0xff, 0xff, 0xe0, 0xff, 0xff, 0xff, 0xff,
    0xff, 0xf8, 0x0, 0xa, 0x43, 0xf1, 0xa0, 0x0,
    0x0, 0x3, 0xe0, 0xfc, 0x7c, 0x18, 0x2, 0xff,
    0xf8, 0x3f, 0x1f, 0xbf, 0x40, 0xbf, 0xfe, 0xf,
    0xc7, 0xff, 0xd0, 0x0, 0xf, 0x83, 0xf1, 0xf9,
    0x0, 0x0, 0x3, 0xe0, 0xfc, 0x7c, 0x5, 0x2,
    0xff, 0xf8, 0xff, 0x5f, 0x2, 0xf0, 0xff, 0xfe,
    0xbf, 0xfb, 0xff, 0xf8, 0x29, 0xf, 0xff, 0xff,
    0xff, 0xfc, 0x0, 0x0, 0xbf, 0xff, 0xf8, 0x0,
    0x0, 0x1, 0xfe, 0x3f, 0x3f, 0x80, 0x0, 0x7,
    0xfd, 0xf, 0xc3, 0xfe, 0x0, 0x1f, 0xfd, 0x3,
    0xf0, 0x2f, 0xf9, 0x2f, 0xf8, 0x0, 0xfc, 0x1,
    0xff, 0xc3, 0xe0, 0x0, 0x3f, 0x0, 0x7, 0xd0,
    0x0, 0x0, 0xf, 0xc0, 0x0, 0x0,

    /* U+4E86 "了" */
    0x0, 0x0, 0x0, 0x0, 0x0, 0x7, 0xff, 0xff,
    0xff, 0xff, 0xf8, 0x7f, 0xff, 0xff, 0xff, 0xff,
    0xd2, 0xaa, 0xaa, 0xaa, 0xaf, 0xf8, 0x0, 0x0,
    0x0, 0x3, 0xfe, 0x0, 0x0, 0x0, 0x1, 0xff,
    0x40, 0x0, 0x0, 0x0, 0xbf, 0xc0, 0x0, 0x0,
    0x0, 0x7f, 0xe0, 0x0, 0x0, 0x0, 0xf, 0xf4,
    0x0, 0x0, 0x0, 0x0, 0xfc, 0x0, 0x0, 0x0,
    0x0, 0xf, 0xc0, 0x0, 0x0, 0x0, 0x0, 0xfc,
    0x0, 0x0, 0x0, 0x0, 0xf, 0xc0, 0x0, 0x0,
    0x0, 0x0, 0xfc, 0x0, 0x0, 0x0, 0x0, 0xf,
    0xc0, 0x0, 0x0, 0x0, 0x0, 0xfc, 0x0, 0x0,
    0x0, 0x0, 0xf, 0xc0, 0x0, 0x0, 0x0, 0x0,
    0xfc, 0x0, 0x0, 0x0, 0x0, 0xf, 0xc0, 0x0,
    0x0, 0x0, 0x0, 0xfc, 0x0, 0x0, 0x0, 0x2a,
    0xbf, 0xc0, 0x0, 0x0, 0x3, 0xff, 0xf8, 0x0,
    0x0, 0x0, 0x2f, 0xfd, 0x0, 0x0, 0x0, 0x0,
    0x0, 0x0, 0x0, 0x0,

    /* U+4E8B "事" */
    0x0, 0x0, 0x0, 0x0, 0x0, 0x0, 0x0, 0x0,
    0x0, 0xbc, 0x0, 0x0, 0x0, 0x0, 0x0, 0x3f,
    0x40, 0x0, 0x0, 0xbf, 0xff, 0xff, 0xff, 0xff,
    0xfc, 0x2f, 0xff, 0xff, 0xff, 0xff, 0xff, 0x0,
    0x0, 0x0, 0xbc, 0x0, 0x0, 0x0, 0xb, 0xff,
    0xff, 0xff, 0xfe, 0x0, 0x2, 0xff, 0xff, 0xff,
    0xff, 0xc0, 0x0, 0xbc, 0x2, 0xf0, 0x3, 0xf0,
    0x0, 0x2f, 0xff, 0xff, 0xff, 0xfc, 0x0, 0xb,
    0xff, 0xff, 0xff, 0xff, 0x0, 0x0, 0x0, 0xf,
    0xc0, 0x0, 0x0, 0x0, 0x0, 0x3, 0xf4, 0x0,
    0x0, 0x0, 0xbf, 0xff, 0xff, 0xff, 0xfd, 0x0,
    0x1a, 0xaa, 0xbf, 0xea, 0xbf, 0x40, 0x0, 0x0,
    0xf, 0xd0, 0xb, 0xd0, 0x3f, 0xff, 0xff, 0xff,
    0xff, 0xff, 0xcf, 0xff, 0xff, 0xff, 0xff, 0xff,
    0xe0, 0x0, 0x0, 0x2f, 0x0, 0x2f, 0x40, 0xb,
    0xff, 0xff, 0xff, 0xff, 0xd0, 0x3, 0xff, 0xff,
    0xff, 0xff, 0xf4, 0x0, 0x0, 0x0, 0xfd, 0x0,
    0xbd, 0x0, 0x0, 0x0, 0x3f, 0x0, 0x5, 0x0,
    0x0, 0x3, 0xff, 0xc0, 0x0, 0x0, 0x0, 0x0,
    0xff, 0x80, 0x0, 0x0, 0x0,

    /* U+4E8C "二" */
    0x0, 0x0, 0x0, 0x0, 0x0, 0x0, 0x3, 0xff,
    0xff, 0xff, 0xff, 0xe0, 0x3, 0xff, 0xff, 0xff,
    0xff, 0xe0, 0x3, 0xff, 0xff, 0xff, 0xff, 0xe0,
    0x0, 0x0, 0x0, 0x0, 0x0, 0x0, 0x0, 0x0,
    0x0, 0x0, 0x0, 0x0, 0x0, 0x0, 0x0, 0x0,
    0x0, 0x0, 0x0, 0x0, 0x0, 0x0, 0x0, 0x0,
    0x0, 0x0, 0x0, 0x0, 0x0, 0x0, 0x0, 0x0,
    0x0, 0x0, 0x0, 0x0, 0x0, 0x0, 0x0, 0x0,
    0x0, 0x0, 0x0, 0x0, 0x0, 0x0, 0x0, 0x0,
    0x0, 0x0, 0x0, 0x0, 0x0, 0x0, 0x0, 0x0,
    0x0, 0x0, 0x0, 0x0, 0x0, 0x0, 0x0, 0x0,
    0x0, 0x0, 0x0, 0x0, 0x0, 0x0, 0x0, 0x0,
    0x7f, 0xff, 0xff, 0xff, 0xff, 0xff, 0x7f, 0xff,
    0xff, 0xff, 0xff, 0xff, 0x7f, 0xff, 0xff, 0xff,
    0xff, 0xff,

    /* U+4EBA "人" */
    0x0, 0x0, 0x3, 0xf4, 0x0, 0x0, 0x0, 0x0,
    0x0, 0x3f, 0x40, 0x0, 0x0, 0x0, 0x0, 0x3,
    0xf4, 0x0, 0x0, 0x0, 0x0, 0x0, 0x3f, 0x40,
    0x0, 0x0, 0x0, 0x0, 0x3, 0xf4, 0x0, 0x0,
    0x0, 0x0, 0x0, 0x3f, 0x40, 0x0, 0x0, 0x0,
    0x0, 0x3, 0xf8, 0x0, 0x0, 0x0, 0x0, 0x0,
    0x7f, 0xc0, 0x0, 0x0, 0x0, 0x0, 0xb, 0xfc,
    0x0, 0x0, 0x0, 0x0, 0x0, 0xff, 0xd0, 0x0,
    0x0, 0x0, 0x0, 0xf, 0xfe, 0x0, 0x0, 0x0,
    0x0, 0x1, 0xff, 0xf0, 0x0, 0x0, 0x0, 0x0,
    0x2f, 0xaf, 0x40, 0x0, 0x0, 0x0, 0x3, 0xf0,
    0xfc, 0x0, 0x0, 0x0, 0x0, 0xbf, 0xf, 0xd0,
    0x0, 0x0, 0x0, 0xf, 0xd0, 0x7f, 0x0, 0x0,
    0x0, 0x3, 0xfc, 0x2, 0xfc, 0x0, 0x0, 0x0,
    0xbf, 0x0, 0xf, 0xe0, 0x0, 0x0, 0x2f, 0xd0,
    0x0, 0x7f, 0x80, 0x0, 0xb, 0xf8, 0x0, 0x2,
    0xfe, 0x0, 0x2, 0xff, 0x0, 0x0, 0xb, 0xfd,
    0x1, 0xff, 0xc0, 0x0, 0x0, 0x2f, 0xf8, 0x1f,
    0xe0, 0x0, 0x0, 0x0, 0x7f, 0x40, 0x74, 0x0,
    0x0, 0x0, 0x0, 0xa0, 0x0, 0x0, 0x0, 0x0,
    0x0, 0x0, 0x0,

    /* U+4ECA "今" */
    0x0, 0x0, 0x0, 0x0, 0x0, 0x0, 0x0, 0x0,
    0x0, 0xe, 0x0, 0x0, 0x0, 0x0, 0x0, 0x2,
    0xfc, 0x0, 0x0, 0x0, 0x0, 0x0, 0x7f, 0xd0,
    0x0, 0x0, 0x0, 0x0, 0x1f, 0xff, 0x40, 0x0,
    0x0, 0x0, 0x7, 0xf9, 0xfe, 0x0, 0x0, 0x0,
    0x2, 0xff, 0x7, 0xfc, 0x0, 0x0, 0x0, 0xff,
    0x80, 0x1f, 0xf4, 0x0, 0x0, 0xbf, 0xe2, 0x40,
    0x3f, 0xf0, 0x0, 0x7f, 0xf4, 0xbe, 0x0, 0xff,
    0xe0, 0x3f, 0xfc, 0x7, 0xfc, 0x2, 0xff, 0xc0,
    0xfd, 0x0, 0xf, 0xf4, 0x3, 0xf0, 0x6, 0x0,
    0x0, 0x2f, 0x80, 0x4, 0x0, 0x0, 0x0, 0x0,
    0xe0, 0x0, 0x0, 0x0, 0xff, 0xff, 0xff, 0xff,
    0xf4, 0x0, 0xf, 0xff, 0xff, 0xff, 0xff, 0x40,
    0x0, 0xaa, 0xaa, 0xaa, 0xbf, 0xe0, 0x0, 0x0,
    0x0, 0x0, 0x3, 0xfc, 0x0, 0x0, 0x0, 0x0,
    0x0, 0xbf, 0x0, 0x0, 0x0, 0x0, 0x0, 0x1f,
    0xd0, 0x0, 0x0, 0x0, 0x0, 0x7, 0xf8, 0x0,
    0x0, 0x0, 0x0, 0x0, 0xfe, 0x0, 0x0, 0x0,
    0x0, 0x0, 0x3f, 0xc0, 0x0, 0x0, 0x0, 0x0,
    0xb, 0xf0, 0x0, 0x0, 0x0, 0x0, 0x0, 0xbd,
    0x0, 0x0, 0x0, 0x0, 0x0, 0x0, 0x40, 0x0,
    0x0,

    /* U+4EF6 "件" */
    0x0, 0xa, 0x40, 0x2, 0xa0, 0x0, 0x0, 0x3,
    0xf0, 0x90, 0xbc, 0x0, 0x0, 0x2, 0xf4, 0x7d,
    0x2f, 0x0, 0x0, 0x0, 0xfc, 0x2f, 0xb, 0xc0,
    0x0, 0x0, 0xbd, 0xf, 0xc2, 0xf0, 0x0, 0x0,
    0x3f, 0x3, 0xff, 0xff, 0xff, 0x80, 0x2f, 0x82,
    0xff, 0xff, 0xff, 0xe0, 0x1f, 0xe0, 0xff, 0xff,
    0xff, 0xf8, 0xf, 0xf8, 0x7e, 0x2, 0xf0, 0x0,
    0xf, 0xfe, 0x3f, 0x0, 0xbc, 0x0, 0x3, 0xff,
    0x87, 0x80, 0x2f, 0x0, 0x0, 0xb7, 0xe0, 0x0,
    0xb, 0xc0, 0x0, 0x8, 0xf8, 0x0, 0x3, 0xf0,
    0x0, 0x0, 0x3e, 0x3f, 0xff, 0xff, 0xff, 0xf0,
    0xf, 0x8f, 0xff, 0xff, 0xff, 0xfc, 0x3, 0xe2,
    0xaa, 0xaf, 0xea, 0xaa, 0x0, 0xf8, 0x0, 0x2,
    0xf0, 0x0, 0x0, 0x3e, 0x0, 0x0, 0xbc, 0x0,
    0x0, 0xf, 0x80, 0x0, 0x2f, 0x0, 0x0, 0x3,
    0xe0, 0x0, 0xb, 0xc0, 0x0, 0x0, 0xf8, 0x0,
    0x2, 0xf0, 0x0, 0x0, 0x3e, 0x0, 0x0, 0xbc,
    0x0, 0x0, 0xf, 0x80, 0x0, 0x2f, 0x0, 0x0,
    0x3, 0xe0, 0x0, 0xb, 0xc0, 0x0,

    /* U+4F11 "休" */
    0x0, 0x3, 0x40, 0x2, 0xa0, 0x0, 0x0, 0x0,
    0xbe, 0x0, 0x3f, 0x0, 0x0, 0x0, 0xf, 0xc0,
    0x3, 0xf0, 0x0, 0x0, 0x2, 0xf8, 0x0, 0x3f,
    0x0, 0x0, 0x0, 0x3f, 0x0, 0x3, 0xf0, 0x0,
    0x0, 0xb, 0xe0, 0x0, 0x3f, 0x0, 0x0, 0x1,
    0xfc, 0xaa, 0xab, 0xfa, 0xaa, 0x80, 0x3f, 0xcf,
    0xff, 0xff, 0xff, 0xfc, 0xf, 0xfc, 0xff, 0xff,
    0xff, 0xff, 0xc3, 0xff, 0xc0, 0x1, 0xff, 0xd0,
    0x0, 0x7f, 0xfc, 0x0, 0x3f, 0xfe, 0x0, 0x3,
    0xdb, 0xc0, 0x7, 0xff, 0xf0, 0x0, 0x18, 0xbc,
    0x0, 0xff, 0xff, 0xc0, 0x0, 0xb, 0xc0, 0x1f,
    0xbf, 0xbd, 0x0, 0x0, 0xbc, 0x3, 0xf3, 0xf3,
    0xf0, 0x0, 0xb, 0xc0, 0xfd, 0x3f, 0x1f, 0x80,
    0x0, 0xbc, 0x2f, 0xc3, 0xf0, 0xfd, 0x0, 0xb,
    0xc7, 0xf0, 0x3f, 0x7, 0xf4, 0x0, 0xbe, 0xfd,
    0x3, 0xf0, 0x2f, 0xd0, 0xb, 0xdf, 0x80, 0x3f,
    0x0, 0xf8, 0x0, 0xbc, 0x60, 0x3, 0xf0, 0x2,
    0x0, 0xb, 0xc0, 0x0, 0x3f, 0x0, 0x0, 0x0,
    0xbc, 0x0, 0x3, 0xf0, 0x0, 0x0, 0xb, 0xc0,
    0x0, 0x3f, 0x0, 0x0,

    /* U+4F4D "位" */
    0x0, 0x0, 0x0, 0x0, 0x40, 0x0, 0x0, 0x1,
    0xe0, 0x1, 0xf8, 0x0, 0x0, 0x0, 0xbd, 0x0,
    0x3f, 0x0, 0x0, 0x0, 0x3f, 0x0, 0xb, 0xd0,
    0x0, 0x0, 0x2f, 0x40, 0x1, 0xf4, 0x0, 0x0,
    0xf, 0xc6, 0xaa, 0xfa, 0xaa, 0x80, 0xf, 0xd1,
    0xff, 0xff, 0xff, 0xf0, 0x7, 0xf0, 0x7f, 0xff,
    0xff, 0xfc, 0x3, 0xfc, 0x0, 0x0, 0x0, 0x0,
    0x3, 0xff, 0x0, 0x68, 0x0, 0x3e, 0x3, 0xff,
    0xc0, 0x2f, 0x0, 0x1f, 0x80, 0xff, 0xf0, 0xb,
    0xc0, 0x7, 0xd0, 0xd, 0xbc, 0x1, 0xf4, 0x2,
    0xf0, 0x1, 0x2f, 0x0, 0x3e, 0x0, 0xfc, 0x0,
    0xb, 0xc0, 0xf, 0x80, 0x3f, 0x0, 0x2, 0xf0,
    0x3, 0xf0, 0xf, 0x80, 0x0, 0xbc, 0x0, 0xbc,
    0x7, 0xd0, 0x0, 0x2f, 0x0, 0x2f, 0x1, 0xf0,
    0x0, 0xb, 0xc0, 0x7, 0xd0, 0xbc, 0x0, 0x2,
    0xf0, 0x1, 0xf4, 0x3e, 0x0, 0x0, 0xbc, 0x0,
    0x10, 0xf, 0x40, 0x0, 0x2f, 0x1a, 0xaa, 0xaf,
    0xea, 0xa0, 0xb, 0xc7, 0xff, 0xff, 0xff, 0xfc,
    0x2, 0xf1, 0xff, 0xff, 0xff, 0xff, 0x0, 0xbc,
    0x0, 0x0, 0x0, 0x0, 0x0,

    /* U+4F4F "住" */
    0x0, 0x0, 0x0, 0x0, 0x0, 0x0, 0x0, 0x1,
    0x80, 0x1, 0xb0, 0x0, 0x0, 0x0, 0xfc, 0x0,
    0xbd, 0x0, 0x0, 0x0, 0x7e, 0x0, 0xf, 0xc0,
    0x0, 0x0, 0x3f, 0x0, 0x2, 0xf4, 0x0, 0x0,
    0x1f, 0xc0, 0x0, 0x38, 0x0, 0x0, 0xf, 0xd3,
    0xff, 0xff, 0xff, 0xf8, 0xb, 0xf1, 0xff, 0xff,
    0xff, 0xfe, 0x3, 0xfc, 0x2a, 0xab, 0xfa, 0xaa,
    0x43, 0xff, 0x0, 0x0, 0xfc, 0x0, 0x3, 0xff,
    0xc0, 0x0, 0x3f, 0x0, 0x0, 0xff, 0xf0, 0x0,
    0xf, 0xc0, 0x0, 0x1d, 0xfc, 0x0, 0x3, 0xf0,
    0x0, 0x1, 0x3f, 0x2, 0xaa, 0xfe, 0xaa, 0x80,
    0xf, 0xc1, 0xff, 0xff, 0xff, 0xf0, 0x3, 0xf0,
    0x7f, 0xff, 0xff, 0xfc, 0x0, 0xfc, 0x0, 0x3,
    0xf0, 0x0, 0x0, 0x3f, 0x0, 0x0, 0xfc, 0x0,
    0x0, 0xf, 0xc0, 0x0, 0x3f, 0x0, 0x0, 0x3,
    0xf0, 0x0, 0xf, 0xc0, 0x0, 0x0, 0xfc, 0x0,
    0x3, 0xf0, 0x0, 0x0, 0x3f, 0x0, 0x0, 0xfc,
    0x0, 0x0, 0xf, 0xcf, 0xff, 0xff, 0xff, 0xfc,
    0x3, 0xf3, 0xff, 0xff, 0xff, 0xff, 0x0, 0xfc,
    0xaa, 0xaa, 0xaa, 0xaa, 0x80,

    /* U+505A "做" */
    0x0, 0x14, 0x6, 0x40, 0xa, 0x0, 0x0, 0x3,
    0xf0, 0xbc, 0x1, 0xf4, 0x0, 0x0, 0x3e, 0xb,
    0xc0, 0x1f, 0x0, 0x0, 0xb, 0xc0, 0xbc, 0x2,
    0xf0, 0x0, 0x0, 0xfc, 0xb, 0xc0, 0x3e, 0x0,
    0x0, 0x2f, 0x7f, 0xff, 0xf3, 0xff, 0xfc, 0x3,
    0xf3, 0xff, 0xff, 0x7f, 0xff, 0xc0, 0xbf, 0x15,
    0xfd, 0x5f, 0xd6, 0xf4, 0x1f, 0xf0, 0xb, 0xc0,
    0xfc, 0x2f, 0x3, 0xff, 0x0, 0xbc, 0x2f, 0xc2,
    0xe0, 0x7f, 0xf0, 0xb, 0xc7, 0xfc, 0x3d, 0x3,
    0xef, 0x1, 0xfc, 0x7f, 0xd3, 0xd0, 0x25, 0xf1,
    0xff, 0xff, 0xae, 0x7c, 0x0, 0x1f, 0x1f, 0xff,
    0xe1, 0xfb, 0xc0, 0x1, 0xf1, 0xf4, 0x3e, 0xf,
    0xf8, 0x0, 0x1f, 0x1f, 0x3, 0xe0, 0xff, 0x40,
    0x1, 0xf1, 0xf0, 0x3e, 0xb, 0xf0, 0x0, 0x1f,
    0x1f, 0x3, 0xe0, 0x7e, 0x0, 0x1, 0xf1, 0xf0,
    0x3e, 0xf, 0xf0, 0x0, 0x1f, 0x1f, 0xff, 0xe2,
    0xff, 0x80, 0x1, 0xf1, 0xff, 0xfe, 0x7e, 0xbd,
    0x0, 0x1f, 0x1f, 0x55, 0x7f, 0xc3, 0xf8, 0x1,
    0xf1, 0xf0, 0xb, 0xf0, 0xf, 0xc0, 0x1f, 0x0,
    0x0, 0x28, 0x0, 0x20,

    /* U+505C "停" */
    0x0, 0x0, 0x0, 0x0, 0x40, 0x0, 0x0, 0x3,
    0x90, 0x1, 0xf4, 0x0, 0x0, 0x1, 0xf4, 0x0,
    0x7f, 0x0, 0x0, 0x0, 0xfe, 0xff, 0xff, 0xff,
    0xfe, 0x0, 0x7e, 0xbf, 0xff, 0xff, 0xff, 0x80,
    0x3f, 0x0, 0x0, 0x0, 0x0, 0x0, 0x1f, 0x80,
    0xff, 0xff, 0xff, 0x80, 0xf, 0xc0, 0x3f, 0xff,
    0xff, 0xf0, 0xb, 0xf0, 0xf, 0x80, 0x0, 0xfc,
    0x7, 0xfc, 0x3, 0xe0, 0x0, 0x3f, 0x3, 0xff,
    0x0, 0xff, 0xff, 0xff, 0xc0, 0xff, 0xc0, 0x3f,
    0xff, 0xff, 0xe0, 0x2e, 0xf0, 0x0, 0x0, 0x0,
    0x0, 0x0, 0x7c, 0x3f, 0xff, 0xff, 0xff, 0xf0,
    0x1f, 0xf, 0xff, 0xff, 0xff, 0xfc, 0x7, 0xc3,
    0xd5, 0x55, 0x55, 0x7f, 0x1, 0xf0, 0xf4, 0x0,
    0x0, 0xb, 0xc0, 0x7c, 0x2b, 0xff, 0xff, 0xfe,
    0xa0, 0x1f, 0x0, 0xbf, 0xff, 0xff, 0x0, 0x7,
    0xc0, 0x0, 0xf, 0xc0, 0x0, 0x1, 0xf0, 0x0,
    0x3, 0xf0, 0x0, 0x0, 0x7c, 0x0, 0x0, 0xfc,
    0x0, 0x0, 0x1f, 0x0, 0x5, 0x7f, 0x0, 0x0,
    0x7, 0xc0, 0x7, 0xff, 0x80, 0x0, 0x1, 0xf0,
    0x0, 0xff, 0x80, 0x0, 0x0, 0x0, 0x0, 0x0,
    0x0, 0x0, 0x0,

    /* U+508D "傍" */
    0x0, 0x0, 0x0, 0x0, 0x50, 0x0, 0x0, 0x2,
    0xe0, 0x0, 0xfc, 0x0, 0x0, 0x0, 0xfc, 0x0,
    0x2f, 0x0, 0x0, 0x0, 0xbd, 0xff, 0xff, 0xff,
    0xfc, 0x0, 0x3f, 0x3f, 0xff, 0xff, 0xff, 0x0,
    0x2f, 0x85, 0x7d, 0x55, 0xf9, 0x40, 0xf, 0xc0,
    0x1f, 0x40, 0x3e, 0x0, 0xb, 0xe0, 0x3, 0xe0,
    0x1f, 0x40, 0x7, 0xf8, 0xbf, 0xff, 0xff, 0xff,
    0x83, 0xfe, 0x2f, 0xff, 0xff, 0xff, 0xe3, 0xff,
    0x8b, 0xd5, 0x55, 0x55, 0xf8, 0xff, 0xe2, 0xf0,
    0xf, 0x80, 0x3e, 0x1e, 0xf8, 0x68, 0x3, 0xf0,
    0x5, 0x42, 0x3e, 0x5, 0x55, 0xfd, 0x55, 0x40,
    0xf, 0x83, 0xff, 0xff, 0xff, 0xf0, 0x3, 0xe0,
    0xff, 0xff, 0xff, 0xfc, 0x0, 0xf8, 0x0, 0x7d,
    0x0, 0x0, 0x0, 0x3e, 0x0, 0x2f, 0x55, 0x55,
    0x0, 0xf, 0x80, 0xf, 0xff, 0xff, 0xc0, 0x3,
    0xe0, 0x3, 0xff, 0xff, 0xf0, 0x0, 0xf8, 0x2,
    0xf4, 0x0, 0xfc, 0x0, 0x3e, 0x2, 0xfc, 0x0,
    0x3f, 0x0, 0xf, 0x87, 0xfc, 0x1, 0x2f, 0x80,
    0x3, 0xe3, 0xfc, 0x1, 0xff, 0xd0, 0x0, 0xf4,
    0x34, 0x0, 0x3f, 0xd0, 0x0,

    /* U+5165 "入" */
    0x0, 0x0, 0x50, 0x0, 0x0, 0x0, 0x0, 0x0,
    0xf, 0x80, 0x0, 0x0, 0x0, 0x0, 0x2, 0xfe,
    0x0, 0x0, 0x0, 0x0, 0x0, 0xb, 0xf4, 0x0,
    0x0, 0x0, 0x0, 0x0, 0x2f, 0xd0, 0x0, 0x0,
    0x0, 0x0, 0x0, 0xbf, 0x0, 0x0, 0x0, 0x0,
    0x0, 0x3, 0xf8, 0x0, 0x0, 0x0, 0x0, 0x0,
    0x3f, 0xd0, 0x0, 0x0, 0x0, 0x0, 0x3, 0xff,
    0x0, 0x0, 0x0, 0x0, 0x0, 0x7f, 0xf4, 0x0,
    0x0, 0x0, 0x0, 0xf, 0xff, 0xc0, 0x0, 0x0,
    0x0, 0x0, 0xfc, 0xfd, 0x0, 0x0, 0x0, 0x0,
    0x2f, 0xc7, 0xf0, 0x0, 0x0, 0x0, 0x3, 0xf4,
    0x3f, 0x80, 0x0, 0x0, 0x0, 0xbf, 0x1, 0xfc,
    0x0, 0x0, 0x0, 0xf, 0xd0, 0xb, 0xf0, 0x0,
    0x0, 0x3, 0xfc, 0x0, 0x3f, 0x80, 0x0, 0x0,
    0xbf, 0x40, 0x2, 0xfd, 0x0, 0x0, 0x2f, 0xe0,
    0x0, 0xf, 0xf4, 0x0, 0xb, 0xfc, 0x0, 0x0,
    0x3f, 0xd0, 0x3, 0xff, 0x0, 0x0, 0x1, 0xff,
    0x82, 0xff, 0xc0, 0x0, 0x0, 0x7, 0xfc, 0xf,
    0xe0, 0x0, 0x0, 0x0, 0x1f, 0x80, 0x34, 0x0,
    0x0, 0x0, 0x0, 0x20, 0x0, 0x0, 0x0, 0x0,
    0x0, 0x0, 0x0,

    /* U+5168 "全" */
    0x0, 0x0, 0x0, 0x0, 0x0, 0x0, 0x0, 0x0,
    0x0, 0xb, 0x40, 0x0, 0x0, 0x0, 0x0, 0x1,
    0xfc, 0x0, 0x0, 0x0, 0x0, 0x0, 0x7f, 0xe0,
    0x0, 0x0, 0x0, 0x0, 0x1f, 0xff, 0x80, 0x0,
    0x0, 0x0, 0x7, 0xf4, 0xfe, 0x0, 0x0, 0x0,
    0x2, 0xfd, 0x3, 0xfc, 0x0, 0x0, 0x0, 0xff,
    0x40, 0xf, 0xf8, 0x0, 0x0, 0xbf, 0xc0, 0x0,
    0x2f, 0xf4, 0x0, 0x7f, 0xe0, 0x0, 0x0, 0x7f,
    0xf0, 0x3f, 0xfe, 0xaa, 0xaa, 0xaa, 0xff, 0xd1,
    0xfb, 0xff, 0xff, 0xff, 0xfe, 0xfc, 0x4, 0x2f,
    0xff, 0xff, 0xff, 0xd2, 0x0, 0x0, 0x0, 0x1f,
    0x80, 0x0, 0x0, 0x0, 0x0, 0x1, 0xf8, 0x0,
    0x0, 0x0, 0x0, 0x0, 0x1f, 0x80, 0x0, 0x0,
    0x0, 0x1f, 0xff, 0xff, 0xff, 0xc0, 0x0, 0x1,
    0xff, 0xff, 0xff, 0xfc, 0x0, 0x0, 0x5, 0x56,
    0xfd, 0x55, 0x40, 0x0, 0x0, 0x0, 0x1f, 0x80,
    0x0, 0x0, 0x0, 0x0, 0x1, 0xf8, 0x0, 0x0,
    0x0, 0x0, 0x0, 0x1f, 0x80, 0x0, 0x0, 0xf,
    0xff, 0xff, 0xff, 0xff, 0xff, 0x40, 0xff, 0xff,
    0xff, 0xff, 0xff, 0xf4, 0x6, 0xaa, 0xaa, 0xaa,
    0xaa, 0xaa, 0x0,

    /* U+516C "公" */
    0x0, 0x0, 0x0, 0x0, 0x40, 0x0, 0x0, 0x1,
    0xf8, 0x2, 0xf4, 0x0, 0x0, 0x0, 0xfe, 0x0,
    0x7f, 0x0, 0x0, 0x0, 0x7f, 0x0, 0xf, 0xe0,
    0x0, 0x0, 0x3f, 0x80, 0x1, 0xfd, 0x0, 0x0,
    0x2f, 0xc0, 0x0, 0x2f, 0xc0, 0x0, 0x1f, 0xd0,
    0x0, 0x3, 0xfc, 0x0, 0xf, 0xe0, 0x0, 0x0,
    0x3f, 0x80, 0xf, 0xf0, 0xf, 0x40, 0x7, 0xf8,
    0xf, 0xf4, 0x7, 0xf4, 0x0, 0xbf, 0x8b, 0xf4,
    0x3, 0xfc, 0x0, 0xb, 0xe0, 0x78, 0x1, 0xfd,
    0x0, 0x0, 0xe0, 0x0, 0x0, 0xfe, 0x0, 0x0,
    0x0, 0x0, 0x0, 0xbf, 0x0, 0x0, 0x0, 0x0,
    0x0, 0x3f, 0x40, 0x1f, 0x0, 0x0, 0x0, 0x3f,
    0x80, 0xf, 0xe0, 0x0, 0x0, 0x2f, 0xc0, 0x1,
    0xfd, 0x0, 0x0, 0x1f, 0xc0, 0x0, 0x2f, 0xc0,
    0x0, 0x1f, 0xd0, 0x0, 0x17, 0xf8, 0x0, 0x1f,
    0xff, 0xff, 0xff, 0xff, 0x40, 0xf, 0xff, 0xff,
    0xff, 0xff, 0xf0, 0x1, 0xff, 0xff, 0xfa, 0x95,
    0xfe, 0x0, 0x25, 0x40, 0x0, 0x0, 0x1f, 0xc0,
    0x0, 0x0, 0x0, 0x0, 0x3, 0x80, 0x0, 0x0,
    0x0, 0x0, 0x0, 0x0, 0x0,

    /* U+5185 "内" */
    0x0, 0x0, 0x0, 0x0, 0x0, 0x0, 0x0, 0x2,
    0xf0, 0x0, 0x0, 0x0, 0x0, 0x2f, 0x0, 0x0,
    0x0, 0x0, 0x2, 0xf0, 0x0, 0x0, 0x0, 0x0,
    0x2f, 0x0, 0x0, 0x6, 0xaa, 0xab, 0xfa, 0xaa,
    0xb9, 0xbf, 0xff, 0xff, 0xff, 0xff, 0xeb, 0xff,
    0xff, 0xff, 0xff, 0xfe, 0xbc, 0x0, 0x3f, 0x0,
    0x3, 0xeb, 0xc0, 0x3, 0xf0, 0x0, 0x3e, 0xbc,
    0x0, 0x3f, 0x0, 0x3, 0xeb, 0xc0, 0x7, 0xf4,
    0x0, 0x3e, 0xbc, 0x0, 0xbf, 0xd0, 0x3, 0xeb,
    0xc0, 0xf, 0xff, 0x40, 0x3e, 0xbc, 0x3, 0xf5,
    0xfe, 0x3, 0xeb, 0xc0, 0xbf, 0x7, 0xf8, 0x3e,
    0xbc, 0x2f, 0xc0, 0x1f, 0xe3, 0xeb, 0xdf, 0xf4,
    0x0, 0x7f, 0xbe, 0xbc, 0xfd, 0x0, 0x1, 0xe3,
    0xeb, 0xc2, 0x0, 0x0, 0x0, 0x3e, 0xbc, 0x0,
    0x0, 0x0, 0x3, 0xeb, 0xc0, 0x0, 0x0, 0x0,
    0x3e, 0xbc, 0x0, 0x0, 0xb, 0xff, 0xeb, 0xc0,
    0x0, 0x0, 0x7f, 0xfd, 0xbc, 0x0, 0x0, 0x3,
    0xfe, 0x40,

    /* U+518D "再" */
    0x1a, 0xaa, 0xaa, 0xaa, 0xaa, 0xa9, 0xb, 0xff,
    0xff, 0xff, 0xff, 0xff, 0x82, 0xff, 0xff, 0xff,
    0xff, 0xff, 0xe0, 0x0, 0x0, 0xf, 0x80, 0x0,
    0x0, 0x0, 0x0, 0x3, 0xe0, 0x0, 0x0, 0x0,
    0xff, 0xff, 0xff, 0xff, 0xf8, 0x0, 0x3f, 0xff,
    0xff, 0xff, 0xfe, 0x0, 0xf, 0xd5, 0x6f, 0xd5,
    0x6f, 0x80, 0x3, 0xf0, 0x3, 0xe0, 0x3, 0xe0,
    0x0, 0xfc, 0x1, 0xfc, 0x1, 0xf8, 0x0, 0x3f,
    0xff, 0xff, 0xff, 0xfe, 0x0, 0xf, 0xff, 0xff,
    0xff, 0xff, 0x80, 0x3, 0xf0, 0x7, 0xf0, 0x7,
    0xe0, 0x0, 0xfc, 0x0, 0xf8, 0x0, 0xf8, 0x0,
    0x3f, 0x0, 0x7f, 0x0, 0x7e, 0x3, 0xff, 0xff,
    0xff, 0xff, 0xff, 0xfe, 0xff, 0xff, 0xff, 0xff,
    0xff, 0xff, 0x95, 0xfd, 0x55, 0x55, 0x56, 0xf9,
    0x50, 0x3f, 0x0, 0x0, 0x0, 0x3e, 0x0, 0xf,
    0xc0, 0x0, 0x0, 0xf, 0x80, 0x3, 0xf0, 0x0,
    0x2, 0xab, 0xe0, 0x0, 0xfc, 0x0, 0x0, 0xff,
    0xf4, 0x0, 0x3f, 0x0, 0x0, 0x2f, 0xf4, 0x0,
    0x0, 0x0, 0x0, 0x0, 0x0, 0x0,

    /* U+51C6 "准" */
    0x0, 0x0, 0x2, 0x90, 0x24, 0x0, 0x0, 0x60,
    0x0, 0x3f, 0xf, 0xc0, 0x0, 0x3f, 0x40, 0x7,
    0xd0, 0x7e, 0x0, 0x1, 0xfc, 0x0, 0xfc, 0x3,
    0xf0, 0x0, 0xb, 0xe0, 0x1f, 0xd5, 0x6e, 0x55,
    0x40, 0x3f, 0x3, 0xff, 0xff, 0xff, 0xfc, 0x2,
    0xf8, 0x7f, 0xff, 0xff, 0xff, 0xc0, 0xf, 0x4f,
    0xf0, 0x3, 0xe0, 0x0, 0x0, 0x43, 0xff, 0x0,
    0x3e, 0x0, 0x0, 0x0, 0xbf, 0xf5, 0x57, 0xe5,
    0x50, 0x0, 0x2f, 0xff, 0xff, 0xff, 0xff, 0x40,
    0x0, 0xf3, 0xff, 0xff, 0xff, 0xf4, 0x0, 0x1,
    0x3f, 0x0, 0x3e, 0x0, 0x0, 0x6, 0x3, 0xf0,
    0x3, 0xe0, 0x0, 0x0, 0xbd, 0x3f, 0x0, 0x7e,
    0x0, 0x0, 0xf, 0xc3, 0xff, 0xff, 0xff, 0xf4,
    0x2, 0xf8, 0x3f, 0xff, 0xff, 0xff, 0x40, 0x3f,
    0x3, 0xf0, 0x7, 0xe0, 0x0, 0x7, 0xf0, 0x3f,
    0x0, 0x3e, 0x0, 0x0, 0xfd, 0x3, 0xf0, 0x3,
    0xe0, 0x0, 0x1f, 0xc0, 0x3f, 0xff, 0xff, 0xff,
    0xd3, 0xf8, 0x3, 0xff, 0xff, 0xff, 0xfd, 0x7,
    0x0, 0x3f, 0xaa, 0xaa, 0xaa, 0x80, 0x0, 0x3,
    0xf0, 0x0, 0x0, 0x0,

    /* U+51FA "出" */
    0x0, 0x0, 0x3f, 0x0, 0x0, 0x0, 0x0, 0x3,
    0xf0, 0x0, 0x0, 0x1a, 0x0, 0x3f, 0x0, 0x2a,
    0x2, 0xf4, 0x3, 0xf0, 0x3, 0xf0, 0x2f, 0x40,
    0x3f, 0x0, 0x3f, 0x2, 0xf4, 0x3, 0xf0, 0x3,
    0xf0, 0x2f, 0x40, 0x3f, 0x0, 0x3f, 0x2, 0xf4,
    0x3, 0xf0, 0x3, 0xf0, 0x2f, 0x40, 0x3f, 0x40,
    0x3f, 0x2, 0xff, 0xff, 0xff, 0xff, 0xf0, 0x2f,
    0xff, 0xff, 0xff, 0xff, 0x1, 0xaa, 0xab, 0xfa,
    0xaa, 0xa0, 0x0, 0x0, 0x3f, 0x0, 0x0, 0xf,
    0xc0, 0x3, 0xf0, 0x0, 0xfc, 0xfc, 0x0, 0x3f,
    0x0, 0xf, 0xcf, 0xc0, 0x3, 0xf0, 0x0, 0xfc,
    0xfc, 0x0, 0x3f, 0x0, 0xf, 0xcf, 0xc0, 0x3,
    0xf0, 0x0, 0xfc, 0xfc, 0x0, 0x3f, 0x0, 0xf,
    0xcf, 0xc0, 0x3, 0xf0, 0x0, 0xfc, 0xff, 0xff,
    0xff, 0xff, 0xff, 0xcf, 0xff, 0xff, 0xff, 0xff,
    0xfc, 0xbf, 0xff, 0xff, 0xff, 0xff, 0xc0, 0x0,
    0x0, 0x0, 0x0, 0xfc,

    /* U+521D "初" */
    0x0, 0x0, 0x0, 0x0, 0x0, 0x0, 0x0, 0xa,
    0x0, 0x0, 0x0, 0x0, 0x0, 0xb, 0xd0, 0x0,
    0x0, 0x0, 0x0, 0x0, 0xfc, 0xb, 0xff, 0xff,
    0xfc, 0x0, 0x1f, 0x3, 0xff, 0xff, 0xff, 0x6,
    0xab, 0xa8, 0xab, 0xfe, 0xaf, 0xc2, 0xff, 0xff,
    0x80, 0x7e, 0x2, 0xf0, 0xbf, 0xff, 0xd0, 0x1f,
    0x80, 0xbc, 0x0, 0x3, 0xf0, 0x7, 0xd0, 0x2f,
    0x0, 0x2, 0xf4, 0x1, 0xf4, 0xb, 0xc0, 0x1,
    0xfc, 0x0, 0xbd, 0x2, 0xf0, 0x0, 0xfc, 0x78,
    0x2f, 0x0, 0xbc, 0x0, 0xff, 0x7e, 0xb, 0xc0,
    0x3f, 0x0, 0xbf, 0xfe, 0x3, 0xf0, 0xf, 0xc0,
    0xbf, 0xff, 0x0, 0xf8, 0x3, 0xf0, 0xff, 0xff,
    0xf0, 0x7e, 0x0, 0xfc, 0x3f, 0x7f, 0x7e, 0x2f,
    0x40, 0x3f, 0x7, 0x4f, 0xcb, 0xf, 0xc0, 0xf,
    0x80, 0x3, 0xf0, 0x7, 0xe0, 0x3, 0xe0, 0x0,
    0xfc, 0x3, 0xf4, 0x0, 0xf8, 0x0, 0x3f, 0x2,
    0xfc, 0x0, 0x7d, 0x0, 0xf, 0xc1, 0xfd, 0x0,
    0x2f, 0x40, 0x3, 0xf1, 0xfe, 0xa, 0xaf, 0xc0,
    0x0, 0xfc, 0x7f, 0x2, 0xff, 0xe0, 0x0, 0x3f,
    0x7, 0x0, 0x7f, 0xe0, 0x0, 0x0, 0x0, 0x0,
    0x0, 0x0, 0x0,

    /* U+522B "别" */
    0x0, 0x0, 0x0, 0x0, 0x0, 0x2a, 0xf, 0xff,
    0xff, 0x80, 0x0, 0x3f, 0xf, 0xff, 0xff, 0xc0,
    0x0, 0x3f, 0xf, 0xea, 0xaf, 0xc0, 0xf8, 0x3f,
    0xf, 0x80, 0xf, 0xc0, 0xf8, 0x3f, 0xf, 0x80,
    0xf, 0xc0, 0xf8, 0x3f, 0xf, 0x80, 0xf, 0xc0,
    0xf8, 0x3f, 0xf, 0xea, 0xaf, 0xc0, 0xf8, 0x3f,
    0xf, 0xff, 0xff, 0xc0, 0xf8, 0x3f, 0xf, 0xff,
    0xff, 0xc0, 0xf8, 0x3f, 0x0, 0x15, 0x0, 0x0,
    0xf8, 0x3f, 0x0, 0x2f, 0x0, 0x0, 0xf8, 0x3f,
    0x1a, 0xbf, 0xaa, 0x80, 0xf8, 0x3f, 0x2f, 0xff,
    0xff, 0xd0, 0xf8, 0x3f, 0x2f, 0xff, 0xff, 0xd0,
    0xf8, 0x3f, 0x0, 0x3e, 0x7, 0xd0, 0xf8, 0x3f,
    0x0, 0x3d, 0xb, 0xc0, 0xf8, 0x3f, 0x0, 0x7c,
    0xb, 0xc0, 0xa4, 0x3f, 0x0, 0xfc, 0xb, 0xc0,
    0x0, 0x3f, 0x1, 0xf8, 0xf, 0xc0, 0x0, 0x3f,
    0x7, 0xf0, 0xf, 0xc0, 0x0, 0x3f, 0x1f, 0xd2,
    0xaf, 0x80, 0x2f, 0xff, 0x3f, 0x43, 0xff, 0x40,
    0x1f, 0xfe, 0xd, 0x2, 0xfd, 0x0, 0xf, 0xf8,
    0x0, 0x0, 0x0, 0x0, 0x0, 0x0,

    /* U+5230 "到" */
    0x0, 0x0, 0x0, 0x0, 0x0, 0xbc, 0x2a, 0xaa,
    0xaa, 0xa0, 0x0, 0xbc, 0x7f, 0xff, 0xff, 0xf1,
    0xa0, 0xbc, 0x7f, 0xff, 0xff, 0xf2, 0xf0, 0xbc,
    0x0, 0xfc, 0x18, 0x2, 0xf0, 0xbc, 0x2, 0xf4,
    0x7d, 0x2, 0xf0, 0xbc, 0x3, 0xf0, 0x2f, 0x2,
    0xf0, 0xbc, 0xf, 0xc0, 0x5f, 0xc2, 0xf0, 0xbc,
    0x2f, 0xff, 0xff, 0xd2, 0xf0, 0xbc, 0x1f, 0xff,
    0xff, 0xf2, 0xf0, 0xbc, 0xa, 0x54, 0x1, 0xc2,
    0xf0, 0xbc, 0x0, 0xf, 0xc0, 0x2, 0xf0, 0xbc,
    0x0, 0xf, 0xc0, 0x2, 0xf0, 0xbc, 0x1a, 0xaf,
    0xea, 0x92, 0xf0, 0xbc, 0x2f, 0xff, 0xff, 0xe2,
    0xf0, 0xbc, 0x2f, 0xff, 0xff, 0xe2, 0xf0, 0xbc,
    0x0, 0xf, 0xc0, 0x2, 0xf0, 0xbc, 0x0, 0xf,
    0xc0, 0x2, 0xf0, 0xbc, 0x0, 0xf, 0xc1, 0x60,
    0x0, 0xbc, 0x0, 0xf, 0xff, 0xf0, 0x0, 0xbc,
    0x2b, 0xff, 0xff, 0xf0, 0x0, 0xbc, 0x7f, 0xff,
    0xf9, 0x0, 0x2a, 0xfc, 0x3f, 0xa4, 0x0, 0x0,
    0x3f, 0xfc, 0x0, 0x0, 0x0, 0x0, 0x2f, 0xe0,

    /* U+524D "前" */
    0x0, 0x0, 0x0, 0x0, 0x0, 0x0, 0x0, 0x6c,
    0x0, 0x0, 0x39, 0x0, 0x0, 0xbf, 0x0, 0x0,
    0x7f, 0x0, 0x0, 0x3f, 0x80, 0x0, 0xfd, 0x0,
    0x0, 0x1f, 0x80, 0x2, 0xf8, 0x0, 0xbf, 0xff,
    0xff, 0xff, 0xff, 0xff, 0xbf, 0xff, 0xff, 0xff,
    0xff, 0xff, 0x6a, 0xaa, 0xaa, 0xaa, 0xaa, 0xa9,
    0x0, 0x0, 0x0, 0x0, 0x0, 0x0, 0xf, 0xff,
    0xfe, 0x6, 0x81, 0xf4, 0x1f, 0xff, 0xff, 0xb,
    0xc1, 0xf4, 0x1f, 0xaa, 0xbf, 0xb, 0xc1, 0xf4,
    0x1f, 0x40, 0x3f, 0xb, 0xc1, 0xf4, 0x1f, 0xea,
    0xbf, 0xb, 0xc1, 0xf4, 0x1f, 0xff, 0xff, 0xb,
    0xc1, 0xf4, 0x1f, 0xaa, 0xbf, 0xb, 0xc1, 0xf4,
    0x1f, 0x40, 0x3f, 0xb, 0xc1, 0xf4, 0x1f, 0xaa,
    0xbf, 0xb, 0xc1, 0xf4, 0x1f, 0xff, 0xff, 0xb,
    0xc1, 0xf4, 0x1f, 0xaa, 0xbf, 0xb, 0xc1, 0xf4,
    0x1f, 0x40, 0x3f, 0x0, 0x1, 0xf4, 0x1f, 0x40,
    0x3f, 0x0, 0x1, 0xf4, 0x1f, 0x45, 0x7f, 0x0,
    0xab, 0xf4, 0x1f, 0x47, 0xfe, 0x0, 0xbf, 0xf0,
    0xf, 0x43, 0xf8, 0x0, 0x7f, 0x90,

    /* U+529E "办" */
    0x0, 0x0, 0x0, 0x0, 0x0, 0x0, 0x0, 0x0,
    0x3, 0xf0, 0x0, 0x0, 0x0, 0x0, 0x0, 0x3f,
    0x0, 0x0, 0x0, 0x0, 0x0, 0x3, 0xf0, 0x0,
    0x0, 0x0, 0x0, 0x0, 0x3f, 0x0, 0x0, 0x0,
    0x0, 0xaa, 0xab, 0xfe, 0xab, 0xa0, 0x0, 0xf,
    0xff, 0xff, 0xff, 0xfe, 0x0, 0x0, 0xff, 0xff,
    0xff, 0xff, 0xe0, 0x0, 0x0, 0x0, 0x3f, 0x40,
    0xbe, 0x0, 0x0, 0x0, 0x3, 0xf0, 0x7, 0xe0,
    0x0, 0x0, 0xe0, 0x3f, 0x0, 0x7f, 0xf8, 0x0,
    0x2f, 0x43, 0xf0, 0xb, 0xef, 0xc0, 0x3, 0xf0,
    0x7e, 0x0, 0xbe, 0xbd, 0x0, 0x7e, 0xb, 0xe0,
    0xb, 0xd7, 0xe0, 0xf, 0xc0, 0xfd, 0x0, 0xbd,
    0x3f, 0x2, 0xfc, 0x1f, 0xc0, 0xf, 0xd2, 0xf4,
    0x3f, 0x43, 0xf8, 0x0, 0xfd, 0x1f, 0x82, 0xe0,
    0x7f, 0x0, 0xf, 0xc0, 0xfc, 0x0, 0xf, 0xe0,
    0x0, 0xfc, 0x9, 0x0, 0x2, 0xfc, 0x0, 0xf,
    0xc0, 0x0, 0x0, 0xbf, 0x80, 0x1, 0xfc, 0x0,
    0x0, 0x2f, 0xf0, 0x0, 0x3f, 0x80, 0x0, 0xf,
    0xfc, 0x7, 0xff, 0xf4, 0x0, 0x3, 0xff, 0x0,
    0x3f, 0xff, 0x0, 0x0, 0xf, 0x80, 0x3, 0xff,
    0x80, 0x0, 0x0, 0x10, 0x0, 0x0, 0x0, 0x0,
    0x0,

    /* U+52A8 "动" */
    0x0, 0x0, 0x0, 0x1, 0xa0, 0x0, 0x0, 0x0,
    0x0, 0x2, 0xf0, 0x0, 0x2f, 0xff, 0xfd, 0x2,
    0xf0, 0x0, 0x2f, 0xff, 0xfd, 0x2, 0xf0, 0x0,
    0x1a, 0xaa, 0xa8, 0x2, 0xf0, 0x0, 0x0, 0x0,
    0x0, 0x16, 0xf5, 0x54, 0x0, 0x0, 0x0, 0xff,
    0xff, 0xff, 0x0, 0x0, 0x0, 0xff, 0xff, 0xff,
    0xbf, 0xff, 0xff, 0x17, 0xf5, 0x7f, 0xbf, 0xff,
    0xff, 0x3, 0xf0, 0x3e, 0x6a, 0xfe, 0xaa, 0x3,
    0xf0, 0x3e, 0x1, 0xf4, 0x0, 0x3, 0xf0, 0x3e,
    0x2, 0xf0, 0x10, 0x3, 0xe0, 0x3e, 0x3, 0xf0,
    0xf8, 0x3, 0xe0, 0x3e, 0x7, 0xd0, 0x7c, 0x7,
    0xd0, 0x3e, 0xb, 0xc0, 0x3d, 0xb, 0xc0, 0x3e,
    0xf, 0x80, 0x7f, 0xf, 0xc0, 0x7d, 0x1f, 0xaf,
    0xff, 0xf, 0x80, 0x7d, 0x3f, 0xff, 0xff, 0x6f,
    0x40, 0x7d, 0x3f, 0xfd, 0xf, 0xbf, 0x0, 0xbc,
    0x3e, 0x40, 0x0, 0xfe, 0x0, 0xfc, 0x0, 0x0,
    0x2, 0xfc, 0xab, 0xfc, 0x0, 0x0, 0x3, 0xf4,
    0xbf, 0xf4, 0x0, 0x0, 0x0, 0xe0, 0x7f, 0xd0,
    0x0, 0x0, 0x0, 0x0, 0x0, 0x0,

    /* U+5317 "北" */
    0x0, 0x0, 0xa4, 0x6, 0x80, 0x0, 0x0, 0x0,
    0xf, 0x80, 0xfc, 0x0, 0x0, 0x0, 0x0, 0xf8,
    0xf, 0xc0, 0x0, 0x0, 0x0, 0xf, 0x80, 0xfc,
    0x0, 0x0, 0x0, 0x0, 0xf8, 0xf, 0xc0, 0x4,
    0x0, 0x0, 0xf, 0x80, 0xfc, 0x2, 0xf0, 0x1a,
    0xab, 0xf8, 0xf, 0xc0, 0xff, 0x81, 0xff, 0xff,
    0x80, 0xfc, 0x7f, 0xf0, 0x1f, 0xff, 0xf8, 0xf,
    0xff, 0xf4, 0x0, 0x0, 0xf, 0x80, 0xff, 0xf8,
    0x0, 0x0, 0x0, 0xf8, 0xf, 0xf8, 0x0, 0x0,
    0x0, 0xf, 0x80, 0xfd, 0x0, 0x0, 0x0, 0x0,
    0xf8, 0xf, 0xc0, 0x0, 0x0, 0x0, 0xf, 0x80,
    0xfc, 0x0, 0x0, 0x0, 0x0, 0xf8, 0xf, 0xc0,
    0x0, 0x0, 0x0, 0x1f, 0x80, 0xfc, 0x0, 0x0,
    0x0, 0x2f, 0xf8, 0xf, 0xc0, 0x3, 0x40, 0x7f,
    0xff, 0x80, 0xfc, 0x0, 0x7d, 0x3f, 0xfe, 0xf8,
    0xf, 0xc0, 0x7, 0xd3, 0xfd, 0xf, 0x80, 0xfc,
    0x0, 0x7d, 0x19, 0x0, 0xf8, 0xf, 0xd0, 0xf,
    0xc0, 0x0, 0xf, 0x80, 0xbf, 0xff, 0xfc, 0x0,
    0x0, 0xf8, 0x3, 0xff, 0xff, 0x40, 0x0, 0xf,
    0x80, 0xa, 0xaa, 0x90,

    /* U+5348 "午" */
    0x0, 0x0, 0x0, 0x0, 0x0, 0x0, 0x0, 0x3e,
    0x0, 0x0, 0x0, 0x0, 0x0, 0x3f, 0x0, 0x0,
    0x0, 0x0, 0x0, 0xbe, 0x0, 0x0, 0x0, 0x0,
    0x0, 0xff, 0xaa, 0xaa, 0xaa, 0xa0, 0x1, 0xff,
    0xff, 0xff, 0xff, 0xf0, 0x3, 0xff, 0xff, 0xff,
    0xff, 0xf0, 0xb, 0xf0, 0x7, 0xe0, 0x0, 0x0,
    0x1f, 0xd0, 0x3, 0xe0, 0x0, 0x0, 0x3f, 0x80,
    0x3, 0xe0, 0x0, 0x0, 0x3f, 0x0, 0x3, 0xe0,
    0x0, 0x0, 0x9, 0x0, 0x3, 0xe0, 0x0, 0x0,
    0x0, 0x0, 0x7, 0xe0, 0x0, 0x0, 0x7f, 0xff,
    0xff, 0xff, 0xff, 0xff, 0x7f, 0xff, 0xff, 0xff,
    0xff, 0xff, 0x7f, 0xff, 0xff, 0xff, 0xff, 0xfe,
    0x0, 0x0, 0x3, 0xe0, 0x0, 0x0, 0x0, 0x0,
    0x3, 0xe0, 0x0, 0x0, 0x0, 0x0, 0x3, 0xe0,
    0x0, 0x0, 0x0, 0x0, 0x3, 0xe0, 0x0, 0x0,
    0x0, 0x0, 0x3, 0xe0, 0x0, 0x0, 0x0, 0x0,
    0x3, 0xe0, 0x0, 0x0, 0x0, 0x0, 0x3, 0xe0,
    0x0, 0x0, 0x0, 0x0, 0x3, 0xe0, 0x0, 0x0,
    0x0, 0x0, 0x3, 0xe0, 0x0, 0x0,

    /* U+5361 "卡" */
    0x0, 0x0, 0xf, 0xc0, 0x0, 0x0, 0x0, 0x0,
    0xf, 0xc0, 0x0, 0x0, 0x0, 0x0, 0xf, 0xc0,
    0x0, 0x0, 0x0, 0x0, 0xf, 0xea, 0xaa, 0x90,
    0x0, 0x0, 0xf, 0xff, 0xff, 0xd0, 0x0, 0x0,
    0xf, 0xff, 0xff, 0xd0, 0x0, 0x0, 0xf, 0xc0,
    0x0, 0x0, 0x0, 0x0, 0xf, 0xc0, 0x0, 0x0,
    0x0, 0x0, 0xf, 0xc0, 0x0, 0x0, 0x6a, 0xaa,
    0xaf, 0xea, 0xaa, 0xaa, 0xbf, 0xff, 0xff, 0xff,
    0xff, 0xff, 0xbf, 0xff, 0xff, 0xff, 0xff, 0xff,
    0x0, 0x0, 0xf, 0xc0, 0x0, 0x0, 0x0, 0x0,
    0xf, 0xc0, 0x0, 0x0, 0x0, 0x0, 0xf, 0xc8,
    0x0, 0x0, 0x0, 0x0, 0xf, 0xef, 0xd0, 0x0,
    0x0, 0x0, 0xf, 0xef, 0xfe, 0x40, 0x0, 0x0,
    0xf, 0xc2, 0xff, 0xf4, 0x0, 0x0, 0xf, 0xc0,
    0x1f, 0xf4, 0x0, 0x0, 0xf, 0xc0, 0x1, 0xf0,
    0x0, 0x0, 0xf, 0xc0, 0x0, 0x0, 0x0, 0x0,
    0xf, 0xc0, 0x0, 0x0, 0x0, 0x0, 0xf, 0xc0,
    0x0, 0x0, 0x0, 0x0, 0xf, 0xc0, 0x0, 0x0,

    /* U+53BB "去" */
    0x0, 0x0, 0x3, 0xe0, 0x0, 0x0, 0x0, 0x0,
    0x1, 0xf8, 0x0, 0x0, 0x0, 0x0, 0x0, 0x7e,
    0x0, 0x0, 0x0, 0x0, 0x0, 0x1f, 0x80, 0x0,
    0x0, 0xb, 0xff, 0xff, 0xff, 0xff, 0xf0, 0x2,
    0xff, 0xff, 0xff, 0xff, 0xfc, 0x0, 0x6a, 0xaa,
    0xff, 0xaa, 0xaa, 0x0, 0x0, 0x0, 0x1f, 0x80,
    0x0, 0x0, 0x0, 0x0, 0x7, 0xe0, 0x0, 0x0,
    0x0, 0x0, 0x1, 0xf8, 0x0, 0x0, 0x5, 0x55,
    0x55, 0xbf, 0x55, 0x55, 0x52, 0xff, 0xff, 0xff,
    0xff, 0xff, 0xfc, 0xbf, 0xff, 0xff, 0xff, 0xff,
    0xff, 0x5, 0x55, 0x7f, 0x95, 0x55, 0x55, 0x40,
    0x0, 0x2f, 0xc0, 0x5, 0x0, 0x0, 0x0, 0x1f,
    0xc0, 0xf, 0xd0, 0x0, 0x0, 0xf, 0xd0, 0x1,
    0xfc, 0x0, 0x0, 0xb, 0xe0, 0x0, 0x2f, 0xc0,
    0x0, 0x7, 0xf0, 0x0, 0x3, 0xf8, 0x0, 0x7,
    0xf0, 0x1, 0x56, 0xff, 0x40, 0x7, 0xff, 0xff,
    0xff, 0xff, 0xf0, 0x3, 0xff, 0xff, 0xff, 0xff,
    0xfe, 0x0, 0x7f, 0xfe, 0xa5, 0x40, 0x1f, 0xc0,
    0x4, 0x0, 0x0, 0x0, 0x3, 0x80, 0x0, 0x0,
    0x0, 0x0, 0x0, 0x0, 0x0,

    /* U+53D1 "发" */
    0x0, 0x0, 0x0, 0x0, 0x0, 0x0, 0x0, 0x1,
    0x50, 0x2f, 0x80, 0x70, 0x0, 0x0, 0x3f, 0x3,
    0xf4, 0x1f, 0xc0, 0x0, 0x3, 0xf0, 0x3f, 0x0,
    0xbf, 0x0, 0x0, 0xbd, 0x3, 0xf0, 0x2, 0xf4,
    0x0, 0xf, 0xc0, 0x7f, 0x0, 0xd, 0x0, 0x2,
    0xfe, 0xaf, 0xfa, 0xaa, 0xaa, 0x40, 0x3f, 0xff,
    0xff, 0xff, 0xff, 0xf4, 0x3, 0xff, 0xff, 0xff,
    0xff, 0xff, 0x40, 0x10, 0x1, 0xfc, 0x0, 0x0,
    0x0, 0x0, 0x0, 0x3f, 0x80, 0x0, 0x0, 0x0,
    0x0, 0x3, 0xfa, 0xaa, 0xa9, 0x0, 0x0, 0x0,
    0xbf, 0xff, 0xff, 0xf8, 0x0, 0x0, 0xf, 0xff,
    0xff, 0xff, 0x0, 0x0, 0x3, 0xff, 0x0, 0xb,
    0xe0, 0x0, 0x0, 0x7f, 0xf8, 0x0, 0xfc, 0x0,
    0x0, 0xf, 0xeb, 0xe0, 0x3f, 0x80, 0x0, 0x3,
    0xfc, 0x3f, 0x4f, 0xf0, 0x0, 0x0, 0xff, 0x0,
    0xff, 0xfc, 0x0, 0x0, 0x7f, 0xd0, 0x7, 0xff,
    0x0, 0x0, 0x3f, 0xf0, 0x0, 0xbf, 0xf8, 0x0,
    0x2, 0xfc, 0x1, 0xff, 0xff, 0xf9, 0x0, 0x9,
    0x6, 0xff, 0xf4, 0x7f, 0xff, 0x80, 0x0, 0x3f,
    0xf4, 0x0, 0x7f, 0xf8, 0x0, 0x2, 0xe0, 0x0,
    0x0, 0x2f, 0x0, 0x0, 0x0, 0x0, 0x0, 0x0,
    0x0,

    /* U+53D6 "取" */
    0x3f, 0xff, 0xff, 0xc0, 0x0, 0x0, 0x3, 0xff,
    0xff, 0xfc, 0x0, 0x0, 0x0, 0x2f, 0xff, 0xff,
    0xff, 0xff, 0xff, 0x40, 0x7d, 0x3, 0xe2, 0xff,
    0xff, 0xf4, 0x7, 0xd0, 0x3e, 0x1f, 0xea, 0xbf,
    0x40, 0x7e, 0x5b, 0xe0, 0x7c, 0x2, 0xf0, 0x7,
    0xff, 0xfe, 0x7, 0xc0, 0x2f, 0x0, 0x7f, 0xff,
    0xe0, 0x3d, 0x3, 0xf0, 0x7, 0xd0, 0x3e, 0x3,
    0xe0, 0x3e, 0x0, 0x7d, 0x3, 0xe0, 0x2f, 0xb,
    0xd0, 0x7, 0xd0, 0x3e, 0x1, 0xf4, 0xfc, 0x0,
    0x7f, 0xff, 0xe0, 0xf, 0x8f, 0x80, 0x7, 0xff,
    0xfe, 0x0, 0xbe, 0xf4, 0x0, 0x7e, 0x5b, 0xe0,
    0x7, 0xff, 0x0, 0x7, 0xd0, 0x3e, 0x0, 0x3f,
    0xd0, 0x0, 0x7d, 0x3, 0xe5, 0x2, 0xfc, 0x0,
    0x7, 0xea, 0xff, 0xe0, 0x3f, 0xc0, 0x3, 0xff,
    0xff, 0xfe, 0xb, 0xff, 0x0, 0x3f, 0xff, 0xbe,
    0x1, 0xff, 0xf8, 0x2, 0x94, 0x3, 0xe0, 0x7f,
    0x4f, 0xe0, 0x0, 0x0, 0x3e, 0x2f, 0xd0, 0x3f,
    0xc0, 0x0, 0x3, 0xe3, 0xf4, 0x0, 0xf8, 0x0,
    0x0, 0x3e, 0xc, 0x0, 0x2, 0x0, 0x0, 0x0,
    0x0, 0x0, 0x0, 0x0,

    /* U+53E3 "口" */
    0xaa, 0xaa, 0xaa, 0xaa, 0xaa, 0x3f, 0xff, 0xff,
    0xff, 0xff, 0xcf, 0xff, 0xff, 0xff, 0xff, 0xf3,
    0xf0, 0x0, 0x0, 0x0, 0xfc, 0xfc, 0x0, 0x0,
    0x0, 0x3f, 0x3f, 0x0, 0x0, 0x0, 0xf, 0xcf,
    0xc0, 0x0, 0x0, 0x3, 0xf3, 0xf0, 0x0, 0x0,
    0x0, 0xfc, 0xfc, 0x0, 0x0, 0x0, 0x3f, 0x3f,
    0x0, 0x0, 0x0, 0xf, 0xcf, 0xc0, 0x0, 0x0,
    0x3, 0xf3, 0xf0, 0x0, 0x0, 0x0, 0xfc, 0xfc,
    0x0, 0x0, 0x0, 0x3f, 0x3f, 0x0, 0x0, 0x0,
    0xf, 0xcf, 0xc0, 0x0, 0x0, 0x3, 0xf3, 0xf0,
    0x0, 0x0, 0x0, 0xfc, 0xfc, 0x0, 0x0, 0x0,
    0x3f, 0x3f, 0xff, 0xff, 0xff, 0xff, 0xcf, 0xff,
    0xff, 0xff, 0xff, 0xf3, 0xff, 0xff, 0xff, 0xff,
    0xfc, 0xfc, 0x0, 0x0, 0x0, 0x3f, 0x3f, 0x0,
    0x0, 0x0, 0xf, 0xc0,

    /* U+53EA "只" */
    0x0, 0x0, 0x0, 0x0, 0x0, 0x0, 0x3, 0xff,
    0xff, 0xff, 0xff, 0xc0, 0x3, 0xff, 0xff, 0xff,
    0xff, 0xc0, 0x3, 0xfa, 0xaa, 0xaa, 0xaf, 0xc0,
    0x3, 0xf0, 0x0, 0x0, 0xf, 0xc0, 0x3, 0xf0,
    0x0, 0x0, 0xf, 0xc0, 0x3, 0xf0, 0x0, 0x0,
    0xf, 0xc0, 0x3, 0xf0, 0x0, 0x0, 0xf, 0xc0,
    0x3, 0xf0, 0x0, 0x0, 0xf, 0xc0, 0x3, 0xf0,
    0x0, 0x0, 0xf, 0xc0, 0x3, 0xfa, 0xaa, 0xaa,
    0xaf, 0xc0, 0x3, 0xff, 0xff, 0xff, 0xff, 0xc0,
    0x3, 0xff, 0xff, 0xff, 0xff, 0xc0, 0x0, 0x0,
    0x0, 0x0, 0x0, 0x0, 0x0, 0x0, 0x0, 0x0,
    0x0, 0x0, 0x0, 0x3, 0x80, 0x1, 0xc0, 0x0,
    0x0, 0xb, 0xf0, 0xb, 0xf4, 0x0, 0x0, 0x2f,
    0xd0, 0x2, 0xfe, 0x0, 0x0, 0xff, 0x40, 0x0,
    0xbf, 0x80, 0x7, 0xfd, 0x0, 0x0, 0x1f, 0xe0,
    0x2f, 0xf0, 0x0, 0x0, 0x7, 0xf8, 0x7f, 0xc0,
    0x0, 0x0, 0x1, 0xfd, 0x1e, 0x0, 0x0, 0x0,
    0x0, 0x60, 0x0, 0x0, 0x0, 0x0, 0x0, 0x0,

    /* U+5403 "吃" */
    0x0, 0x0, 0x0, 0x64, 0x0, 0x0, 0x0, 0x0,
    0x0, 0x3f, 0x0, 0x0, 0x2, 0xaa, 0xa0, 0x1f,
    0x80, 0x0, 0x1, 0xff, 0xfc, 0xf, 0xd0, 0x0,
    0x0, 0x7f, 0xff, 0x7, 0xff, 0xff, 0xfe, 0x1f,
    0x4b, 0xc3, 0xff, 0xff, 0xff, 0x87, 0xc1, 0xf2,
    0xfe, 0xaa, 0xaa, 0x91, 0xf0, 0x7d, 0xfc, 0x0,
    0x0, 0x0, 0x7c, 0x1f, 0xfe, 0x0, 0x0, 0x0,
    0x1f, 0x7, 0xcb, 0xaa, 0xaa, 0xa4, 0x7, 0xc1,
    0xf0, 0x3f, 0xff, 0xff, 0x41, 0xf0, 0x7c, 0xf,
    0xff, 0xff, 0x40, 0x7c, 0x1f, 0x0, 0x0, 0xff,
    0x0, 0x1f, 0x7, 0xc0, 0x1, 0xff, 0x0, 0x7,
    0xc1, 0xf0, 0x1, 0xfe, 0x0, 0x1, 0xff, 0xfc,
    0x1, 0xfd, 0x0, 0x0, 0x7f, 0xff, 0x1, 0xfd,
    0x0, 0x0, 0x1f, 0xff, 0xc1, 0xfd, 0x0, 0x1,
    0x7, 0xc0, 0x0, 0xfd, 0x0, 0x1, 0xf1, 0xf0,
    0x0, 0x7e, 0x0, 0x0, 0x7c, 0x0, 0x0, 0x2f,
    0x40, 0x0, 0x2f, 0x0, 0x0, 0xb, 0xff, 0xff,
    0xff, 0xc0, 0x0, 0x0, 0xff, 0xff, 0xff, 0xd0,
    0x0, 0x0, 0xb, 0xff, 0xff, 0xd0,

    /* U+5408 "合" */
    0x0, 0x0, 0x0, 0x0, 0x0, 0x0, 0x0, 0x0,
    0x0, 0x3, 0x80, 0x0, 0x0, 0x0, 0x0, 0x0,
    0xfe, 0x0, 0x0, 0x0, 0x0, 0x0, 0x3f, 0xd0,
    0x0, 0x0, 0x0, 0x0, 0xf, 0xff, 0x40, 0x0,
    0x0, 0x0, 0x3, 0xfe, 0xfe, 0x0, 0x0, 0x0,
    0x1, 0xff, 0x7, 0xfc, 0x0, 0x0, 0x0, 0xff,
    0xc0, 0x1f, 0xf8, 0x0, 0x0, 0xbf, 0xe0, 0x0,
    0x3f, 0xf8, 0x0, 0xbf, 0xfe, 0xaa, 0xaa, 0xff,
    0xf8, 0x3f, 0xff, 0xff, 0xff, 0xff, 0xbf, 0xc0,
    0xfd, 0xbf, 0xff, 0xff, 0xe0, 0xb0, 0x5, 0x0,
    0x0, 0x0, 0x0, 0x0, 0x0, 0x0, 0x0, 0x0,
    0x0, 0x0, 0x0, 0x0, 0x2a, 0xaa, 0xaa, 0xaa,
    0x90, 0x0, 0x3, 0xff, 0xff, 0xff, 0xfe, 0x0,
    0x0, 0x3f, 0xff, 0xff, 0xff, 0xe0, 0x0, 0x3,
    0xe0, 0x0, 0x0, 0x7e, 0x0, 0x0, 0x3e, 0x0,
    0x0, 0x7, 0xe0, 0x0, 0x3, 0xe0, 0x0, 0x0,
    0x7e, 0x0, 0x0, 0x3e, 0x0, 0x0, 0x7, 0xe0,
    0x0, 0x3, 0xfa, 0xaa, 0xaa, 0xbe, 0x0, 0x0,
    0x3f, 0xff, 0xff, 0xff, 0xe0, 0x0, 0x3, 0xff,
    0xff, 0xff, 0xfe, 0x0, 0x0, 0x3e, 0x0, 0x0,
    0x7, 0xe0, 0x0, 0x0, 0x0, 0x0, 0x0, 0x0,
    0x0,

    /* U+540E "后" */
    0x0, 0x0, 0x0, 0x0, 0x6, 0xd0, 0x0, 0x0,
    0x0, 0x5a, 0xff, 0xff, 0x40, 0x1, 0xff, 0xff,
    0xff, 0xff, 0xe4, 0x0, 0x1f, 0xff, 0xff, 0xe9,
    0x40, 0x0, 0x1, 0xfd, 0x50, 0x0, 0x0, 0x0,
    0x0, 0x1f, 0x80, 0x0, 0x0, 0x0, 0x0, 0x1,
    0xf8, 0x0, 0x0, 0x0, 0x0, 0x0, 0x1f, 0xff,
    0xff, 0xff, 0xff, 0xfc, 0x1, 0xff, 0xff, 0xff,
    0xff, 0xff, 0xc0, 0x1f, 0xea, 0xaa, 0xaa, 0xaa,
    0xa8, 0x1, 0xf8, 0x0, 0x0, 0x0, 0x0, 0x0,
    0x1f, 0x80, 0x0, 0x0, 0x0, 0x0, 0x1, 0xf4,
    0x0, 0x0, 0x0, 0x0, 0x0, 0x2f, 0x4f, 0xff,
    0xff, 0xff, 0xc0, 0x2, 0xf4, 0xff, 0xff, 0xff,
    0xfc, 0x0, 0x2f, 0xf, 0xea, 0xaa, 0xaf, 0xc0,
    0x3, 0xf0, 0xfc, 0x0, 0x0, 0xfc, 0x0, 0x3f,
    0xf, 0xc0, 0x0, 0xf, 0xc0, 0x7, 0xe0, 0xfc,
    0x0, 0x0, 0xfc, 0x0, 0xfc, 0xf, 0xc0, 0x0,
    0xf, 0xc0, 0xf, 0xc0, 0xfe, 0xaa, 0xaa, 0xfc,
    0x3, 0xf8, 0xf, 0xff, 0xff, 0xff, 0xc0, 0x3f,
    0x0, 0xff, 0xff, 0xff, 0xfc, 0x0, 0x90, 0xf,
    0xc0, 0x0, 0xf, 0xc0, 0x0, 0x0, 0x0, 0x0,
    0x0, 0x0, 0x0,

    /* U+5411 "向" */
    0x0, 0x0, 0x0, 0x0, 0x0, 0x0, 0x0, 0x3,
    0xe0, 0x0, 0x0, 0x0, 0x0, 0x7f, 0x0, 0x0,
    0x0, 0x0, 0xf, 0xe0, 0x0, 0x0, 0x0, 0x0,
    0xfc, 0x0, 0x0, 0x6, 0xaa, 0xbf, 0xea, 0xaa,
    0xba, 0xbf, 0xff, 0xff, 0xff, 0xff, 0xfb, 0xff,
    0xff, 0xff, 0xff, 0xff, 0xbc, 0x0, 0x0, 0x0,
    0x3, 0xfb, 0xc0, 0x0, 0x0, 0x0, 0x3f, 0xbc,
    0x0, 0x0, 0x0, 0x3, 0xfb, 0xc0, 0xff, 0xff,
    0xf0, 0x3f, 0xbc, 0xf, 0xff, 0xff, 0x3, 0xfb,
    0xc0, 0xf9, 0x56, 0xf0, 0x3f, 0xbc, 0xf, 0x40,
    0x2f, 0x3, 0xfb, 0xc0, 0xf4, 0x2, 0xf0, 0x3f,
    0xbc, 0xf, 0x40, 0x2f, 0x3, 0xfb, 0xc0, 0xfa,
    0xab, 0xf0, 0x3f, 0xbc, 0xf, 0xff, 0xff, 0x3,
    0xfb, 0xc0, 0xff, 0xff, 0xf0, 0x3f, 0xbc, 0xf,
    0x40, 0x0, 0x3, 0xfb, 0xc0, 0xf4, 0x0, 0x0,
    0x3f, 0xbc, 0x0, 0x0, 0x7, 0xaf, 0xeb, 0xc0,
    0x0, 0x0, 0x3f, 0xfd, 0xbc, 0x0, 0x0, 0x3,
    0xff, 0x40, 0x0, 0x0, 0x0, 0x0, 0x0,

    /* U+544A "告" */
    0x0, 0x0, 0x0, 0x0, 0x0, 0x0, 0x0, 0x38,
    0x3, 0xf0, 0x0, 0x0, 0x0, 0xbd, 0x3, 0xf0,
    0x0, 0x0, 0x0, 0xfc, 0x3, 0xf0, 0x0, 0x0,
    0x2, 0xfe, 0xab, 0xfa, 0xaa, 0x90, 0x3, 0xff,
    0xff, 0xff, 0xff, 0xf0, 0xb, 0xff, 0xff, 0xff,
    0xff, 0xf0, 0x1f, 0xc0, 0x3, 0xf0, 0x0, 0x0,
    0x3f, 0x40, 0x3, 0xf0, 0x0, 0x0, 0xe, 0x0,
    0x3, 0xf0, 0x0, 0x0, 0x6a, 0xaa, 0xab, 0xfa,
    0xaa, 0xa9, 0xbf, 0xff, 0xff, 0xff, 0xff, 0xfd,
    0x7f, 0xff, 0xff, 0xff, 0xff, 0xfd, 0x0, 0x0,
    0x0, 0x0, 0x0, 0x0, 0x0, 0x0, 0x0, 0x0,
    0x0, 0x0, 0x1, 0xff, 0xff, 0xff, 0xff, 0xc0,
    0x1, 0xff, 0xff, 0xff, 0xff, 0xc0, 0x1, 0xfa,
    0xaa, 0xaa, 0xaf, 0xc0, 0x1, 0xf4, 0x0, 0x0,
    0xf, 0xc0, 0x1, 0xf4, 0x0, 0x0, 0xf, 0xc0,
    0x1, 0xf4, 0x0, 0x0, 0xf, 0xc0, 0x1, 0xfe,
    0xaa, 0xaa, 0xaf, 0xc0, 0x1, 0xff, 0xff, 0xff,
    0xff, 0xc0, 0x1, 0xff, 0xff, 0xff, 0xff, 0xc0,
    0x1, 0xf4, 0x0, 0x0, 0xf, 0xc0, 0x0, 0x0,
    0x0, 0x0, 0x0, 0x0,

    /* U+548C "和" */
    0x0, 0x0, 0x19, 0x0, 0x0, 0x0, 0x0, 0x1b,
    0xff, 0x0, 0x0, 0x0, 0x1f, 0xff, 0xff, 0x5a,
    0xaa, 0xa9, 0xf, 0xff, 0xd0, 0x2f, 0xff, 0xff,
    0x9, 0x4f, 0xc0, 0x2f, 0xff, 0xff, 0x0, 0xf,
    0xc0, 0x2f, 0x0, 0x3f, 0x0, 0xf, 0xc0, 0x2f,
    0x0, 0x3f, 0x1a, 0xaf, 0xea, 0x6f, 0x0, 0x3f,
    0x3f, 0xff, 0xff, 0xef, 0x0, 0x3f, 0x3f, 0xff,
    0xff, 0xef, 0x0, 0x3f, 0x0, 0x3f, 0xc0, 0x2f,
    0x0, 0x3f, 0x0, 0x3f, 0xe0, 0x2f, 0x0, 0x3f,
    0x0, 0xbf, 0xf4, 0x2f, 0x0, 0x3f, 0x0, 0xff,
    0xfd, 0x2f, 0x0, 0x3f, 0x2, 0xff, 0xff, 0x2f,
    0x0, 0x3f, 0x7, 0xdf, 0xcf, 0xaf, 0x0, 0x3f,
    0xf, 0xcf, 0xcb, 0x2f, 0x0, 0x3f, 0x2f, 0x4f,
    0xc1, 0x2f, 0x0, 0x3f, 0x3f, 0xf, 0xc0, 0x2f,
    0xea, 0xff, 0x2c, 0xf, 0xc0, 0x2f, 0xff, 0xff,
    0x4, 0xf, 0xc0, 0x2f, 0xff, 0xff, 0x0, 0xf,
    0xc0, 0x2f, 0x0, 0x3f, 0x0, 0xf, 0xc0, 0x2f,
    0x0, 0x3e, 0x0, 0xf, 0xc0, 0x0, 0x0, 0x0,

    /* U+54C1 "品" */
    0x0, 0xbf, 0xff, 0xff, 0xff, 0x0, 0x0, 0xbf,
    0xff, 0xff, 0xff, 0x0, 0x0, 0xbe, 0xaa, 0xaa,
    0xbf, 0x0, 0x0, 0xbc, 0x0, 0x0, 0x3f, 0x0,
    0x0, 0xbc, 0x0, 0x0, 0x3f, 0x0, 0x0, 0xbc,
    0x0, 0x0, 0x3f, 0x0, 0x0, 0xbe, 0xaa, 0xaa,
    0xbf, 0x0, 0x0, 0xbf, 0xff, 0xff, 0xff, 0x0,
    0x0, 0xbf, 0xff, 0xff, 0xff, 0x0, 0x0, 0x0,
    0x0, 0x0, 0x0, 0x0, 0x0, 0x0, 0x0, 0x0,
    0x0, 0x0, 0x2a, 0xaa, 0xa4, 0x1a, 0xaa, 0xa8,
    0x3f, 0xff, 0xf8, 0x2f, 0xff, 0xfd, 0x3f, 0xff,
    0xf8, 0x2f, 0xff, 0xfd, 0x3e, 0x1, 0xf8, 0x2f,
    0x0, 0x7d, 0x3e, 0x1, 0xf8, 0x2f, 0x0, 0x7d,
    0x3e, 0x1, 0xf8, 0x2f, 0x0, 0x7d, 0x3e, 0x1,
    0xf8, 0x2f, 0x0, 0x7d, 0x3e, 0x1, 0xf8, 0x2f,
    0x0, 0x7d, 0x3f, 0xab, 0xf8, 0x2f, 0xaa, 0xfd,
    0x3f, 0xff, 0xf8, 0x2f, 0xff, 0xfd, 0x3f, 0xff,
    0xf8, 0x2f, 0xff, 0xfd, 0x3e, 0x1, 0xf8, 0x2f,
    0x0, 0x7d, 0x0, 0x0, 0x0, 0x0, 0x0, 0x0,

    /* U+5566 "啦" */
    0x0, 0x0, 0x0, 0x0, 0x0, 0x0, 0x0, 0x0,
    0x7, 0xc0, 0xf, 0x80, 0x0, 0x0, 0x1, 0xf0,
    0x2, 0xf0, 0x0, 0xff, 0xf0, 0x7c, 0x0, 0x3d,
    0x0, 0x7f, 0xfc, 0x1f, 0x0, 0xf, 0x40, 0x1f,
    0xff, 0x7, 0xc1, 0xab, 0xaa, 0x47, 0xc7, 0xdf,
    0xff, 0xbf, 0xff, 0xe1, 0xf1, 0xf7, 0xff, 0xdf,
    0xff, 0xf8, 0x7c, 0x7c, 0xaf, 0x90, 0x0, 0x0,
    0x1f, 0x1f, 0x7, 0xc0, 0xf0, 0x1f, 0x7, 0xc7,
    0xc1, 0xf0, 0x3c, 0x7, 0xc1, 0xf1, 0xf0, 0x7c,
    0xf, 0x42, 0xf0, 0x7c, 0x7c, 0x1f, 0x62, 0xe0,
    0xbc, 0x1f, 0x1f, 0xb, 0xfc, 0xb8, 0x3e, 0x7,
    0xc7, 0xef, 0xfe, 0x2f, 0xf, 0x41, 0xf1, 0xf7,
    0xfc, 0x7, 0xc3, 0xd0, 0x7f, 0xfc, 0xaf, 0x1,
    0xf0, 0xf0, 0x1f, 0xff, 0x7, 0xc0, 0x7c, 0x7c,
    0x7, 0xea, 0x41, 0xf0, 0xf, 0x2f, 0x1, 0xf0,
    0x0, 0x7c, 0x3, 0xcb, 0x80, 0x3c, 0x0, 0x1f,
    0x0, 0xf3, 0xd0, 0x0, 0x0, 0x7, 0xc0, 0x0,
    0xf0, 0x0, 0x0, 0x16, 0xf3, 0xff, 0xff, 0xf0,
    0x0, 0x7, 0xfc, 0xff, 0xff, 0xfc, 0x0, 0x0,
    0xf8, 0x15, 0x55, 0x55, 0x0,

    /* U+5582 "喂" */
    0x0, 0x0, 0x0, 0x0, 0x0, 0x0, 0x0, 0x0,
    0xb, 0xff, 0xff, 0xfe, 0x2, 0xea, 0x92, 0xff,
    0xff, 0xff, 0x81, 0xff, 0xf8, 0xbc, 0xf, 0x3,
    0xe0, 0x7f, 0xfe, 0x2f, 0x3, 0xd0, 0xf8, 0x1f,
    0xf, 0x8b, 0xff, 0xff, 0xfe, 0x7, 0xc3, 0xe2,
    0xff, 0xff, 0xff, 0x81, 0xf0, 0xf8, 0xbc, 0xf,
    0x3, 0xe0, 0x7c, 0x3e, 0x2f, 0x3, 0xc0, 0xf8,
    0x1f, 0xf, 0x8b, 0xff, 0xff, 0xfe, 0x7, 0xc3,
    0xe2, 0xff, 0xff, 0xff, 0x81, 0xf0, 0xf8, 0x0,
    0x0, 0x0, 0x0, 0x7c, 0x3e, 0x6a, 0xaa, 0xaa,
    0xaa, 0x1f, 0xf, 0x9f, 0xff, 0xff, 0xff, 0xc7,
    0xd3, 0xe7, 0xff, 0xff, 0xff, 0xf1, 0xff, 0xf8,
    0x3f, 0xb, 0xc0, 0x0, 0x7f, 0xfe, 0xf, 0xc1,
    0xf4, 0x7c, 0x1f, 0xaa, 0x43, 0xf0, 0x3f, 0xbf,
    0x47, 0xc0, 0x0, 0xfc, 0xb, 0xff, 0x1, 0xf0,
    0x0, 0x3f, 0x0, 0xfe, 0x0, 0x0, 0x0, 0xf,
    0xc6, 0x5f, 0xd0, 0x0, 0x0, 0x7, 0xff, 0xe2,
    0xfe, 0x0, 0x0, 0x2, 0xff, 0xf4, 0x2f, 0xf0,
    0x0, 0x0, 0x3e, 0x40, 0x1, 0xf4, 0x0, 0x0,
    0x0, 0x0, 0x0, 0x4, 0x0,

    /* U+56DE "回" */
    0x0, 0x0, 0x0, 0x0, 0x0, 0x3, 0xff, 0xff,
    0xff, 0xff, 0xff, 0xcf, 0xff, 0xff, 0xff, 0xff,
    0xff, 0x3f, 0xff, 0xff, 0xff, 0xff, 0xfc, 0xfc,
    0x0, 0x0, 0x0, 0x3, 0xf3, 0xf0, 0x0, 0x0,
    0x0, 0xf, 0xcf, 0xc0, 0x0, 0x0, 0x0, 0x3f,
    0x3f, 0x3, 0xff, 0xff, 0xc0, 0xfc, 0xfc, 0xf,
    0xff, 0xff, 0x3, 0xf3, 0xf0, 0x3f, 0x55, 0xfc,
    0xf, 0xcf, 0xc0, 0xf8, 0x2, 0xf0, 0x3f, 0x3f,
    0x3, 0xe0, 0xb, 0xc0, 0xfc, 0xfc, 0xf, 0x80,
    0x2f, 0x3, 0xf3, 0xf0, 0x3e, 0x0, 0xbc, 0xf,
    0xcf, 0xc0, 0xfe, 0xab, 0xf0, 0x3f, 0x3f, 0x3,
    0xff, 0xff, 0xc0, 0xfc, 0xfc, 0xf, 0xff, 0xff,
    0x3, 0xf3, 0xf0, 0x0, 0x0, 0x0, 0xf, 0xcf,
    0xc0, 0x0, 0x0, 0x0, 0x3f, 0x3f, 0x0, 0x0,
    0x0, 0x0, 0xfc, 0xfe, 0xaa, 0xaa, 0xaa, 0xab,
    0xf3, 0xff, 0xff, 0xff, 0xff, 0xff, 0xcf, 0xff,
    0xff, 0xff, 0xff, 0xff, 0x3f, 0x0, 0x0, 0x0,
    0x0, 0xfc,

    /* U+56ED "园" */
    0xff, 0xff, 0xff, 0xff, 0xff, 0xf3, 0xff, 0xff,
    0xff, 0xff, 0xff, 0xcf, 0xea, 0xaa, 0xaa, 0xaa,
    0xbf, 0x3f, 0x0, 0x0, 0x0, 0x0, 0xfc, 0xfc,
    0x5, 0x55, 0x55, 0x43, 0xf3, 0xf0, 0xff, 0xff,
    0xff, 0xf, 0xcf, 0xc3, 0xff, 0xff, 0xfc, 0x3f,
    0x3f, 0x0, 0x0, 0x0, 0x0, 0xfc, 0xfc, 0x0,
    0x0, 0x0, 0x3, 0xf3, 0xf7, 0xff, 0xff, 0xff,
    0xdf, 0xcf, 0xdf, 0xff, 0xff, 0xff, 0x7f, 0x3f,
    0x0, 0xf8, 0x7c, 0x0, 0xfc, 0xfc, 0x3, 0xd1,
    0xf0, 0x3, 0xf3, 0xf0, 0x1f, 0x47, 0xc0, 0xf,
    0xcf, 0xc0, 0xbc, 0x1f, 0xb, 0x7f, 0x3f, 0xb,
    0xe0, 0x7c, 0x2e, 0xfc, 0xfd, 0xff, 0x0, 0xff,
    0xf7, 0xf3, 0xf7, 0xf0, 0x3, 0xff, 0xcf, 0xcf,
    0xca, 0x0, 0x0, 0x50, 0x3f, 0x3f, 0xaa, 0xaa,
    0xaa, 0xaa, 0xfc, 0xff, 0xff, 0xff, 0xff, 0xff,
    0xf3, 0xff, 0xff, 0xff, 0xff, 0xff, 0xcf, 0xc0,
    0x0, 0x0, 0x0, 0x3f, 0x0,

    /* U+56FD "国" */
    0xff, 0xff, 0xff, 0xff, 0xff, 0xff, 0xff, 0xff,
    0xff, 0xff, 0xff, 0xfe, 0xaa, 0xaa, 0xaa, 0xab,
    0xff, 0xc0, 0x0, 0x0, 0x0, 0x3f, 0xfc, 0x7f,
    0xff, 0xff, 0xc3, 0xff, 0xcb, 0xff, 0xff, 0xfd,
    0x3f, 0xfc, 0x6a, 0xbf, 0xaa, 0x83, 0xff, 0xc0,
    0x2, 0xf0, 0x0, 0x3f, 0xfc, 0x0, 0x2f, 0x0,
    0x3, 0xff, 0xc1, 0x56, 0xf5, 0x54, 0x3f, 0xfc,
    0x3f, 0xff, 0xff, 0xc3, 0xff, 0xc3, 0xff, 0xff,
    0xf8, 0x3f, 0xfc, 0x0, 0x2f, 0x1e, 0x3, 0xff,
    0xc0, 0x2, 0xf0, 0xf8, 0x3f, 0xfc, 0x0, 0x2f,
    0x7, 0x83, 0xff, 0xcf, 0xff, 0xff, 0xfe, 0x3f,
    0xfc, 0xff, 0xff, 0xff, 0xf3, 0xff, 0xc5, 0x55,
    0x55, 0x55, 0x3f, 0xfc, 0x0, 0x0, 0x0, 0x3,
    0xff, 0xea, 0xaa, 0xaa, 0xaa, 0xbf, 0xff, 0xff,
    0xff, 0xff, 0xff, 0xff, 0xff, 0xff, 0xff, 0xff,
    0xff, 0xfc, 0x0, 0x0, 0x0, 0x3, 0xf0,

    /* U+5730 "地" */
    0x0, 0x0, 0x0, 0x0, 0x0, 0x0, 0x0, 0xa,
    0x40, 0x0, 0xb, 0xc0, 0x0, 0x0, 0xf8, 0x0,
    0x0, 0xbc, 0x0, 0x0, 0xf, 0x80, 0x29, 0xb,
    0xc0, 0x0, 0x0, 0xf8, 0x3, 0xe0, 0xbc, 0x0,
    0x0, 0xf, 0x80, 0x3e, 0xb, 0xc0, 0x80, 0x0,
    0xf8, 0x3, 0xe0, 0xbc, 0xbf, 0x3, 0xff, 0xfd,
    0x3e, 0xb, 0xff, 0xf0, 0x3f, 0xff, 0xd3, 0xe2,
    0xff, 0xff, 0x2, 0xaf, 0xe9, 0x3f, 0xff, 0xe2,
    0xf0, 0x0, 0xf8, 0x7, 0xff, 0xfc, 0x2f, 0x0,
    0xf, 0x87, 0xff, 0xdb, 0xc2, 0xf0, 0x0, 0xf8,
    0x3f, 0xe0, 0xbc, 0x2f, 0x0, 0xf, 0x82, 0xbe,
    0xb, 0xc2, 0xf0, 0x0, 0xf8, 0x3, 0xe0, 0xbc,
    0x2f, 0x0, 0xf, 0x89, 0x3e, 0xb, 0xc3, 0xf0,
    0x0, 0xff, 0xe3, 0xe0, 0xbd, 0xff, 0x0, 0x1f,
    0xfe, 0x3e, 0xb, 0xcf, 0xd0, 0x2f, 0xfe, 0x43,
    0xe0, 0xbc, 0x0, 0x3, 0xfe, 0x0, 0x3e, 0x1,
    0x0, 0x34, 0x2e, 0x0, 0x3, 0xe0, 0x0, 0x7,
    0xc0, 0x0, 0x0, 0x3f, 0x0, 0x0, 0xbc, 0x0,
    0x0, 0x2, 0xff, 0xff, 0xff, 0xc0, 0x0, 0x0,
    0x1f, 0xff, 0xff, 0xf0, 0x0, 0x0, 0x0, 0x1a,
    0xaa, 0xa4, 0x0,

    /* U+573A "场" */
    0x0, 0xa4, 0x0, 0x0, 0x0, 0x0, 0x0, 0x3e,
    0x3, 0xff, 0xff, 0xf8, 0x0, 0xf, 0x80, 0xff,
    0xff, 0xff, 0x40, 0x3, 0xe0, 0x2a, 0xaa, 0xff,
    0x80, 0x0, 0xf8, 0x0, 0x0, 0xbf, 0x40, 0x0,
    0x3e, 0x0, 0x0, 0xbf, 0x40, 0x2, 0xaf, 0xe8,
    0x1, 0xff, 0x0, 0x0, 0xff, 0xff, 0x42, 0xfe,
    0x0, 0x0, 0x3f, 0xff, 0xd7, 0xff, 0xaa, 0xae,
    0x80, 0x3e, 0x2, 0xff, 0xff, 0xff, 0xe0, 0xf,
    0x80, 0x7f, 0xff, 0xff, 0xf8, 0x3, 0xe0, 0x0,
    0x7d, 0x3e, 0x3e, 0x0, 0xf8, 0x0, 0x3f, 0xf,
    0x4f, 0x80, 0x3e, 0x0, 0x1f, 0x4b, 0xc3, 0xd0,
    0xf, 0x80, 0xf, 0xc3, 0xe1, 0xf4, 0x3, 0xe1,
    0xf, 0xc1, 0xf0, 0x7d, 0x0, 0xff, 0xef, 0xd0,
    0xf8, 0x1f, 0x1, 0xbf, 0xff, 0xd0, 0xbc, 0xb,
    0xc3, 0xff, 0xf4, 0x0, 0x7d, 0x2, 0xf0, 0xff,
    0x80, 0x0, 0x7f, 0x0, 0xfc, 0x19, 0x0, 0x0,
    0x7f, 0x0, 0x3e, 0x0, 0x0, 0x0, 0x7f, 0x6,
    0xbf, 0x40, 0x0, 0x0, 0x7f, 0x1, 0xff, 0xc0,
    0x0, 0x0, 0x6, 0x0, 0x3f, 0x80,

    /* U+5750 "坐" */
    0x0, 0x0, 0x2, 0xa0, 0x0, 0x0, 0x0, 0x6,
    0x80, 0xbc, 0x2, 0x90, 0x0, 0x3, 0xf0, 0x2f,
    0x0, 0xfc, 0x0, 0x0, 0xfc, 0xb, 0xc0, 0x3f,
    0x0, 0x0, 0x7e, 0x2, 0xf0, 0x2f, 0x40, 0x0,
    0x2f, 0x40, 0xbc, 0xf, 0xc0, 0x0, 0xf, 0xf0,
    0x2f, 0x7, 0xf4, 0x0, 0xb, 0xff, 0xb, 0xc3,
    0xff, 0x40, 0x3, 0xfb, 0xf2, 0xf2, 0xff, 0xf4,
    0x3, 0xf4, 0xbf, 0xbe, 0xfc, 0x7f, 0x43, 0xfc,
    0xf, 0x6f, 0xfd, 0x7, 0xf4, 0xbc, 0x0, 0x4b,
    0xde, 0x0, 0x7c, 0x9, 0x0, 0x2, 0xf0, 0x0,
    0x8, 0x0, 0x0, 0x0, 0xbc, 0x0, 0x0, 0x0,
    0x3f, 0xff, 0xff, 0xff, 0xff, 0x80, 0xf, 0xff,
    0xff, 0xff, 0xff, 0xe0, 0x2, 0xaa, 0xab, 0xfa,
    0xaa, 0xa4, 0x0, 0x0, 0x0, 0xbc, 0x0, 0x0,
    0x0, 0x0, 0x0, 0x2f, 0x0, 0x0, 0x0, 0x0,
    0x0, 0xb, 0xc0, 0x0, 0x0, 0x0, 0x0, 0x3,
    0xf4, 0x0, 0x0, 0xf, 0xff, 0xff, 0xff, 0xff,
    0xff, 0xe3, 0xff, 0xff, 0xff, 0xff, 0xff, 0xf8,
    0xaa, 0xaa, 0xaa, 0xaa, 0xaa, 0xa9,

    /* U+57CE "城" */
    0x0, 0x0, 0x0, 0x0, 0x14, 0x0, 0x0, 0x1a,
    0x0, 0x0, 0x3, 0xeb, 0x40, 0x2, 0xf0, 0x0,
    0x0, 0x3e, 0xbd, 0x0, 0x2f, 0x0, 0x0, 0x3,
    0xe2, 0xf0, 0x2, 0xf0, 0x1a, 0xaa, 0xbf, 0xaf,
    0x40, 0x2f, 0x2, 0xff, 0xff, 0xff, 0xf8, 0x2,
    0xf0, 0x2f, 0xff, 0xff, 0xff, 0x83, 0xff, 0xf2,
    0xf0, 0x3, 0xe0, 0x0, 0x3f, 0xff, 0x6f, 0x0,
    0x3e, 0x0, 0x2, 0xbf, 0xa2, 0xf0, 0x3, 0xf0,
    0x0, 0x2, 0xf0, 0x2f, 0xff, 0x6f, 0xf, 0x40,
    0x2f, 0x2, 0xff, 0xf6, 0xf1, 0xf0, 0x2, 0xf0,
    0x2f, 0x5f, 0x6f, 0x2f, 0x0, 0x2f, 0x2, 0xf0,
    0xf5, 0xf3, 0xe0, 0x2, 0xf0, 0x2f, 0xf, 0x5f,
    0xbd, 0x0, 0x2f, 0x3, 0xf0, 0xf5, 0xff, 0xc0,
    0x2, 0xf0, 0x3e, 0xf, 0x4f, 0xf4, 0x0, 0x2f,
    0xf7, 0xe0, 0xf0, 0xff, 0x0, 0x7, 0xff, 0xfe,
    0x5f, 0xf, 0xd0, 0x3, 0xff, 0xeb, 0xdf, 0xf0,
    0xfc, 0x28, 0x3f, 0xd0, 0xbc, 0xfd, 0x3f, 0xd3,
    0xc2, 0x90, 0xf, 0x80, 0xf, 0xfe, 0x3c, 0x0,
    0x3, 0xf4, 0x7, 0xfa, 0xfb, 0xc0, 0x0, 0x7e,
    0x1, 0xfe, 0xf, 0xf8, 0x0, 0x2, 0xc0, 0x7,
    0x40, 0x3e, 0x0, 0x0, 0x0, 0x0, 0x0, 0x0,
    0x0,

    /* U+5854 "塔" */
    0x0, 0x54, 0x0, 0xa4, 0x2, 0x90, 0x0, 0xf,
    0x80, 0xf, 0x80, 0x3e, 0x0, 0x0, 0xf8, 0x16,
    0xfd, 0x57, 0xf5, 0x40, 0xf, 0x87, 0xff, 0xff,
    0xff, 0xfc, 0x0, 0xf8, 0x7f, 0xff, 0xff, 0xff,
    0xc0, 0xf, 0x80, 0xf, 0x80, 0x3e, 0x0, 0x1a,
    0xfe, 0x80, 0xf9, 0xe3, 0xe0, 0x2, 0xff, 0xfc,
    0x5, 0xbf, 0x54, 0x0, 0x2f, 0xff, 0xc0, 0x2f,
    0xfe, 0x0, 0x0, 0xf, 0x80, 0xf, 0xf2, 0xfd,
    0x0, 0x0, 0xf8, 0xb, 0xfc, 0x7, 0xfd, 0x0,
    0xf, 0x8b, 0xff, 0x55, 0x5f, 0xfc, 0x0, 0xf8,
    0xff, 0xbf, 0xff, 0xdf, 0x40, 0xf, 0x83, 0x47,
    0xff, 0xfc, 0x10, 0x0, 0xf8, 0x0, 0x0, 0x0,
    0x0, 0x0, 0xf, 0x84, 0x15, 0x55, 0x55, 0x40,
    0x0, 0xff, 0xc3, 0xff, 0xff, 0xfc, 0x0, 0x2f,
    0xfd, 0x3f, 0xff, 0xff, 0xc0, 0x3f, 0xff, 0x43,
    0xd0, 0x0, 0xbc, 0x2, 0xfe, 0x40, 0x3d, 0x0,
    0xb, 0xc0, 0x1d, 0x0, 0x3, 0xd0, 0x0, 0xbc,
    0x0, 0x0, 0x0, 0x3f, 0xff, 0xff, 0xc0, 0x0,
    0x0, 0x3, 0xff, 0xff, 0xfc, 0x0, 0x0, 0x0,
    0x3e, 0x55, 0x5f, 0xc0,

    /* U+5904 "处" */
    0x0, 0x0, 0x0, 0x0, 0x0, 0x0, 0x0, 0x2,
    0xa0, 0x0, 0xf, 0xc0, 0x0, 0x0, 0x3f, 0x40,
    0x0, 0xfc, 0x0, 0x0, 0x3, 0xf0, 0x0, 0xf,
    0xc0, 0x0, 0x0, 0x3f, 0x0, 0x0, 0xfc, 0x0,
    0x0, 0x7, 0xff, 0xfe, 0xf, 0xc0, 0x0, 0x0,
    0xbf, 0xff, 0xf0, 0xfc, 0x0, 0x0, 0xf, 0xea,
    0xfe, 0xf, 0xe0, 0x0, 0x0, 0xfc, 0x7, 0xe0,
    0xff, 0xc0, 0x0, 0x2f, 0x80, 0xbd, 0xf, 0xfe,
    0x0, 0x3, 0xf8, 0xf, 0xc0, 0xff, 0xf8, 0x0,
    0x7f, 0xc0, 0xfc, 0xf, 0xcf, 0xd0, 0xf, 0xfd,
    0x1f, 0xc0, 0xfc, 0x7f, 0x1, 0xff, 0xe2, 0xf4,
    0xf, 0xc2, 0xf8, 0xb, 0x2f, 0x3f, 0x0, 0xfc,
    0xf, 0x80, 0x0, 0xff, 0xf0, 0xf, 0xc0, 0x40,
    0x0, 0xb, 0xfd, 0x0, 0xfc, 0x0, 0x0, 0x0,
    0x3f, 0xc0, 0xf, 0xc0, 0x0, 0x0, 0x3, 0xfc,
    0x0, 0xfc, 0x0, 0x0, 0x0, 0xff, 0xf0, 0xf,
    0xc0, 0x0, 0x0, 0x3f, 0xff, 0xe0, 0x54, 0x0,
    0x0, 0xf, 0xf4, 0xff, 0xe5, 0x0, 0x0, 0x7,
    0xfd, 0x2, 0xff, 0xff, 0xff, 0xe2, 0xff, 0x40,
    0x6, 0xff, 0xff, 0xfc, 0xb, 0xc0, 0x0, 0x1,
    0xaf, 0xff, 0x80, 0x10, 0x0, 0x0, 0x0, 0x0,
    0x0,

    /* U+5907 "备" */
    0x0, 0x0, 0x0, 0x0, 0x0, 0x0, 0x0, 0x0,
    0x3, 0xe0, 0x0, 0x0, 0x0, 0x0, 0x0, 0xfd,
    0x0, 0x0, 0x0, 0x0, 0x0, 0x3f, 0xff, 0xff,
    0xf8, 0x0, 0x0, 0xf, 0xff, 0xff, 0xff, 0xc0,
    0x0, 0x7, 0xfd, 0x55, 0x5b, 0xf4, 0x0, 0x7,
    0xff, 0xf0, 0x0, 0xfe, 0x0, 0x0, 0xff, 0x7f,
    0xd0, 0xbf, 0x80, 0x0, 0x3, 0x80, 0xbf, 0xff,
    0xd0, 0x0, 0x0, 0x0, 0x2, 0xff, 0xf8, 0x0,
    0x0, 0x0, 0x1b, 0xff, 0xff, 0xfe, 0x50, 0x2,
    0xbf, 0xff, 0xe5, 0xbf, 0xff, 0xfc, 0x3f, 0xff,
    0x90, 0x0, 0x6f, 0xff, 0x81, 0xfe, 0x50, 0x0,
    0x0, 0x1a, 0xb0, 0x0, 0xff, 0xff, 0xff, 0xff,
    0xe0, 0x0, 0xf, 0xff, 0xff, 0xff, 0xfe, 0x0,
    0x0, 0xfc, 0x3, 0xf4, 0x3, 0xe0, 0x0, 0xf,
    0xc0, 0x3f, 0x0, 0x3e, 0x0, 0x0, 0xff, 0xff,
    0xff, 0xff, 0xe0, 0x0, 0xf, 0xff, 0xff, 0xff,
    0xfe, 0x0, 0x0, 0xfc, 0x3, 0xf0, 0x3, 0xe0,
    0x0, 0xf, 0xc0, 0x3f, 0x0, 0x3e, 0x0, 0x0,
    0xff, 0xff, 0xff, 0xff, 0xe0, 0x0, 0xf, 0xff,
    0xff, 0xff, 0xfe, 0x0, 0x0, 0xfd, 0x55, 0x55,
    0x57, 0xe0, 0x0, 0x0, 0x0, 0x0, 0x0, 0x0,
    0x0,

    /* U+591C "夜" */
    0x0, 0x0, 0x0, 0x10, 0x0, 0x0, 0x0, 0x0,
    0x0, 0x2f, 0x40, 0x0, 0x0, 0x0, 0x0, 0x1,
    0xfc, 0x0, 0x0, 0x0, 0xaa, 0xaa, 0xaf, 0xea,
    0xaa, 0xa4, 0x1f, 0xff, 0xff, 0xff, 0xff, 0xff,
    0xc1, 0xff, 0xff, 0xff, 0xff, 0xff, 0xfc, 0x0,
    0x3, 0x90, 0xb, 0x80, 0x0, 0x0, 0x0, 0x7e,
    0x0, 0xfc, 0x0, 0x0, 0x0, 0xf, 0xc0, 0x2f,
    0x95, 0x54, 0x0, 0x2, 0xf8, 0x3, 0xff, 0xff,
    0xf0, 0x0, 0x3f, 0x0, 0xff, 0xff, 0xff, 0x0,
    0xf, 0xe0, 0x2f, 0x84, 0x7, 0xe0, 0x2, 0xfe,
    0x7, 0xf2, 0xd0, 0xbd, 0x0, 0xbf, 0xe0, 0xff,
    0x2f, 0x4f, 0xc0, 0x2f, 0xfe, 0x7f, 0xf4, 0xba,
    0xf4, 0x3, 0xfb, 0xe7, 0xef, 0xc1, 0x3f, 0x0,
    0xd, 0x3e, 0x18, 0x3f, 0xf, 0xd0, 0x0, 0x3,
    0xe0, 0x2, 0xfb, 0xf8, 0x0, 0x0, 0x3e, 0x0,
    0xf, 0xff, 0x0, 0x0, 0x3, 0xe0, 0x0, 0x7f,
    0xc0, 0x0, 0x0, 0x3e, 0x0, 0x2f, 0xff, 0x80,
    0x0, 0x3, 0xe0, 0x1f, 0xfb, 0xff, 0x40, 0x0,
    0x3e, 0x2f, 0xfd, 0xb, 0xff, 0x80, 0x3, 0xe3,
    0xfe, 0x0, 0xb, 0xfc, 0x0, 0x3e, 0xe, 0x0,
    0x0, 0xb, 0x0, 0x0, 0x0, 0x0, 0x0, 0x0,
    0x0,

    /* U+5929 "天" */
    0x0, 0x0, 0x0, 0x0, 0x0, 0x0, 0x7, 0xff,
    0xff, 0xff, 0xff, 0xfd, 0x1, 0xff, 0xff, 0xff,
    0xff, 0xff, 0x40, 0x7f, 0xff, 0xff, 0xff, 0xff,
    0xd0, 0x0, 0x0, 0xb, 0xd0, 0x0, 0x0, 0x0,
    0x0, 0x2, 0xf4, 0x0, 0x0, 0x0, 0x0, 0x0,
    0xbd, 0x0, 0x0, 0x0, 0x0, 0x0, 0x2f, 0x40,
    0x0, 0x0, 0x0, 0x0, 0xf, 0xd0, 0x0, 0x0,
    0xf, 0xff, 0xff, 0xff, 0xff, 0xff, 0x83, 0xff,
    0xff, 0xff, 0xff, 0xff, 0xe0, 0xff, 0xff, 0xff,
    0xff, 0xff, 0xf4, 0x0, 0x0, 0x2f, 0xf4, 0x0,
    0x0, 0x0, 0x0, 0xf, 0xff, 0x0, 0x0, 0x0,
    0x0, 0xb, 0xfb, 0xe0, 0x0, 0x0, 0x0, 0x3,
    0xf4, 0xfd, 0x0, 0x0, 0x0, 0x3, 0xfc, 0x2f,
    0xc0, 0x0, 0x0, 0x3, 0xfc, 0x3, 0xfd, 0x0,
    0x0, 0x7, 0xfd, 0x0, 0x3f, 0xe0, 0x0, 0xb,
    0xfd, 0x0, 0x3, 0xff, 0x40, 0x2f, 0xfc, 0x0,
    0x0, 0x3f, 0xfe, 0x1f, 0xf8, 0x0, 0x0, 0x1,
    0xff, 0xc3, 0xe0, 0x0, 0x0, 0x0, 0xb, 0xc0,
    0x0, 0x0, 0x0, 0x0, 0x0, 0x0,

    /* U+597D "好" */
    0x0, 0x0, 0x0, 0x0, 0x0, 0x0, 0x0, 0xb,
    0xc0, 0x0, 0x0, 0x0, 0x0, 0x0, 0xfc, 0x0,
    0x15, 0x55, 0x59, 0x0, 0xf, 0xc0, 0x7, 0xff,
    0xff, 0xf8, 0x0, 0xf8, 0x0, 0x7f, 0xff, 0xff,
    0x40, 0x1f, 0x40, 0x0, 0x0, 0xb, 0xe0, 0x3f,
    0xff, 0xfe, 0x0, 0x1, 0xfc, 0x3, 0xff, 0xff,
    0xe0, 0x0, 0x3f, 0x0, 0x2b, 0xfa, 0xbe, 0x0,
    0xf, 0xd0, 0x0, 0x3e, 0x7, 0xd0, 0x3, 0xf4,
    0x0, 0x3, 0xd0, 0xbc, 0x0, 0x3f, 0x0, 0x0,
    0x7c, 0xb, 0xc0, 0x3, 0xf0, 0x0, 0xb, 0xc0,
    0xfe, 0xff, 0xff, 0xff, 0xd0, 0xf8, 0x1f, 0xaf,
    0xff, 0xff, 0xfd, 0x1f, 0xc2, 0xf5, 0xaa, 0xbf,
    0xaa, 0x80, 0xff, 0x7f, 0x0, 0x3, 0xf0, 0x0,
    0x2, 0xff, 0xe0, 0x0, 0x3f, 0x0, 0x0, 0xb,
    0xfc, 0x0, 0x3, 0xf0, 0x0, 0x0, 0x2f, 0xf0,
    0x0, 0x3f, 0x0, 0x0, 0x7, 0xff, 0xc0, 0x3,
    0xf0, 0x0, 0x0, 0xfe, 0xff, 0x0, 0x3f, 0x0,
    0x0, 0x7f, 0x83, 0xd0, 0x3, 0xf0, 0x0, 0x2f,
    0xe0, 0x4, 0x1a, 0xbf, 0x0, 0x2, 0xf8, 0x0,
    0x0, 0xff, 0xe0, 0x0, 0x9, 0x0, 0x0, 0xf,
    0xf8, 0x0, 0x0,

    /* U+5B89 "安" */
    0x0, 0x0, 0xb, 0x80, 0x0, 0x0, 0x0, 0x0,
    0xf, 0xc0, 0x0, 0x0, 0x0, 0x0, 0xb, 0xe0,
    0x0, 0x0, 0x2f, 0xff, 0xff, 0xff, 0xff, 0xfc,
    0x2f, 0xff, 0xff, 0xff, 0xff, 0xfc, 0x2f, 0xaa,
    0xaa, 0xaa, 0xaa, 0xfc, 0x2f, 0x0, 0x19, 0x0,
    0x0, 0xfc, 0x2f, 0x0, 0x3f, 0x80, 0x0, 0xfc,
    0x1a, 0x0, 0x7f, 0x0, 0x0, 0xa8, 0x0, 0x0,
    0xfe, 0x0, 0x0, 0x0, 0x3f, 0xff, 0xff, 0xff,
    0xff, 0xfe, 0x3f, 0xff, 0xff, 0xff, 0xff, 0xfe,
    0x2a, 0xaf, 0xfa, 0xab, 0xfe, 0xa9, 0x0, 0xf,
    0xd0, 0x2, 0xf8, 0x0, 0x0, 0x3f, 0x80, 0x3,
    0xf0, 0x0, 0x0, 0xbf, 0xd0, 0xf, 0xe0, 0x0,
    0x0, 0xbf, 0xfe, 0x6f, 0xc0, 0x0, 0x0, 0x6,
    0xff, 0xff, 0x0, 0x0, 0x0, 0x0, 0x2f, 0xff,
    0x80, 0x0, 0x0, 0x0, 0x7f, 0xff, 0xfd, 0x0,
    0x0, 0x1b, 0xff, 0x8b, 0xff, 0xd0, 0x1b, 0xff,
    0xf8, 0x0, 0xbf, 0xf8, 0x1f, 0xff, 0x80, 0x0,
    0xb, 0xfc, 0xb, 0xe0, 0x0, 0x0, 0x0, 0xf0,
    0x0, 0x0, 0x0, 0x0, 0x0, 0x0,

    /* U+5B8C "完" */
    0x0, 0x0, 0x0, 0x0, 0x0, 0x0, 0x0, 0x0,
    0x0, 0x1f, 0x0, 0x0, 0x0, 0x0, 0x0, 0x3,
    0xf4, 0x0, 0x0, 0x0, 0x0, 0x0, 0x2f, 0xc0,
    0x0, 0x0, 0xf, 0xff, 0xff, 0xff, 0xff, 0xff,
    0x0, 0xff, 0xff, 0xff, 0xff, 0xff, 0xf0, 0xf,
    0xea, 0xaa, 0xaa, 0xaa, 0xbf, 0x0, 0xf8, 0x0,
    0x0, 0x0, 0x3, 0xf0, 0xf, 0x86, 0xaa, 0xaa,
    0xa9, 0x3f, 0x0, 0xf8, 0xff, 0xff, 0xff, 0xf3,
    0xf0, 0x5, 0xf, 0xff, 0xff, 0xff, 0x5, 0x0,
    0x0, 0x0, 0x0, 0x0, 0x0, 0x0, 0x0, 0x0,
    0x0, 0x0, 0x0, 0x0, 0x1, 0xaa, 0xaa, 0xaa,
    0xaa, 0xaa, 0xa4, 0x2f, 0xff, 0xff, 0xff, 0xff,
    0xff, 0x82, 0xff, 0xff, 0xff, 0xff, 0xff, 0xf8,
    0x0, 0x0, 0xfc, 0x7, 0xd0, 0x0, 0x0, 0x0,
    0xf, 0x80, 0x7d, 0x0, 0x0, 0x0, 0x1, 0xf8,
    0x7, 0xd0, 0x0, 0x0, 0x0, 0x2f, 0x40, 0x7d,
    0x0, 0x50, 0x0, 0x7, 0xf0, 0x7, 0xd0, 0xb,
    0xc0, 0x1, 0xfd, 0x0, 0x7d, 0x0, 0xbc, 0x6,
    0xff, 0x80, 0x7, 0xfa, 0xaf, 0x82, 0xff, 0xe0,
    0x0, 0x3f, 0xff, 0xf4, 0xf, 0xe0, 0x0, 0x1,
    0xff, 0xfe, 0x0, 0x0, 0x0, 0x0, 0x0, 0x0,
    0x0,

    /* U+5B9A "定" */
    0x0, 0x0, 0x0, 0x0, 0x0, 0x0, 0x0, 0x0,
    0x0, 0x2f, 0x0, 0x0, 0x0, 0x0, 0x0, 0x3,
    0xf4, 0x0, 0x0, 0x0, 0x0, 0x0, 0x1f, 0xc0,
    0x0, 0x0, 0xf, 0xff, 0xff, 0xff, 0xff, 0xff,
    0x0, 0xff, 0xff, 0xff, 0xff, 0xff, 0xf0, 0xf,
    0xea, 0xaa, 0xaa, 0xaa, 0xbf, 0x0, 0xf8, 0x0,
    0x0, 0x0, 0x3, 0xf0, 0xf, 0x80, 0x0, 0x0,
    0x0, 0x3f, 0x0, 0xf8, 0xff, 0xff, 0xff, 0xf7,
    0xf0, 0x5, 0x1f, 0xff, 0xff, 0xff, 0x45, 0x0,
    0x0, 0xff, 0xff, 0xff, 0xf4, 0x0, 0x0, 0x0,
    0x1, 0xf4, 0x0, 0x0, 0x0, 0x2, 0xa0, 0x1f,
    0x40, 0x0, 0x0, 0x0, 0x3f, 0x1, 0xf4, 0x0,
    0x0, 0x0, 0x3, 0xf0, 0x1f, 0xff, 0xfe, 0x0,
    0x0, 0x3f, 0x1, 0xff, 0xff, 0xf0, 0x0, 0x7,
    0xf0, 0x1f, 0xea, 0xaa, 0x0, 0x0, 0xbf, 0x81,
    0xf4, 0x0, 0x0, 0x0, 0xf, 0xfd, 0x1f, 0x40,
    0x0, 0x0, 0x2, 0xfb, 0xf6, 0xf4, 0x0, 0x0,
    0x0, 0x3f, 0x1f, 0xff, 0x40, 0x0, 0x0, 0xf,
    0xd0, 0x7f, 0xff, 0xff, 0xff, 0x83, 0xfc, 0x0,
    0xbf, 0xff, 0xff, 0xf4, 0xf, 0x0, 0x0, 0x6f,
    0xff, 0xff, 0x0, 0x0, 0x0, 0x0, 0x0, 0x0,
    0x0,

    /* U+5BB6 "家" */
    0x0, 0x0, 0x0, 0x0, 0x0, 0x0, 0x0, 0x0,
    0x2, 0xf0, 0x0, 0x0, 0x0, 0x0, 0x0, 0xfe,
    0x0, 0x0, 0x0, 0xff, 0xff, 0xff, 0xff, 0xff,
    0xf0, 0x3f, 0xff, 0xff, 0xff, 0xff, 0xfc, 0xf,
    0xea, 0xaa, 0xaa, 0xaa, 0xbf, 0x3, 0xe0, 0x0,
    0x0, 0x0, 0xf, 0xc0, 0xf8, 0x55, 0x55, 0x55,
    0x53, 0xf0, 0x3e, 0x7f, 0xff, 0xff, 0xfc, 0xbc,
    0x0, 0x1f, 0xff, 0xff, 0xff, 0x0, 0x0, 0x0,
    0xb, 0xf4, 0x0, 0x10, 0x0, 0x0, 0x6f, 0xfc,
    0x0, 0x3d, 0x0, 0x6, 0xff, 0xdf, 0xc0, 0x7f,
    0xc0, 0xb, 0xfe, 0x43, 0xf8, 0xbf, 0x80, 0x0,
    0xf4, 0xb, 0xff, 0xff, 0x40, 0x0, 0x0, 0x2f,
    0xf7, 0xff, 0xc0, 0x0, 0x1, 0xff, 0xd1, 0xfd,
    0xf8, 0x0, 0xf, 0xfe, 0x42, 0xff, 0x2f, 0x40,
    0x1, 0xf8, 0x7, 0xff, 0xc3, 0xf0, 0x0, 0x0,
    0x1f, 0xf6, 0xf4, 0xbf, 0x0, 0x1, 0xbf, 0xe0,
    0xbc, 0xf, 0xf0, 0x1b, 0xff, 0x80, 0x3f, 0x0,
    0xff, 0x83, 0xfe, 0xa, 0xbf, 0x80, 0xf, 0xd0,
    0x64, 0x2, 0xff, 0xc0, 0x0, 0x60, 0x0, 0x0,
    0xbf, 0x80, 0x0, 0x0, 0x0, 0x0, 0x0, 0x0,
    0x0, 0x0, 0x0,

    /* U+5BBF "宿" */
    0x0, 0x0, 0x0, 0x10, 0x0, 0x0, 0x0, 0x0,
    0x0, 0xfc, 0x0, 0x0, 0x0, 0x0, 0x0, 0x3f,
    0x80, 0x0, 0x0, 0x3f, 0xff, 0xff, 0xff, 0xff,
    0xfc, 0xf, 0xff, 0xff, 0xff, 0xff, 0xff, 0x3,
    0xf5, 0x55, 0x55, 0x55, 0x5f, 0xc0, 0xf8, 0x50,
    0x0, 0x0, 0x2, 0xf0, 0x3e, 0x3f, 0x0, 0x0,
    0x0, 0x54, 0x0, 0x1f, 0xbf, 0xff, 0xff, 0xff,
    0x40, 0xf, 0xcf, 0xff, 0xff, 0xff, 0xd0, 0xb,
    0xd1, 0x55, 0x7f, 0x55, 0x50, 0x7, 0xf0, 0x0,
    0x1f, 0x80, 0x0, 0x7, 0xfc, 0x5, 0x5b, 0xe5,
    0x54, 0x3, 0xff, 0x3, 0xff, 0xff, 0xff, 0x43,
    0xff, 0xc0, 0xff, 0xff, 0xff, 0xd0, 0xbe, 0xf0,
    0x3f, 0x0, 0x2, 0xf4, 0x8, 0xbc, 0xf, 0xc0,
    0x0, 0xbd, 0x0, 0x2f, 0x3, 0xff, 0xff, 0xff,
    0x40, 0xb, 0xc0, 0xff, 0xff, 0xff, 0xd0, 0x2,
    0xf0, 0x3f, 0x55, 0x56, 0xf4, 0x0, 0xbc, 0xf,
    0xc0, 0x0, 0xbd, 0x0, 0x2f, 0x3, 0xf5, 0x55,
    0x6f, 0x40, 0xb, 0xc0, 0xff, 0xff, 0xff, 0xd0,
    0x2, 0xf0, 0x3f, 0xff, 0xff, 0xf4, 0x0, 0xbc,
    0xf, 0xc0, 0x0, 0xbd, 0x0, 0x0, 0x0, 0x0,
    0x0, 0x0, 0x0,

    /* U+5BD3 "寓" */
    0x0, 0x0, 0x0, 0x0, 0x0, 0x0, 0x0, 0x0,
    0xf, 0xc0, 0x0, 0x0, 0x0, 0x0, 0xb, 0xe0,
    0x0, 0x0, 0x3f, 0xff, 0xff, 0xff, 0xff, 0xfc,
    0x3f, 0xff, 0xff, 0xff, 0xff, 0xfc, 0x3e, 0x55,
    0x55, 0x55, 0x55, 0xbc, 0x3e, 0xaa, 0xaa, 0xaa,
    0xaa, 0xbc, 0x3e, 0xff, 0xff, 0xff, 0xff, 0xbc,
    0x0, 0xf4, 0xb, 0xd0, 0x2f, 0x0, 0x0, 0xf4,
    0xb, 0xc0, 0x2f, 0x0, 0x0, 0xff, 0xff, 0xff,
    0xff, 0x0, 0x0, 0xfa, 0xaf, 0xea, 0xbf, 0x0,
    0x0, 0xf4, 0xb, 0xc0, 0x2f, 0x0, 0x0, 0xff,
    0xff, 0xff, 0xff, 0x0, 0x0, 0xff, 0xff, 0xff,
    0xff, 0x0, 0x0, 0x0, 0xb, 0xd0, 0x0, 0x40,
    0xf, 0xff, 0xff, 0xff, 0xff, 0xf0, 0xf, 0xff,
    0xff, 0xff, 0xff, 0xf0, 0xf, 0x80, 0xb, 0xc2,
    0x82, 0xf0, 0xf, 0x80, 0xb, 0xd7, 0xd2, 0xf0,
    0xf, 0x9f, 0xff, 0xff, 0xf2, 0xf0, 0xf, 0x9f,
    0xff, 0xff, 0xf6, 0xf0, 0xf, 0x85, 0x40, 0x0,
    0x66, 0xf0, 0xf, 0x80, 0x0, 0x0, 0x3f, 0xf0,
    0xf, 0x80, 0x0, 0x0, 0x2f, 0xd0,

    /* U+5BFB "寻" */
    0x3, 0xff, 0xff, 0xff, 0xff, 0x40, 0x3, 0xff,
    0xff, 0xff, 0xff, 0x80, 0x0, 0x0, 0x0, 0x0,
    0x2f, 0x80, 0x0, 0x0, 0x0, 0x0, 0x2f, 0x80,
    0x0, 0xff, 0xff, 0xff, 0xff, 0x80, 0x0, 0xff,
    0xff, 0xff, 0xff, 0x80, 0x0, 0x0, 0x0, 0x0,
    0x2f, 0x80, 0x0, 0x0, 0x0, 0x0, 0x2f, 0x80,
    0x3, 0xff, 0xff, 0xff, 0xff, 0x80, 0x3, 0xff,
    0xff, 0xff, 0xff, 0x80, 0x0, 0x0, 0x0, 0x3,
    0xf4, 0x0, 0x0, 0x0, 0x0, 0x3, 0xf0, 0x0,
    0x6a, 0xaa, 0xaa, 0xab, 0xfa, 0xa9, 0x7f, 0xff,
    0xff, 0xff, 0xff, 0xfe, 0x7f, 0xff, 0xff, 0xff,
    0xff, 0xfe, 0x0, 0x1f, 0x0, 0x3, 0xf0, 0x0,
    0x0, 0x2f, 0xc0, 0x3, 0xf0, 0x0, 0x0, 0xb,
    0xe0, 0x3, 0xf0, 0x0, 0x0, 0x3, 0xf4, 0x3,
    0xf0, 0x0, 0x0, 0x0, 0xe0, 0x3, 0xf0, 0x0,
    0x0, 0x0, 0x2, 0xab, 0xf0, 0x0, 0x0, 0x0,
    0x2, 0xff, 0xf0, 0x0, 0x0, 0x0, 0x1, 0xff,
    0x80, 0x0, 0x0, 0x0, 0x0, 0x0, 0x0, 0x0,

    /* U+5C11 "少" */
    0x0, 0x0, 0x2, 0xf0, 0x0, 0x0, 0x0, 0x0,
    0x0, 0xbc, 0x0, 0x0, 0x0, 0x0, 0x0, 0x2f,
    0x0, 0x0, 0x0, 0x0, 0x0, 0xb, 0xc0, 0x0,
    0x0, 0x0, 0x2e, 0x2, 0xf0, 0x7, 0x80, 0x0,
    0xf, 0xc0, 0xbc, 0x3, 0xf0, 0x0, 0x7, 0xe0,
    0x2f, 0x0, 0x3f, 0x0, 0x3, 0xf0, 0xb, 0xc0,
    0xb, 0xd0, 0x1, 0xf8, 0x2, 0xf0, 0x0, 0xfc,
    0x0, 0xfc, 0x0, 0xbc, 0x0, 0x1f, 0x80, 0xbe,
    0x0, 0x2f, 0x0, 0x3, 0xf0, 0x3f, 0x0, 0xb,
    0xc0, 0x0, 0x7e, 0x1f, 0x40, 0x2, 0xf0, 0x0,
    0xf, 0x40, 0x40, 0x0, 0xbc, 0x0, 0x40, 0x0,
    0x0, 0x0, 0x2f, 0x0, 0x7d, 0x0, 0x0, 0x0,
    0xb, 0xc0, 0x7f, 0x40, 0x0, 0x0, 0x0, 0x0,
    0x7f, 0x80, 0x0, 0x0, 0x0, 0x0, 0xbf, 0x80,
    0x0, 0x0, 0x0, 0x1, 0xff, 0x80, 0x0, 0x0,
    0x0, 0x1b, 0xff, 0x40, 0x0, 0x0, 0x5, 0xbf,
    0xfe, 0x0, 0x0, 0xa, 0xff, 0xff, 0xf4, 0x0,
    0x0, 0x3, 0xff, 0xff, 0x80, 0x0, 0x0, 0x0,
    0x7f, 0xa4, 0x0, 0x0, 0x0, 0x0, 0x0, 0x0,
    0x0, 0x0, 0x0, 0x0, 0x0,

    /* U+5C16 "尖" */
    0x0, 0x0, 0x0, 0x0, 0x0, 0x0, 0x0, 0x0,
    0x0, 0xfc, 0x0, 0x0, 0x0, 0x0, 0x0, 0x3f,
    0x0, 0x0, 0x0, 0x0, 0x64, 0xf, 0xc0, 0x24,
    0x0, 0x0, 0x3f, 0x3, 0xf0, 0x3f, 0x40, 0x0,
    0x1f, 0x80, 0xfc, 0x3, 0xf4, 0x0, 0xf, 0xc0,
    0x3f, 0x0, 0x7f, 0x0, 0xb, 0xd0, 0xf, 0xc0,
    0xb, 0xf0, 0xb, 0xf0, 0x3, 0xf0, 0x0, 0xfe,
    0xb, 0xf0, 0x0, 0xfc, 0x0, 0xf, 0xc0, 0xf0,
    0x0, 0x3f, 0x0, 0x1, 0xe0, 0x0, 0x0, 0x6,
    0x80, 0x0, 0x0, 0x0, 0x0, 0x3, 0xf0, 0x0,
    0x0, 0x0, 0x0, 0x0, 0xfc, 0x0, 0x0, 0x3,
    0xff, 0xff, 0xff, 0xff, 0xff, 0xf4, 0xff, 0xff,
    0xff, 0xff, 0xff, 0xfd, 0x1a, 0xaa, 0xaf, 0xfe,
    0xaa, 0xaa, 0x0, 0x0, 0x3, 0xff, 0x40, 0x0,
    0x0, 0x0, 0x2, 0xfb, 0xf0, 0x0, 0x0, 0x0,
    0x2, 0xfc, 0x7f, 0x0, 0x0, 0x0, 0x2, 0xfd,
    0xb, 0xf4, 0x0, 0x0, 0x1b, 0xfd, 0x0, 0xbf,
    0xd0, 0x1, 0xbf, 0xfd, 0x0, 0xb, 0xff, 0xe4,
    0xbf, 0xf4, 0x0, 0x0, 0x2f, 0xfc, 0xf, 0x80,
    0x0, 0x0, 0x0, 0x6e, 0x0, 0x0, 0x0, 0x0,
    0x0, 0x0, 0x0,

    /* U+5C31 "就" */
    0x0, 0x0, 0x0, 0x0, 0x0, 0x0, 0x0, 0x1,
    0xf0, 0x0, 0x3, 0xd0, 0x0, 0x0, 0x1f, 0x80,
    0x0, 0x3d, 0x70, 0x0, 0x0, 0xfc, 0x0, 0x3,
    0xdf, 0xc0, 0x3f, 0xff, 0xff, 0xc0, 0x3d, 0x3e,
    0x3, 0xff, 0xff, 0xfc, 0x3, 0xd1, 0xf0, 0x15,
    0x55, 0x55, 0x40, 0x7d, 0xd, 0x0, 0x0, 0x0,
    0x0, 0x5b, 0xe5, 0x54, 0xb, 0xff, 0xff, 0x2f,
    0xff, 0xff, 0xc0, 0xbf, 0xff, 0xf2, 0xff, 0xff,
    0xfc, 0xb, 0xc0, 0x2f, 0x0, 0xbc, 0x0, 0x0,
    0xbc, 0x1, 0xf0, 0xb, 0xc0, 0x0, 0xb, 0xd5,
    0x6f, 0x0, 0xbf, 0xc0, 0x0, 0xbf, 0xff, 0xf0,
    0xf, 0xfc, 0x0, 0xb, 0xff, 0xff, 0x0, 0xff,
    0xc0, 0x0, 0x0, 0xf8, 0x40, 0x1f, 0xbc, 0x0,
    0x3, 0xcf, 0xae, 0x2, 0xfb, 0xc0, 0x0, 0x7c,
    0xf8, 0xf0, 0x3e, 0x7c, 0x0, 0xb, 0x8f, 0x8f,
    0x87, 0xd7, 0xc0, 0x0, 0xf4, 0xf8, 0x7c, 0xfc,
    0x7c, 0x20, 0x1f, 0xf, 0x83, 0x5f, 0x87, 0xc3,
    0xd3, 0xe0, 0xf8, 0x3, 0xf0, 0x7c, 0x3d, 0x8,
    0x5f, 0x80, 0xbd, 0x7, 0xd7, 0xc0, 0xf, 0xf4,
    0x1f, 0x80, 0x7f, 0xfc, 0x0, 0xbe, 0x0, 0xb0,
    0x1, 0xfe, 0x40, 0x0, 0x0, 0x0, 0x0, 0x0,
    0x0,

    /* U+5C3E "尾" */
    0x3, 0xff, 0xff, 0xff, 0xff, 0xfc, 0x0, 0xff,
    0xff, 0xff, 0xff, 0xff, 0x0, 0x3f, 0x55, 0x55,
    0x55, 0x5f, 0xc0, 0xf, 0xc0, 0x0, 0x0, 0x2,
    0xf0, 0x3, 0xf5, 0x55, 0x55, 0x55, 0xfc, 0x0,
    0xff, 0xff, 0xff, 0xff, 0xff, 0x0, 0x3f, 0xff,
    0xff, 0xff, 0xff, 0xc0, 0xf, 0xc0, 0x0, 0x6,
    0xf4, 0x0, 0x3, 0xf0, 0x5, 0xbf, 0xff, 0x0,
    0x0, 0xfc, 0xff, 0xff, 0xf9, 0x0, 0x0, 0x3f,
    0x2f, 0xef, 0xc0, 0x0, 0x0, 0xf, 0xc0, 0x2,
    0xf5, 0xaf, 0xc0, 0x3, 0xf0, 0x5a, 0xff, 0xff,
    0xf4, 0x0, 0xf8, 0xff, 0xff, 0xfa, 0x50, 0x0,
    0x3e, 0x3f, 0xef, 0xc0, 0x0, 0x50, 0x1f, 0x40,
    0x2, 0xf5, 0xaf, 0xfc, 0xb, 0xd0, 0x1a, 0xff,
    0xff, 0xff, 0x3, 0xf3, 0xff, 0xff, 0xfe, 0x50,
    0x0, 0xfc, 0xbf, 0xef, 0xc0, 0x0, 0x90, 0x7e,
    0x14, 0x2, 0xf0, 0x0, 0x3e, 0x2f, 0x40, 0x0,
    0xbe, 0xaa, 0xaf, 0x4f, 0xc0, 0x0, 0x1f, 0xff,
    0xff, 0xc1, 0xe0, 0x0, 0x1, 0xff, 0xff, 0xd0,
    0x0, 0x0, 0x0, 0x0, 0x0, 0x0,

    /* U+5C9B "岛" */
    0x0, 0x0, 0x0, 0x0, 0x0, 0x0, 0x0, 0x0,
    0xfc, 0x0, 0x0, 0x0, 0x0, 0x7, 0xe0, 0x0,
    0x0, 0x2, 0xff, 0xff, 0xff, 0xff, 0x40, 0xb,
    0xff, 0xff, 0xff, 0xfd, 0x0, 0x2f, 0xaa, 0xaa,
    0xaa, 0xf4, 0x0, 0xbc, 0x14, 0x0, 0x7, 0xd0,
    0x2, 0xf1, 0xfe, 0x0, 0x2f, 0x0, 0xb, 0xc1,
    0xff, 0x40, 0xfc, 0x0, 0x2f, 0x0, 0x7d, 0xbf,
    0xe0, 0x0, 0xbc, 0x0, 0x10, 0xff, 0x0, 0x2,
    0xf0, 0x0, 0x0, 0x0, 0x0, 0xb, 0xff, 0xff,
    0xff, 0xff, 0xf0, 0x2f, 0xff, 0xff, 0xff, 0xff,
    0xc0, 0x6a, 0xaa, 0xaa, 0xaa, 0xbf, 0x0, 0x0,
    0x50, 0x0, 0x0, 0xfc, 0x0, 0x3, 0xe0, 0x4,
    0x3, 0xf2, 0xf0, 0xf, 0x80, 0xf8, 0xf, 0xcb,
    0xc0, 0x3e, 0x3, 0xe0, 0x3e, 0x2f, 0x0, 0xf8,
    0xf, 0x80, 0xf8, 0xbc, 0x3, 0xe0, 0x3e, 0x3,
    0xd2, 0xff, 0xff, 0xff, 0xf8, 0x1f, 0x4b, 0xff,
    0xff, 0xff, 0xe0, 0xfc, 0x5, 0x55, 0x55, 0x5f,
    0xff, 0xe0, 0x0, 0x0, 0x0, 0x3, 0xfe, 0x0,

    /* U+5CB8 "岸" */
    0x0, 0x0, 0x0, 0x0, 0x0, 0x0, 0x0, 0x0,
    0x0, 0x3e, 0x0, 0x0, 0x0, 0x3f, 0x0, 0xf,
    0x80, 0xf, 0xc0, 0xf, 0xc0, 0x3, 0xe0, 0x3,
    0xf0, 0x3, 0xf0, 0x0, 0xf8, 0x0, 0xfc, 0x0,
    0xff, 0xff, 0xff, 0xff, 0xff, 0x0, 0x3f, 0xff,
    0xff, 0xff, 0xff, 0xc0, 0x6, 0xaa, 0xaa, 0xaa,
    0xaa, 0xa0, 0x0, 0x0, 0x0, 0x0, 0x0, 0x0,
    0x0, 0xff, 0xff, 0xff, 0xff, 0xff, 0xd0, 0x3f,
    0xff, 0xff, 0xff, 0xff, 0xf4, 0xf, 0xea, 0xaa,
    0xaa, 0xaa, 0xa8, 0x3, 0xf0, 0x0, 0x0, 0x0,
    0x0, 0x0, 0xfc, 0x7f, 0xff, 0xff, 0xff, 0x40,
    0x3f, 0x1f, 0xff, 0xff, 0xff, 0xe0, 0xf, 0x86,
    0xaa, 0xbf, 0xaa, 0xa4, 0x3, 0xe0, 0x0, 0xf,
    0xc0, 0x0, 0x0, 0xf8, 0x0, 0x3, 0xf0, 0x0,
    0x0, 0x7d, 0xbf, 0xff, 0xff, 0xff, 0xfc, 0x2f,
    0x2f, 0xff, 0xff, 0xff, 0xff, 0xf, 0xc1, 0x55,
    0x5f, 0xd5, 0x55, 0x7, 0xe0, 0x0, 0x3, 0xf0,
    0x0, 0x3, 0xf4, 0x0, 0x0, 0xfc, 0x0, 0x0,
    0xb8, 0x0, 0x0, 0x3f, 0x0, 0x0, 0x4, 0x0,
    0x0, 0xf, 0xc0, 0x0, 0x0,

    /* U+5CE1 "峡" */
    0x0, 0x0, 0x0, 0x0, 0x0, 0x0, 0x0, 0x28,
    0x0, 0x0, 0xbc, 0x0, 0x0, 0xf, 0x40, 0x0,
    0x2f, 0x0, 0x0, 0x3, 0xd0, 0x0, 0xb, 0xc0,
    0x0, 0x0, 0xf4, 0xa, 0xab, 0xfa, 0xa9, 0xf,
    0x3d, 0xb3, 0xff, 0xff, 0xff, 0x83, 0xcf, 0x6d,
    0xaa, 0xbf, 0xaa, 0x90, 0xf3, 0xdb, 0x45, 0xb,
    0xc0, 0x40, 0x3c, 0xf6, 0xd3, 0xc2, 0xf0, 0xbc,
    0xf, 0x3d, 0xb4, 0xf8, 0xbc, 0x3e, 0x3, 0xcf,
    0x6d, 0x2f, 0x2f, 0x1f, 0x0, 0xf3, 0xdb, 0x47,
    0xcb, 0xcf, 0x80, 0x3c, 0xf6, 0xd0, 0x43, 0xf0,
    0x40, 0xf, 0x3d, 0xb7, 0xff, 0xff, 0xff, 0xc3,
    0xcf, 0x6d, 0xff, 0xff, 0xff, 0xf0, 0xf3, 0xdb,
    0x6a, 0xbf, 0xea, 0xa8, 0x3c, 0xf6, 0xd0, 0xb,
    0xf8, 0x0, 0xf, 0x3d, 0xb4, 0x3, 0xff, 0x0,
    0x3, 0xef, 0xfd, 0x2, 0xf7, 0xf0, 0x0, 0xff,
    0xff, 0x41, 0xfc, 0xbe, 0x0, 0x29, 0x42, 0xd1,
    0xfc, 0xf, 0xe0, 0x0, 0x0, 0x52, 0xfd, 0x0,
    0xfe, 0x0, 0x0, 0x7, 0xfd, 0x0, 0x1f, 0xf0,
    0x0, 0x1, 0xfd, 0x0, 0x1, 0xfc, 0x0, 0x0,
    0x1c, 0x0, 0x0, 0x1c, 0x0, 0x0, 0x0, 0x0,
    0x0, 0x0, 0x0,

    /* U+5CF0 "峰" */
    0x0, 0x0, 0x0, 0x0, 0x0, 0x0, 0x0, 0x3c,
    0x0, 0x3, 0xe0, 0x0, 0x0, 0xf, 0x0, 0x1,
    0xf8, 0x0, 0x0, 0x3, 0xc0, 0x0, 0xff, 0xff,
    0xd0, 0x0, 0xf0, 0x0, 0xff, 0xff, 0xf0, 0xf,
    0x3c, 0xf0, 0xff, 0x0, 0xf8, 0x3, 0xcf, 0x3d,
    0xff, 0xe0, 0xfc, 0x0, 0xf3, 0xcf, 0x7f, 0xbe,
    0xfd, 0x0, 0x3c, 0xf3, 0xc6, 0xb, 0xfe, 0x0,
    0xf, 0x3c, 0xf0, 0x2, 0xff, 0x80, 0x3, 0xcf,
    0x3c, 0xb, 0xff, 0xff, 0x40, 0xf3, 0xcf, 0xbf,
    0xf8, 0x3f, 0xfc, 0x3c, 0xf3, 0xef, 0xe1, 0xa1,
    0xbd, 0xf, 0x3c, 0xf2, 0x95, 0xbd, 0x55, 0x3,
    0xcf, 0x3c, 0x3f, 0xff, 0xff, 0x80, 0xf3, 0xcf,
    0xa, 0xaf, 0xfa, 0x90, 0x3c, 0xf3, 0xc0, 0x2,
    0xf0, 0x0, 0xf, 0x3c, 0xf0, 0xff, 0xff, 0xfe,
    0x3, 0xcf, 0x3c, 0x3f, 0xff, 0xff, 0x40, 0xf7,
    0xef, 0x0, 0xb, 0xc0, 0x0, 0x7f, 0xff, 0xcf,
    0xff, 0xff, 0xfd, 0xf, 0xa9, 0xf3, 0xff, 0xff,
    0xff, 0x80, 0x0, 0x14, 0x55, 0x7f, 0x95, 0x50,
    0x0, 0x0, 0x0, 0xb, 0xc0, 0x0, 0x0, 0x0,
    0x0, 0x2, 0xf0, 0x0, 0x0,

    /* U+5D16 "崖" */
    0x0, 0x0, 0x0, 0x0, 0x0, 0x0, 0x0, 0x54,
    0x0, 0x3e, 0x0, 0x15, 0x0, 0x3f, 0x0, 0xf,
    0x80, 0xf, 0xc0, 0xf, 0xc0, 0x3, 0xe0, 0x3,
    0xf0, 0x3, 0xff, 0xff, 0xff, 0xff, 0xfc, 0x0,
    0xff, 0xff, 0xff, 0xff, 0xff, 0x0, 0x15, 0x55,
    0x55, 0x55, 0x55, 0x40, 0x0, 0x0, 0x0, 0x0,
    0x0, 0x0, 0x3, 0xff, 0xff, 0xff, 0xff, 0xff,
    0x40, 0xff, 0xff, 0xff, 0xff, 0xff, 0xd0, 0x3f,
    0x0, 0x0, 0x50, 0x0, 0x0, 0xf, 0xc0, 0x0,
    0x7d, 0x0, 0x0, 0x3, 0xf1, 0xff, 0xff, 0xff,
    0xf8, 0x0, 0xfc, 0x7f, 0xff, 0xff, 0xfe, 0x0,
    0x3e, 0x0, 0x1, 0xf4, 0x0, 0x0, 0xf, 0xaf,
    0xff, 0xff, 0xff, 0xf8, 0x3, 0xeb, 0xff, 0xff,
    0xff, 0xfe, 0x1, 0xf4, 0x0, 0x1, 0x40, 0x0,
    0x0, 0x7d, 0x0, 0x1, 0xf4, 0x0, 0x0, 0x2f,
    0xf, 0xff, 0xff, 0xff, 0xf0, 0xf, 0xc3, 0xff,
    0xff, 0xff, 0xfc, 0x7, 0xe0, 0x0, 0x7, 0xd0,
    0x0, 0x3, 0xf5, 0x55, 0x56, 0xf9, 0x55, 0x54,
    0xfc, 0xbf, 0xff, 0xff, 0xff, 0xff, 0x9, 0x1a,
    0xaa, 0xaa, 0xaa, 0xaa, 0x80, 0x0, 0x0, 0x0,
    0x0, 0x0, 0x0,

    /* U+5DF2 "已" */
    0xaa, 0xaa, 0xaa, 0xaa, 0xaa, 0x0, 0xbf, 0xff,
    0xff, 0xff, 0xff, 0x0, 0xbf, 0xff, 0xff, 0xff,
    0xff, 0x0, 0x0, 0x0, 0x0, 0x0, 0x3f, 0x0,
    0x0, 0x0, 0x0, 0x0, 0x3f, 0x0, 0x1a, 0x0,
    0x0, 0x0, 0x3f, 0x0, 0x2f, 0x40, 0x0, 0x0,
    0x3f, 0x0, 0x2f, 0x40, 0x0, 0x0, 0x3f, 0x0,
    0x2f, 0x40, 0x0, 0x0, 0x3f, 0x0, 0x2f, 0xff,
    0xff, 0xff, 0xff, 0x0, 0x2f, 0xff, 0xff, 0xff,
    0xff, 0x0, 0x2f, 0xff, 0xff, 0xff, 0xff, 0x0,
    0x2f, 0x40, 0x0, 0x0, 0x3f, 0x0, 0x2f, 0x40,
    0x0, 0x0, 0x0, 0x0, 0x2f, 0x40, 0x0, 0x0,
    0x0, 0x0, 0x2f, 0x40, 0x0, 0x0, 0x0, 0x40,
    0x2f, 0x40, 0x0, 0x0, 0x0, 0xfc, 0x2f, 0x40,
    0x0, 0x0, 0x0, 0xfc, 0x2f, 0x40, 0x0, 0x0,
    0x0, 0xfc, 0x1f, 0xc0, 0x0, 0x0, 0x7, 0xf8,
    0xf, 0xff, 0xff, 0xff, 0xff, 0xf0, 0x7, 0xff,
    0xff, 0xff, 0xff, 0xd0, 0x0, 0x6a, 0xaa, 0xaa,
    0xa9, 0x0,

    /* U+5E02 "市" */
    0x0, 0x0, 0x0, 0x40, 0x0, 0x0, 0x0, 0x0,
    0x2, 0xf4, 0x0, 0x0, 0x0, 0x0, 0x0, 0x7f,
    0x0, 0x0, 0x0, 0x0, 0x0, 0xf, 0xe0, 0x0,
    0x0, 0x2a, 0xaa, 0xab, 0xfe, 0xaa, 0xaa, 0x4f,
    0xff, 0xff, 0xff, 0xff, 0xff, 0xe3, 0xff, 0xff,
    0xff, 0xff, 0xff, 0xf8, 0x0, 0x0, 0xf, 0xc0,
    0x0, 0x0, 0x0, 0x0, 0x3, 0xf0, 0x0, 0x0,
    0x0, 0x0, 0x0, 0xfc, 0x0, 0x0, 0x0, 0x2a,
    0xaa, 0xbf, 0xaa, 0xaa, 0x80, 0xf, 0xff, 0xff,
    0xff, 0xff, 0xf0, 0x3, 0xff, 0xff, 0xff, 0xff,
    0xfc, 0x0, 0xfc, 0x0, 0xfc, 0x0, 0x3f, 0x0,
    0x3f, 0x0, 0x3f, 0x0, 0xf, 0xc0, 0xf, 0xc0,
    0xf, 0xc0, 0x3, 0xf0, 0x3, 0xf0, 0x3, 0xf0,
    0x0, 0xfc, 0x0, 0xfc, 0x0, 0xfc, 0x0, 0x3f,
    0x0, 0x3f, 0x0, 0x3f, 0x0, 0xf, 0xc0, 0xf,
    0xc0, 0xf, 0xc0, 0x3, 0xf0, 0x3, 0xf0, 0x3,
    0xf0, 0xff, 0xf8, 0x0, 0xfc, 0x0, 0xfc, 0x2f,
    0xfd, 0x0, 0x2a, 0x0, 0x3f, 0x2, 0xa4, 0x0,
    0x0, 0x0, 0xf, 0xc0, 0x0, 0x0, 0x0, 0x0,
    0x3, 0xf0, 0x0, 0x0, 0x0,

    /* U+5E26 "带" */
    0x0, 0xbc, 0x3, 0xe0, 0x3f, 0x0, 0x0, 0xbd,
    0x3, 0xe0, 0x3f, 0x0, 0x0, 0xbd, 0x7, 0xf0,
    0x3f, 0x0, 0xbf, 0xff, 0xff, 0xff, 0xff, 0xff,
    0xbf, 0xff, 0xff, 0xff, 0xff, 0xff, 0x0, 0xbd,
    0x7, 0xe0, 0x3f, 0x0, 0x0, 0xbd, 0x3, 0xe0,
    0x3f, 0x0, 0x0, 0x54, 0x1, 0x50, 0x1a, 0x0,
    0x15, 0x55, 0x55, 0x55, 0x55, 0x54, 0x3f, 0xff,
    0xff, 0xff, 0xff, 0xfc, 0x3f, 0xff, 0xff, 0xff,
    0xff, 0xfc, 0x3e, 0x0, 0x3, 0xe0, 0x0, 0xbc,
    0x3e, 0x0, 0x3, 0xe0, 0x0, 0xbc, 0x3f, 0x55,
    0x5b, 0xf5, 0x55, 0xfc, 0x16, 0xff, 0xff, 0xff,
    0xff, 0xd4, 0x1, 0xff, 0xff, 0xff, 0xff, 0xc0,
    0x1, 0xf8, 0x3, 0xe0, 0xb, 0xc0, 0x1, 0xf8,
    0x3, 0xe0, 0xb, 0xc0, 0x1, 0xf8, 0x3, 0xe0,
    0xb, 0xc0, 0x1, 0xf8, 0x3, 0xe0, 0x5f, 0xc0,
    0x1, 0xf8, 0x3, 0xe0, 0xff, 0xc0, 0x1, 0xf8,
    0x3, 0xe0, 0xfe, 0x0, 0x0, 0x0, 0x3, 0xe0,
    0x0, 0x0, 0x0, 0x0, 0x3, 0xe0, 0x0, 0x0,

    /* U+5E73 "平" */
    0x0, 0x0, 0x0, 0x0, 0x0, 0x0, 0x2f, 0xff,
    0xff, 0xff, 0xff, 0xf0, 0x2f, 0xff, 0xff, 0xff,
    0xff, 0xf0, 0x1a, 0xaa, 0xaf, 0xea, 0xaa, 0xa0,
    0x0, 0x10, 0xb, 0xc0, 0x4, 0x0, 0x2, 0xf0,
    0xb, 0xc0, 0x1f, 0x80, 0x1, 0xf8, 0xb, 0xc0,
    0x3f, 0x40, 0x0, 0xfc, 0xb, 0xc0, 0x3f, 0x0,
    0x0, 0xbd, 0xb, 0xc0, 0xbd, 0x0, 0x0, 0x7e,
    0xb, 0xc0, 0xfc, 0x0, 0x0, 0x34, 0xb, 0xc0,
    0x70, 0x0, 0x0, 0x0, 0xb, 0xd0, 0x0, 0x0,
    0xff, 0xff, 0xff, 0xff, 0xff, 0xfe, 0xff, 0xff,
    0xff, 0xff, 0xff, 0xfe, 0xaa, 0xaa, 0xaf, 0xfa,
    0xaa, 0xa9, 0x0, 0x0, 0xb, 0xc0, 0x0, 0x0,
    0x0, 0x0, 0xb, 0xc0, 0x0, 0x0, 0x0, 0x0,
    0xb, 0xc0, 0x0, 0x0, 0x0, 0x0, 0xb, 0xc0,
    0x0, 0x0, 0x0, 0x0, 0xb, 0xc0, 0x0, 0x0,
    0x0, 0x0, 0xb, 0xc0, 0x0, 0x0, 0x0, 0x0,
    0xb, 0xc0, 0x0, 0x0, 0x0, 0x0, 0xb, 0xc0,
    0x0, 0x0,

    /* U+5E7C "幼" */
    0x0, 0x64, 0x0, 0x3, 0xe0, 0x0, 0x0, 0xbd,
    0x0, 0x3, 0xf0, 0x0, 0x0, 0xfc, 0x0, 0x3,
    0xe0, 0x0, 0x1, 0xfc, 0x0, 0x3, 0xe0, 0x0,
    0x2, 0xf4, 0x0, 0x3, 0xe0, 0x0, 0x3, 0xf0,
    0x0, 0x3, 0xe0, 0x0, 0xb, 0xd0, 0x11, 0xff,
    0xff, 0xfd, 0xf, 0xc0, 0xbe, 0xff, 0xff, 0xfd,
    0x2f, 0x40, 0xfc, 0xab, 0xfa, 0xbd, 0x7f, 0xab,
    0xf8, 0x3, 0xe0, 0x3d, 0xbf, 0xff, 0xf0, 0x3,
    0xe0, 0x3d, 0x7f, 0xff, 0xd0, 0x3, 0xd0, 0x7d,
    0x10, 0xf, 0xc0, 0x7, 0xd0, 0x7d, 0x0, 0x3f,
    0x40, 0x7, 0xd0, 0x7d, 0x0, 0x7e, 0x20, 0xb,
    0xc0, 0x7d, 0x0, 0xfc, 0xf8, 0xf, 0xc0, 0x7d,
    0x2, 0xf4, 0xbc, 0xf, 0xc0, 0x7d, 0x7, 0xe0,
    0x3d, 0x1f, 0x80, 0x7c, 0xf, 0xd6, 0xbf, 0x2f,
    0x0, 0x7c, 0x7f, 0xff, 0xff, 0x7f, 0x0, 0xbc,
    0xbf, 0xff, 0xff, 0xfd, 0x0, 0xbc, 0x3f, 0x94,
    0xb, 0xfc, 0x2a, 0xfc, 0x10, 0x0, 0x7, 0xf0,
    0x3f, 0xf8, 0x0, 0x0, 0x2, 0xd0, 0x3f, 0xe0,
    0x0, 0x0, 0x0, 0x40, 0x0, 0x0,

    /* U+5E97 "店" */
    0x0, 0x0, 0x0, 0x6c, 0x0, 0x0, 0x0, 0x0,
    0x0, 0x2f, 0x80, 0x0, 0x0, 0x0, 0x0, 0x3,
    0xf0, 0x0, 0x0, 0xf, 0xff, 0xff, 0xff, 0xff,
    0xff, 0x3, 0xff, 0xff, 0xff, 0xff, 0xff, 0xc0,
    0xfe, 0xaa, 0xaa, 0xaa, 0xaa, 0xa0, 0x3f, 0x0,
    0x1, 0xa0, 0x0, 0x0, 0xf, 0xc0, 0x0, 0xfc,
    0x0, 0x0, 0x3, 0xf0, 0x0, 0x3f, 0x0, 0x0,
    0x0, 0xfc, 0x0, 0xf, 0xff, 0xff, 0xc0, 0x3f,
    0x0, 0x3, 0xff, 0xff, 0xf0, 0xf, 0xc0, 0x0,
    0xfe, 0xaa, 0xa8, 0x3, 0xf0, 0x0, 0x3f, 0x0,
    0x0, 0x0, 0xfc, 0x0, 0xf, 0xc0, 0x0, 0x0,
    0x3f, 0x1a, 0xab, 0xfa, 0xaa, 0x80, 0xf, 0x87,
    0xff, 0xff, 0xff, 0xf0, 0x3, 0xe1, 0xff, 0xff,
    0xff, 0xfc, 0x1, 0xf4, 0x7d, 0x0, 0x0, 0x3f,
    0x0, 0xbd, 0x1f, 0x40, 0x0, 0xf, 0xc0, 0x3f,
    0x7, 0xd0, 0x0, 0x3, 0xf0, 0xf, 0xc1, 0xfa,
    0xaa, 0xaa, 0xfc, 0xb, 0xe0, 0x7f, 0xff, 0xff,
    0xff, 0x3, 0xf0, 0x1f, 0xff, 0xff, 0xff, 0xc0,
    0x38, 0x7, 0xd0, 0x0, 0x3, 0xf0, 0x0, 0x0,
    0x0, 0x0, 0x0, 0x0, 0x0,

    /* U+5F00 "开" */
    0x15, 0x55, 0x55, 0x55, 0x55, 0x54, 0x3f, 0xff,
    0xff, 0xff, 0xff, 0xfc, 0x3f, 0xff, 0xff, 0xff,
    0xff, 0xfc, 0x0, 0xf, 0xd0, 0x3, 0xf4, 0x0,
    0x0, 0xf, 0xc0, 0x3, 0xf0, 0x0, 0x0, 0xf,
    0xc0, 0x3, 0xf0, 0x0, 0x0, 0xf, 0xc0, 0x3,
    0xf0, 0x0, 0x0, 0xf, 0xc0, 0x3, 0xf0, 0x0,
    0x0, 0xf, 0xc0, 0x3, 0xf0, 0x0, 0x0, 0xf,
    0xc0, 0x3, 0xf0, 0x0, 0xff, 0xff, 0xff, 0xff,
    0xff, 0xfe, 0xff, 0xff, 0xff, 0xff, 0xff, 0xfe,
    0x6a, 0xaf, 0xea, 0xab, 0xfa, 0xa9, 0x0, 0xf,
    0xc0, 0x3, 0xf0, 0x0, 0x0, 0x1f, 0x80, 0x3,
    0xf0, 0x0, 0x0, 0x3f, 0x40, 0x3, 0xf0, 0x0,
    0x0, 0x7f, 0x0, 0x3, 0xf0, 0x0, 0x0, 0xfe,
    0x0, 0x3, 0xf0, 0x0, 0x2, 0xfc, 0x0, 0x3,
    0xf0, 0x0, 0xb, 0xf4, 0x0, 0x3, 0xf0, 0x0,
    0x3f, 0xe0, 0x0, 0x3, 0xf0, 0x0, 0x7f, 0x80,
    0x0, 0x3, 0xf0, 0x0, 0xd, 0x0, 0x0, 0x3,
    0xf0, 0x0, 0x0, 0x0, 0x0, 0x0, 0x0, 0x0,

    /* U+5F0F "式" */
    0x0, 0x0, 0x0, 0x0, 0x0, 0x0, 0x0, 0x0,
    0x0, 0xf, 0xc2, 0xd0, 0x0, 0x0, 0x0, 0x3,
    0xf1, 0xfd, 0x0, 0x0, 0x0, 0x0, 0xfc, 0x1f,
    0xd0, 0x0, 0x0, 0x0, 0x3f, 0x0, 0xf0, 0x2a,
    0xaa, 0xaa, 0xaf, 0xea, 0xba, 0x4f, 0xff, 0xff,
    0xff, 0xff, 0xff, 0xe3, 0xff, 0xff, 0xff, 0xff,
    0xff, 0xf8, 0x0, 0x0, 0x0, 0x2f, 0x40, 0x0,
    0x0, 0x0, 0x0, 0xb, 0xd0, 0x0, 0x0, 0x0,
    0x0, 0x1, 0xf8, 0x0, 0x0, 0x6a, 0xaa, 0xa9,
    0x7e, 0x0, 0x0, 0x3f, 0xff, 0xff, 0x4f, 0xc0,
    0x0, 0xf, 0xff, 0xff, 0xd3, 0xf0, 0x0, 0x0,
    0x3, 0xf4, 0x0, 0xfc, 0x0, 0x0, 0x0, 0xbc,
    0x0, 0x2f, 0x40, 0x0, 0x0, 0x2f, 0x0, 0xb,
    0xd0, 0x0, 0x0, 0xb, 0xc0, 0x1, 0xf8, 0x0,
    0x0, 0x2, 0xf0, 0x0, 0x3f, 0x1, 0x80, 0x0,
    0xbc, 0x6, 0xb, 0xd0, 0x7c, 0x0, 0x3f, 0xff,
    0xd1, 0xfc, 0x2f, 0x1b, 0xff, 0xff, 0xf4, 0x3f,
    0x8f, 0xcb, 0xff, 0xfe, 0x40, 0x7, 0xff, 0xe0,
    0xfa, 0x40, 0x0, 0x0, 0xbf, 0xf0, 0x0, 0x0,
    0x0, 0x0, 0x7, 0xf4, 0x0,

    /* U+5F97 "得" */
    0x0, 0x8, 0x0, 0x0, 0x0, 0x0, 0x0, 0xf,
    0xd2, 0xff, 0xff, 0xff, 0x40, 0xf, 0xf0, 0xbf,
    0xff, 0xff, 0xd0, 0xf, 0xf0, 0x2f, 0x0, 0x2,
    0xf4, 0x1f, 0xf0, 0xb, 0xff, 0xff, 0xfd, 0xf,
    0xf0, 0x2, 0xff, 0xff, 0xff, 0x41, 0xe0, 0xb4,
    0xbc, 0x0, 0xb, 0xd0, 0x10, 0x7e, 0x2f, 0x0,
    0x2, 0xf4, 0x0, 0x7f, 0xb, 0xff, 0xff, 0xfd,
    0x0, 0x3f, 0x42, 0xff, 0xff, 0xff, 0x0, 0x3f,
    0xc0, 0x0, 0x0, 0x0, 0x0, 0x7f, 0xf0, 0xff,
    0xff, 0xff, 0xfc, 0x7f, 0xfc, 0x3f, 0xff, 0xff,
    0xff, 0xf, 0xff, 0x5, 0x55, 0x57, 0xf5, 0x42,
    0x8b, 0xc0, 0x0, 0x0, 0xbc, 0x0, 0x2, 0xf2,
    0xff, 0xff, 0xff, 0xff, 0x0, 0xbc, 0xbf, 0xff,
    0xff, 0xff, 0xc0, 0x2f, 0x5, 0xa5, 0x57, 0xf5,
    0x50, 0xb, 0xc0, 0x7d, 0x0, 0xbc, 0x0, 0x2,
    0xf0, 0xf, 0xd0, 0x2f, 0x0, 0x0, 0xbc, 0x0,
    0xfc, 0xb, 0xc0, 0x0, 0x2f, 0x0, 0xd, 0x57,
    0xf0, 0x0, 0xb, 0xc0, 0x0, 0x2f, 0xfc, 0x0,
    0x2, 0xf0, 0x0, 0x7, 0xfd, 0x0, 0x0, 0x0,
    0x0, 0x0, 0x0, 0x0, 0x0,

    /* U+606F "息" */
    0x0, 0x0, 0x1, 0x40, 0x0, 0x0, 0x0, 0x0,
    0xb, 0xe0, 0x0, 0x0, 0x0, 0x0, 0xf, 0xc0,
    0x0, 0x0, 0x0, 0xff, 0xff, 0xff, 0xff, 0x0,
    0x0, 0xff, 0xff, 0xff, 0xff, 0x0, 0x0, 0xf8,
    0x0, 0x0, 0x3f, 0x0, 0x0, 0xf8, 0x0, 0x0,
    0x2f, 0x0, 0x0, 0xff, 0xff, 0xff, 0xff, 0x0,
    0x0, 0xff, 0xff, 0xff, 0xff, 0x0, 0x0, 0xf8,
    0x0, 0x0, 0x2f, 0x0, 0x0, 0xff, 0xff, 0xff,
    0xff, 0x0, 0x0, 0xff, 0xff, 0xff, 0xff, 0x0,
    0x0, 0xf8, 0x0, 0x0, 0x3f, 0x0, 0x0, 0xf8,
    0x0, 0x0, 0x3f, 0x0, 0x0, 0xff, 0xff, 0xff,
    0xff, 0x0, 0x0, 0xff, 0xff, 0xff, 0xff, 0x0,
    0x0, 0x0, 0xb, 0xc0, 0x0, 0x0, 0x0, 0x0,
    0xb, 0xe0, 0x1, 0xd0, 0xf, 0x9f, 0x82, 0xf4,
    0x7, 0xf0, 0xf, 0x9f, 0x80, 0xfc, 0x2, 0xf4,
    0x2f, 0x5f, 0x80, 0x74, 0x79, 0xfc, 0x3f, 0x1f,
    0x80, 0x0, 0xbc, 0xbd, 0xbd, 0xf, 0xea, 0xaa,
    0xfc, 0x3e, 0x2c, 0xf, 0xff, 0xff, 0xf8, 0x10,
    0x0, 0x2, 0xff, 0xff, 0xe0, 0x0,

    /* U+60AC "悬" */
    0x0, 0x0, 0x0, 0x0, 0x0, 0x0, 0x0, 0x2,
    0xff, 0xff, 0xff, 0xfc, 0x0, 0x0, 0x2f, 0xff,
    0xff, 0xff, 0xc0, 0x0, 0x2, 0xf0, 0x0, 0x0,
    0xfc, 0x0, 0x0, 0x2f, 0xff, 0xff, 0xff, 0xc0,
    0x0, 0x2, 0xff, 0xff, 0xff, 0xfc, 0x0, 0x0,
    0x2f, 0x0, 0x0, 0xf, 0xc0, 0x0, 0x2, 0xff,
    0xff, 0xff, 0xfc, 0x0, 0x0, 0x2f, 0xaa, 0xaa,
    0xaf, 0xc0, 0x0, 0x2, 0xf0, 0x0, 0x0, 0xfc,
    0x0, 0x2f, 0xff, 0xff, 0xff, 0xff, 0xff, 0xc2,
    0xff, 0xff, 0xff, 0xff, 0xff, 0xfc, 0x0, 0x7,
    0xf8, 0x0, 0xbf, 0x40, 0x0, 0x2, 0xfd, 0x0,
    0x7, 0xfc, 0x0, 0x2, 0xff, 0xff, 0xff, 0xff,
    0xf4, 0x0, 0x3f, 0xff, 0xff, 0xfe, 0xaf, 0xc0,
    0x1, 0xa9, 0x51, 0xe0, 0x0, 0x78, 0x0, 0x4,
    0x5, 0x2f, 0xd0, 0xa, 0x0, 0x1, 0xf5, 0xf4,
    0x7f, 0x3, 0xf4, 0x0, 0x3f, 0x1f, 0x40, 0xd1,
    0xf, 0xd0, 0xf, 0xd1, 0xf4, 0x0, 0x3d, 0x3f,
    0x43, 0xfc, 0x1f, 0x80, 0xb, 0xd1, 0xfc, 0x1f,
    0x0, 0xff, 0xff, 0xfc, 0xb, 0x40, 0x0, 0x7,
    0xff, 0xff, 0x0, 0x0,

    /* U+6210 "成" */
    0x0, 0x0, 0x0, 0x0, 0x0, 0x0, 0x0, 0x0,
    0x0, 0x0, 0xf8, 0x74, 0x0, 0x0, 0x0, 0x0,
    0xf, 0x8f, 0xf0, 0x0, 0x0, 0x0, 0x0, 0xf8,
    0x3f, 0xd0, 0x0, 0x0, 0x0, 0xf, 0x80, 0x7c,
    0x0, 0x3f, 0xff, 0xff, 0xff, 0xff, 0xfc, 0x3,
    0xff, 0xff, 0xff, 0xff, 0xff, 0xc0, 0x3f, 0xff,
    0xff, 0xff, 0xff, 0xfc, 0x3, 0xf0, 0x0, 0xf,
    0xc0, 0x0, 0x0, 0x3f, 0x0, 0x0, 0xfc, 0x1,
    0x0, 0x3, 0xf0, 0x0, 0xb, 0xc0, 0xbd, 0x0,
    0x3f, 0xff, 0xf8, 0xbd, 0xf, 0xc0, 0x3, 0xff,
    0xff, 0x87, 0xd1, 0xf8, 0x0, 0x3f, 0xaa, 0xf8,
    0x7e, 0x3f, 0x40, 0x3, 0xf0, 0xf, 0x43, 0xf7,
    0xf0, 0x0, 0x3f, 0x0, 0xf4, 0x3f, 0xfd, 0x0,
    0x3, 0xf0, 0x1f, 0x42, 0xff, 0x80, 0x0, 0x3f,
    0x1, 0xf4, 0x1f, 0xf0, 0x0, 0x7, 0xe0, 0x2f,
    0x41, 0xfd, 0x3, 0x0, 0x7d, 0xbf, 0xf0, 0x3f,
    0xd0, 0x3c, 0xb, 0xd3, 0xfe, 0x1f, 0xff, 0x7,
    0xc0, 0xfc, 0x15, 0x4b, 0xff, 0xf8, 0xbc, 0x2f,
    0x80, 0x3, 0xff, 0x1f, 0xff, 0x83, 0xf4, 0x0,
    0x3f, 0x80, 0x7f, 0xf4, 0xb, 0x0, 0x0, 0xd0,
    0x1, 0xfd, 0x0, 0x0, 0x0, 0x0, 0x0, 0x0,
    0x0,

    /* U+623F "房" */
    0x0, 0x0, 0x0, 0x64, 0x0, 0x0, 0x0, 0x0,
    0x0, 0x7f, 0x0, 0x0, 0x0, 0x15, 0x55, 0x5f,
    0xd5, 0x55, 0x40, 0xf, 0xff, 0xff, 0xff, 0xff,
    0xf8, 0x3, 0xff, 0xff, 0xff, 0xff, 0xfe, 0x0,
    0xfc, 0x0, 0x0, 0x0, 0xf, 0x80, 0x3f, 0x0,
    0x0, 0x0, 0x7, 0xe0, 0xf, 0xff, 0xff, 0xff,
    0xff, 0xf8, 0x3, 0xff, 0xff, 0xff, 0xff, 0xfe,
    0x0, 0xfc, 0x0, 0x6, 0xc0, 0x0, 0x0, 0x3f,
    0x0, 0x2, 0xf4, 0x0, 0x0, 0xf, 0xc0, 0x0,
    0x3f, 0x0, 0x0, 0x3, 0xf1, 0x55, 0x5f, 0x95,
    0x55, 0x0, 0xfd, 0xff, 0xff, 0xff, 0xff, 0xd0,
    0x3e, 0x3f, 0xff, 0xff, 0xff, 0xf4, 0xf, 0x80,
    0xf, 0x80, 0x0, 0x0, 0x7, 0xe0, 0x3, 0xff,
    0xff, 0xf8, 0x1, 0xf4, 0x1, 0xff, 0xff, 0xfe,
    0x0, 0xbc, 0x0, 0xfd, 0x55, 0x5f, 0x80, 0x3f,
    0x0, 0x7e, 0x0, 0x7, 0xd0, 0xf, 0x80, 0x7f,
    0x0, 0x1, 0xf4, 0xb, 0xd0, 0xbf, 0x40, 0x0,
    0xfc, 0x3, 0xf0, 0xff, 0x40, 0x3f, 0xff, 0x0,
    0x78, 0x1e, 0x0, 0x7, 0xfe, 0x0, 0x0, 0x0,
    0x0, 0x0, 0x0, 0x0, 0x0,

    /* U+624B "手" */
    0x0, 0x0, 0x0, 0x0, 0x0, 0x0, 0x0, 0x0,
    0x0, 0x0, 0x1a, 0xc0, 0x0, 0x0, 0x15, 0xaf,
    0xff, 0xfc, 0x0, 0x3f, 0xff, 0xff, 0xff, 0xfe,
    0x0, 0xb, 0xff, 0xff, 0xf9, 0x40, 0x0, 0x0,
    0x55, 0x40, 0xf8, 0x0, 0x0, 0x0, 0x0, 0x0,
    0x3e, 0x0, 0x0, 0x0, 0x0, 0x0, 0xf, 0x80,
    0x0, 0x0, 0xa, 0xaa, 0xab, 0xfa, 0xaa, 0xa4,
    0x3, 0xff, 0xff, 0xff, 0xff, 0xfe, 0x0, 0xff,
    0xff, 0xff, 0xff, 0xff, 0x80, 0x0, 0x0, 0xf,
    0x80, 0x0, 0x0, 0x0, 0x0, 0x3, 0xe0, 0x0,
    0x0, 0x0, 0x0, 0x0, 0xf8, 0x0, 0x0, 0x6,
    0xaa, 0xaa, 0xff, 0xaa, 0xaa, 0xa2, 0xff, 0xff,
    0xff, 0xff, 0xff, 0xfc, 0xbf, 0xff, 0xff, 0xff,
    0xff, 0xff, 0x0, 0x0, 0x0, 0xfc, 0x0, 0x0,
    0x0, 0x0, 0x0, 0x3e, 0x0, 0x0, 0x0, 0x0,
    0x0, 0xf, 0x80, 0x0, 0x0, 0x0, 0x0, 0x3,
    0xe0, 0x0, 0x0, 0x0, 0x0, 0x0, 0xf8, 0x0,
    0x0, 0x0, 0x1, 0xff, 0xfe, 0x0, 0x0, 0x0,
    0x0, 0x3f, 0xff, 0x40, 0x0, 0x0, 0x0, 0xb,
    0xfe, 0x40, 0x0, 0x0, 0x0,

    /* U+627E "找" */
    0x0, 0x0, 0x0, 0x0, 0x0, 0x0, 0x0, 0xb,
    0xc0, 0x2, 0xf0, 0x10, 0x0, 0x0, 0xbc, 0x0,
    0x2f, 0xf, 0x80, 0x0, 0xb, 0xc0, 0x2, 0xf4,
    0xfe, 0x0, 0x0, 0xbc, 0x0, 0x2f, 0x43, 0xf8,
    0x0, 0xb, 0xc0, 0x1, 0xf4, 0xf, 0x40, 0x3f,
    0xff, 0xf0, 0x1f, 0x40, 0x51, 0x3, 0xff, 0xff,
    0x2, 0xfe, 0xff, 0xf4, 0x2a, 0xfe, 0xab, 0xff,
    0xff, 0xff, 0x80, 0xb, 0xc0, 0xbf, 0xff, 0xfa,
    0x50, 0x0, 0xbc, 0x6, 0x5f, 0xc0, 0x0, 0x0,
    0xb, 0xc0, 0x0, 0xfc, 0x7, 0x80, 0x0, 0xbd,
    0xb0, 0xb, 0xc0, 0xfc, 0x0, 0x1f, 0xff, 0x0,
    0xbd, 0x1f, 0x80, 0x3f, 0xff, 0xf0, 0x7, 0xd3,
    0xf0, 0x3, 0xff, 0xd0, 0x0, 0x3f, 0xfd, 0x0,
    0x29, 0xbc, 0x0, 0x3, 0xff, 0x80, 0x0, 0xb,
    0xc0, 0x0, 0x2f, 0xf0, 0x0, 0x0, 0xbc, 0x0,
    0x3, 0xfc, 0x3, 0x0, 0xb, 0xc0, 0x0, 0xff,
    0xc0, 0x7c, 0x0, 0xbc, 0x0, 0x7f, 0xff, 0x7,
    0xc0, 0xb, 0xc0, 0x7f, 0xf7, 0xfd, 0xfc, 0x1a,
    0xfc, 0x1f, 0xf8, 0x1f, 0xff, 0x41, 0xff, 0xc0,
    0x7c, 0x0, 0xbf, 0xf0, 0xf, 0xe0, 0x0, 0x0,
    0x1, 0xfd, 0x0, 0x0, 0x0, 0x0, 0x0, 0x0,
    0x0,

    /* U+62A5 "报" */
    0x0, 0x0, 0x0, 0x0, 0x0, 0x0, 0x0, 0xf,
    0xc0, 0x0, 0x0, 0x0, 0x0, 0x0, 0xfc, 0xb,
    0xff, 0xff, 0xfe, 0x0, 0xf, 0xc0, 0xbf, 0xff,
    0xff, 0xe0, 0x0, 0xfc, 0xb, 0xea, 0xaa, 0xbe,
    0x0, 0xf, 0xc0, 0xbc, 0x0, 0x7, 0xe0, 0x3f,
    0xff, 0xeb, 0xc0, 0x0, 0x7d, 0x3, 0xff, 0xfe,
    0xbc, 0x4, 0xb, 0xd0, 0x3f, 0xff, 0xeb, 0xc1,
    0xff, 0xfc, 0x0, 0xf, 0xc0, 0xbc, 0xf, 0xff,
    0x40, 0x0, 0xfc, 0xb, 0xc0, 0x0, 0x0, 0x0,
    0xf, 0xc0, 0xbf, 0xff, 0xff, 0xf0, 0x0, 0xfd,
    0xab, 0xff, 0xff, 0xff, 0x0, 0x1f, 0xfe, 0xbf,
    0xf9, 0x57, 0xf0, 0x7f, 0xff, 0xfb, 0xdf, 0x80,
    0x3e, 0x7, 0xff, 0xd0, 0xbc, 0xbc, 0xb, 0xd0,
    0x3e, 0xfc, 0xb, 0xc3, 0xf0, 0xfc, 0x0, 0xf,
    0xc0, 0xbc, 0x2f, 0xaf, 0x40, 0x0, 0xfc, 0xb,
    0xc0, 0xff, 0xf0, 0x0, 0xf, 0xc0, 0xbc, 0x7,
    0xfc, 0x0, 0x0, 0xfc, 0xb, 0xc0, 0x7f, 0xe0,
    0x0, 0xf, 0xc0, 0xbc, 0x2f, 0xff, 0xc0, 0x2a,
    0xfc, 0xb, 0xdf, 0xfa, 0xff, 0x83, 0xff, 0xc0,
    0xbe, 0xfd, 0x7, 0xf4, 0x2f, 0xe0, 0xb, 0xca,
    0x0, 0xa, 0x0, 0x0, 0x0, 0x0, 0x0, 0x0,
    0x0,

    /* U+62B5 "抵" */
    0x0, 0x0, 0x0, 0x0, 0x0, 0x0, 0x0, 0xf,
    0xc0, 0x0, 0x0, 0xb, 0x40, 0x0, 0xfc, 0x0,
    0x0, 0x6f, 0xfd, 0x0, 0xf, 0xc0, 0x1b, 0xff,
    0xff, 0x90, 0x0, 0xfc, 0xb, 0xff, 0xfe, 0x0,
    0x0, 0xf, 0xc0, 0xbf, 0x93, 0xe0, 0x0, 0x3f,
    0xff, 0xdb, 0xc0, 0x3e, 0x0, 0x3, 0xff, 0xfd,
    0xbc, 0x3, 0xe0, 0x0, 0x2a, 0xfe, 0x8b, 0xc0,
    0x3e, 0x0, 0x0, 0xf, 0xc0, 0xbc, 0x2, 0xf0,
    0x0, 0x0, 0xfc, 0xb, 0xea, 0xbf, 0xaa, 0x40,
    0xf, 0xc0, 0xbf, 0xff, 0xff, 0xf8, 0x0, 0xfe,
    0xcb, 0xff, 0xff, 0xff, 0x80, 0x1f, 0xfd, 0xbc,
    0x1, 0xf0, 0x0, 0x3f, 0xff, 0xdb, 0xc0, 0xf,
    0x40, 0x3, 0xff, 0xc0, 0xbc, 0x0, 0xf4, 0x0,
    0x29, 0xfc, 0xb, 0xc0, 0xf, 0x80, 0x0, 0xf,
    0xc0, 0xbc, 0x0, 0xfc, 0x0, 0x0, 0xfc, 0xb,
    0xc0, 0xb, 0xc0, 0x0, 0xf, 0xc0, 0xbc, 0x1e,
    0x7c, 0x28, 0x0, 0xfc, 0xb, 0xc0, 0xf3, 0xe3,
    0xc0, 0xf, 0xc0, 0xbd, 0x9b, 0x6f, 0x7c, 0xa,
    0xfc, 0xf, 0xfd, 0x7d, 0xff, 0x80, 0xff, 0x81,
    0xff, 0x83, 0xcb, 0xf4, 0xf, 0xe0, 0xe, 0x40,
    0x10, 0x2e, 0x0, 0x0, 0x0, 0x0, 0x0, 0x0,
    0x0,

    /* U+62C9 "拉" */
    0x0, 0x0, 0x0, 0x0, 0x0, 0x0, 0x0, 0xf,
    0xc0, 0x0, 0x2f, 0x0, 0x0, 0x0, 0xfc, 0x0,
    0x2, 0xf4, 0x0, 0x0, 0xf, 0xc0, 0x0, 0x1f,
    0x80, 0x0, 0x0, 0xfc, 0x0, 0x0, 0xf8, 0x0,
    0x0, 0xf, 0xc0, 0x6a, 0xae, 0xaa, 0xa4, 0x2f,
    0xff, 0xdb, 0xff, 0xff, 0xff, 0x83, 0xff, 0xfd,
    0xbf, 0xff, 0xff, 0xf8, 0x1a, 0xfe, 0x90, 0x0,
    0x0, 0x0, 0x0, 0xf, 0xc0, 0x6, 0x40, 0xe,
    0x80, 0x0, 0xfc, 0x0, 0xfc, 0x0, 0xfc, 0x0,
    0xf, 0xc0, 0xb, 0xc0, 0xf, 0x80, 0x0, 0xfd,
    0x90, 0x7c, 0x1, 0xf4, 0x0, 0x1f, 0xfe, 0x7,
    0xd0, 0x2f, 0x40, 0x3f, 0xff, 0xe0, 0x3e, 0x2,
    0xf0, 0x2, 0xff, 0xd0, 0x3, 0xe0, 0x3f, 0x0,
    0x19, 0xfc, 0x0, 0x3f, 0x3, 0xe0, 0x0, 0xf,
    0xc0, 0x2, 0xf0, 0x3d, 0x0, 0x0, 0xfc, 0x0,
    0x2f, 0x7, 0xc0, 0x0, 0xf, 0xc0, 0x1, 0xf0,
    0xbc, 0x0, 0x0, 0xfc, 0x0, 0x4, 0xf, 0x80,
    0x0, 0xf, 0xc2, 0xaa, 0xaa, 0xfe, 0xa8, 0xa,
    0xfc, 0x3f, 0xff, 0xff, 0xff, 0xc0, 0xff, 0xc3,
    0xff, 0xff, 0xff, 0xfc, 0xb, 0xe0, 0x0, 0x0,
    0x0, 0x0, 0x0,

    /* U+62E9 "择" */
    0x0, 0xfc, 0x0, 0x0, 0x0, 0x0, 0x0, 0xf,
    0xc0, 0xbf, 0xff, 0xff, 0xd0, 0x0, 0xfc, 0xb,
    0xff, 0xff, 0xff, 0x0, 0xf, 0xc0, 0x6f, 0xea,
    0xaf, 0xc0, 0x0, 0xfc, 0x0, 0x3e, 0x2, 0xf8,
    0x3, 0xff, 0xff, 0x2, 0xf8, 0xbe, 0x0, 0x3f,
    0xff, 0xf0, 0xb, 0xff, 0xc0, 0x1, 0xaf, 0xe9,
    0x0, 0x3f, 0xf0, 0x0, 0x0, 0xfc, 0x0, 0x1f,
    0xff, 0x90, 0x0, 0xf, 0xc0, 0x2f, 0xfe, 0xff,
    0xd0, 0x0, 0xfc, 0x1f, 0xfd, 0x2, 0xff, 0xd0,
    0xf, 0xd9, 0xfd, 0xa, 0x42, 0xf8, 0x1, 0xff,
    0xe4, 0x0, 0xf8, 0x1, 0x3, 0xff, 0xfe, 0x15,
    0x6f, 0xd5, 0x40, 0x3f, 0xfd, 0x3, 0xff, 0xff,
    0xfd, 0x2, 0xef, 0xc0, 0x3f, 0xff, 0xff, 0xd0,
    0x0, 0xfc, 0x0, 0x0, 0xf8, 0x0, 0x0, 0xf,
    0xc0, 0x0, 0xf, 0xc0, 0x0, 0x0, 0xfc, 0x1f,
    0xff, 0xff, 0xff, 0xc0, 0xf, 0xc1, 0xff, 0xff,
    0xff, 0xfc, 0x0, 0xfc, 0x5, 0x55, 0xfd, 0x55,
    0x40, 0xaf, 0xc0, 0x0, 0xf, 0x80, 0x0, 0xf,
    0xf8, 0x0, 0x0, 0xf8, 0x0, 0x0, 0xfe, 0x0,
    0x0, 0xf, 0x80, 0x0, 0x0, 0x0, 0x0, 0x0,
    0x0, 0x0, 0x0,

    /* U+6309 "按" */
    0x0, 0x0, 0x0, 0x0, 0x0, 0x0, 0x0, 0xf,
    0xc0, 0x0, 0x2f, 0x0, 0x0, 0x0, 0xfc, 0x0,
    0x1, 0xf4, 0x0, 0x0, 0xf, 0xc0, 0x0, 0xf,
    0xc0, 0x0, 0x0, 0xfc, 0xf, 0xff, 0xff, 0xff,
    0x80, 0xf, 0xc0, 0xff, 0xff, 0xff, 0xf8, 0x3f,
    0xff, 0xdf, 0xea, 0xaa, 0xaf, 0x83, 0xff, 0xfd,
    0xf8, 0x24, 0x0, 0xf8, 0x2a, 0xfe, 0x9f, 0x87,
    0xe0, 0xf, 0x80, 0xf, 0xc0, 0x54, 0xfc, 0x0,
    0x54, 0x0, 0xfc, 0x0, 0xf, 0xc0, 0x0, 0x0,
    0xf, 0xc2, 0xab, 0xfe, 0xaa, 0xa8, 0x0, 0xfc,
    0x3f, 0xff, 0xff, 0xff, 0xc0, 0xf, 0xdb, 0xff,
    0xff, 0xff, 0xfc, 0x1, 0xff, 0xe0, 0xbd, 0x2,
    0xf8, 0x3, 0xff, 0xfe, 0xf, 0xc0, 0x3f, 0x0,
    0x3f, 0xfc, 0x2, 0xf4, 0x3, 0xf0, 0x3, 0x9f,
    0xc0, 0x3f, 0xd0, 0xbd, 0x0, 0x0, 0xfc, 0x1,
    0xff, 0xef, 0xc0, 0x0, 0xf, 0xc0, 0x1, 0xff,
    0xf4, 0x0, 0x0, 0xfc, 0x0, 0x3, 0xff, 0xd0,
    0x0, 0xf, 0xc0, 0x2, 0xff, 0xff, 0x80, 0x1a,
    0xfc, 0x1b, 0xff, 0xc2, 0xff, 0x41, 0xff, 0x81,
    0xff, 0xd0, 0x7, 0xf4, 0xf, 0xe0, 0xb, 0x80,
    0x0, 0xa, 0x0, 0x0, 0x0, 0x0, 0x0, 0x0,
    0x0,

    /* U+6362 "换" */
    0x0, 0x0, 0x0, 0x0, 0x0, 0x0, 0x0, 0xf,
    0x80, 0x1, 0xf4, 0x0, 0x0, 0x0, 0xf8, 0x0,
    0x3f, 0x40, 0x0, 0x0, 0xf, 0x80, 0x7, 0xff,
    0xff, 0x0, 0x0, 0xf8, 0x0, 0xff, 0xff, 0xf8,
    0x0, 0xf, 0x80, 0x3f, 0x95, 0x7f, 0x0, 0x3f,
    0xff, 0xcf, 0xe0, 0xb, 0xd0, 0x3, 0xff, 0xff,
    0xfd, 0x55, 0xfd, 0x40, 0x1a, 0xfe, 0x6f, 0xff,
    0xff, 0xfd, 0x0, 0xf, 0x80, 0xbf, 0xbf, 0xef,
    0xd0, 0x0, 0xf8, 0xb, 0xc0, 0xf8, 0x7d, 0x0,
    0xf, 0x80, 0xbc, 0xf, 0x87, 0xd0, 0x0, 0xf9,
    0x8b, 0xc0, 0xf8, 0x7d, 0x0, 0x1f, 0xfc, 0xbc,
    0xf, 0x87, 0xd0, 0x3f, 0xff, 0xcb, 0xc0, 0xf8,
    0x7d, 0x3, 0xff, 0xc2, 0xfe, 0xbf, 0xef, 0xf8,
    0x29, 0xf8, 0x7f, 0xff, 0xff, 0xff, 0xc0, 0xf,
    0x82, 0xaa, 0xff, 0xea, 0xa8, 0x0, 0xf8, 0x0,
    0xf, 0xfd, 0x0, 0x0, 0xf, 0x80, 0x2, 0xfb,
    0xf0, 0x0, 0x0, 0xf8, 0x0, 0xbf, 0xf, 0xd0,
    0x0, 0xf, 0x80, 0x7f, 0xc0, 0x7f, 0x80, 0x1b,
    0xf8, 0x6f, 0xe0, 0x1, 0xff, 0x80, 0xff, 0x5f,
    0xf4, 0x0, 0x3, 0xfc, 0xf, 0xd0, 0x78, 0x0,
    0x0, 0x7, 0x0, 0x0, 0x0, 0x0, 0x0, 0x0,
    0x0,

    /* U+6392 "排" */
    0x0, 0x0, 0x0, 0x0, 0x0, 0x0, 0x0, 0xb,
    0xc0, 0x0, 0xa4, 0x68, 0x0, 0x0, 0xbc, 0x0,
    0xf, 0x4b, 0xc0, 0x0, 0xb, 0xc0, 0x0, 0xf4,
    0xbc, 0x0, 0x0, 0xbc, 0x0, 0xf, 0x4b, 0xc0,
    0x0, 0xb, 0xc0, 0xbf, 0xf4, 0xbf, 0xf8, 0x3f,
    0xff, 0xdb, 0xff, 0x4b, 0xff, 0xc3, 0xff, 0xfd,
    0x6a, 0xf4, 0xbe, 0xa8, 0x1a, 0xfe, 0x90, 0xf,
    0x4b, 0xc0, 0x0, 0xb, 0xc0, 0x0, 0xf4, 0xbc,
    0x0, 0x0, 0xbc, 0x1, 0x5f, 0x4b, 0xd5, 0x0,
    0xb, 0xc0, 0xbf, 0xf4, 0xbf, 0xf8, 0x0, 0xbc,
    0x9b, 0xff, 0x4b, 0xff, 0x80, 0xf, 0xfe, 0x1,
    0xf4, 0xbd, 0x0, 0x2f, 0xff, 0xe0, 0xf, 0x4b,
    0xc0, 0x3, 0xff, 0xe0, 0x0, 0xf4, 0xbc, 0x0,
    0x3e, 0xfc, 0xa, 0xaf, 0x4b, 0xea, 0x80, 0xb,
    0xc1, 0xff, 0xf4, 0xbf, 0xfc, 0x0, 0xbc, 0xf,
    0xff, 0x4b, 0xff, 0xc0, 0xb, 0xc0, 0x0, 0xf4,
    0xbc, 0x0, 0x0, 0xbc, 0x0, 0xf, 0x4b, 0xc0,
    0x0, 0xb, 0xc0, 0x0, 0xf4, 0xbc, 0x0, 0xa,
    0xfc, 0x0, 0xf, 0x4b, 0xc0, 0x0, 0xff, 0x80,
    0x0, 0xf4, 0xbc, 0x0, 0xb, 0xe0, 0x0, 0xf,
    0x4b, 0xc0, 0x0, 0x0, 0x0, 0x0, 0x0, 0x0,
    0x0,

    /* U+63D0 "提" */
    0x0, 0xf4, 0x0, 0x0, 0x0, 0x0, 0x0, 0xf,
    0x40, 0x7f, 0xff, 0xff, 0xe0, 0x0, 0xf4, 0x7,
    0xff, 0xff, 0xfe, 0x0, 0xf, 0x40, 0x7c, 0x0,
    0x3, 0xe0, 0x0, 0xf8, 0x7, 0xff, 0xff, 0xfe,
    0x3, 0xff, 0xfc, 0x7f, 0xff, 0xff, 0xe0, 0x3f,
    0xff, 0xc7, 0xc0, 0x0, 0x3e, 0x3, 0xff, 0xfc,
    0x7c, 0x0, 0x3, 0xe0, 0x0, 0xf4, 0x7, 0xff,
    0xff, 0xfe, 0x0, 0xf, 0x40, 0x7f, 0xff, 0xff,
    0xe0, 0x0, 0xf4, 0x0, 0x0, 0x0, 0x0, 0x0,
    0xf, 0xaf, 0xff, 0xff, 0xff, 0xf8, 0x2, 0xff,
    0xff, 0xff, 0xff, 0xff, 0x83, 0xff, 0xf8, 0x0,
    0x2f, 0x0, 0x0, 0x3f, 0xf8, 0x3, 0x82, 0xf0,
    0x0, 0x2, 0x9f, 0x40, 0x7c, 0x2f, 0x40, 0x0,
    0x0, 0xf4, 0x7, 0xc2, 0xff, 0xfe, 0x0, 0xf,
    0x40, 0xbc, 0x2f, 0xff, 0xe0, 0x0, 0xf4, 0xf,
    0xd2, 0xf0, 0x0, 0x0, 0xf, 0x41, 0xff, 0x2f,
    0x0, 0x0, 0x0, 0xf4, 0x3f, 0xbf, 0xf0, 0x0,
    0x1, 0x6f, 0x4b, 0xd3, 0xff, 0x95, 0x54, 0x1f,
    0xf5, 0xf8, 0xf, 0xff, 0xff, 0xc0, 0xfe, 0xb,
    0x0, 0x1b, 0xff, 0xf8, 0x0, 0x0, 0x0, 0x0,
    0x0, 0x0, 0x0,

    /* U+6478 "摸" */
    0x0, 0x0, 0x0, 0x0, 0x0, 0x0, 0x0, 0xf,
    0x40, 0x7, 0xd0, 0x3e, 0x0, 0x0, 0xf4, 0x0,
    0x7d, 0x7, 0xe0, 0x0, 0xf, 0x43, 0xff, 0xff,
    0xff, 0xfc, 0x0, 0xf4, 0x3f, 0xff, 0xff, 0xff,
    0xc0, 0xf, 0x40, 0x7, 0xd0, 0x7e, 0x0, 0x3f,
    0xff, 0xc0, 0x7d, 0x3, 0xd0, 0x3, 0xff, 0xfc,
    0xbf, 0xff, 0xff, 0xd0, 0x15, 0xf9, 0x4b, 0xff,
    0xff, 0xfd, 0x0, 0xf, 0x40, 0xbc, 0x0, 0x7,
    0xd0, 0x0, 0xf4, 0xb, 0xea, 0xaa, 0xfd, 0x0,
    0xf, 0x40, 0xbf, 0xff, 0xff, 0xd0, 0x0, 0xfa,
    0xcb, 0xc0, 0x0, 0x7d, 0x0, 0x1f, 0xfc, 0xbd,
    0x55, 0x57, 0xd0, 0x3f, 0xff, 0xcb, 0xff, 0xff,
    0xfd, 0x3, 0xff, 0x90, 0x6a, 0xbf, 0xea, 0x90,
    0x2e, 0xf4, 0x0, 0x2, 0xf0, 0x0, 0x0, 0xf,
    0x41, 0x55, 0x7f, 0x55, 0x54, 0x0, 0xf4, 0x3f,
    0xff, 0xff, 0xff, 0xc0, 0xf, 0x43, 0xff, 0xff,
    0xff, 0xfc, 0x0, 0xf4, 0x0, 0x1f, 0xef, 0x40,
    0x0, 0xf, 0x40, 0x7, 0xf4, 0xfe, 0x0, 0x1a,
    0xf4, 0x1b, 0xfe, 0x7, 0xfe, 0x41, 0xff, 0x4b,
    0xff, 0x40, 0xf, 0xfc, 0xf, 0xd0, 0x3e, 0x40,
    0x0, 0x1f, 0x0, 0x0, 0x0, 0x0, 0x0, 0x0,
    0x0,

    /* U+6536 "收" */
    0x0, 0x0, 0x0, 0x0, 0x0, 0x0, 0x0, 0x0,
    0xfc, 0x3, 0xe0, 0x0, 0x0, 0x0, 0x3f, 0x1,
    0xf8, 0x0, 0x0, 0x14, 0xf, 0xc0, 0xbd, 0x0,
    0x0, 0x2f, 0x3, 0xf0, 0x3f, 0x0, 0x0, 0xb,
    0xc0, 0xfc, 0xf, 0xc0, 0x0, 0x2, 0xf0, 0x3f,
    0x7, 0xff, 0xff, 0xf0, 0xbc, 0xf, 0xc2, 0xff,
    0xff, 0xfc, 0x2f, 0x3, 0xf0, 0xfe, 0xaa, 0xfe,
    0xb, 0xc0, 0xfc, 0xbf, 0x0, 0xbd, 0x2, 0xf0,
    0x3f, 0x3f, 0xc0, 0x2f, 0x0, 0xbc, 0xf, 0xef,
    0xf8, 0xf, 0xc0, 0x2f, 0x3, 0xff, 0xef, 0x7,
    0xe0, 0xb, 0xc0, 0xfc, 0xd3, 0xd2, 0xf0, 0x2,
    0xf0, 0x3f, 0x0, 0xfc, 0xfc, 0x0, 0xbc, 0xf,
    0xc0, 0x1f, 0xbe, 0x0, 0x2f, 0xbf, 0xf0, 0x3,
    0xff, 0x0, 0xf, 0xff, 0xfc, 0x0, 0x7f, 0x80,
    0x7, 0xff, 0xbf, 0x0, 0x1f, 0xd0, 0x0, 0xf9,
    0xf, 0xc0, 0xf, 0xfc, 0x0, 0x10, 0x3, 0xf0,
    0xf, 0xff, 0xc0, 0x0, 0x0, 0xfc, 0x1f, 0xf2,
    0xfd, 0x0, 0x0, 0x3f, 0x3f, 0xe0, 0x2f, 0xf0,
    0x0, 0xf, 0xcf, 0xe0, 0x2, 0xf4, 0x0, 0x3,
    0xf1, 0xc0, 0x0, 0x18, 0x0, 0x0, 0x0, 0x0,
    0x0, 0x0, 0x0,

    /* U+6574 "整" */
    0x0, 0x0, 0x0, 0x0, 0x0, 0x0, 0x0, 0x0,
    0xf8, 0x0, 0xf, 0x40, 0x0, 0x2f, 0xff, 0xff,
    0xc1, 0xf4, 0x0, 0x3, 0xff, 0xff, 0xfc, 0x2f,
    0xaa, 0xa4, 0x0, 0xf, 0x80, 0x3, 0xff, 0xff,
    0xc0, 0xaa, 0xfe, 0xa8, 0xff, 0xff, 0xf8, 0xf,
    0xff, 0xff, 0xef, 0xd0, 0xfc, 0x0, 0xf0, 0xf8,
    0x7f, 0xff, 0xf, 0x40, 0xf, 0xaf, 0xef, 0xcc,
    0xfb, 0xf0, 0x0, 0xff, 0xff, 0xfc, 0x7, 0xfd,
    0x0, 0x0, 0x7f, 0xb8, 0x0, 0x3f, 0xc0, 0x0,
    0x2f, 0xfb, 0xf4, 0x1f, 0xff, 0x80, 0x1f, 0xdf,
    0x87, 0x6f, 0xfa, 0xff, 0x81, 0xf4, 0xf8, 0x2,
    0xf8, 0x7, 0xf4, 0x4, 0x5, 0x0, 0x9, 0x0,
    0x6, 0x0, 0x7f, 0xff, 0xff, 0xff, 0xff, 0xd0,
    0x7, 0xff, 0xff, 0xff, 0xff, 0xfd, 0x0, 0x0,
    0x0, 0x2f, 0x40, 0x0, 0x0, 0x0, 0x3e, 0x1,
    0xf4, 0x0, 0x0, 0x0, 0x3, 0xe0, 0x1f, 0xff,
    0xfd, 0x0, 0x0, 0x3e, 0x1, 0xff, 0xff, 0xd0,
    0x0, 0x3, 0xe0, 0x1f, 0x0, 0x0, 0x0, 0x3f,
    0xff, 0xff, 0xff, 0xff, 0xff, 0xc3, 0xff, 0xff,
    0xff, 0xff, 0xff, 0xfc, 0x15, 0x55, 0x55, 0x55,
    0x55, 0x55, 0x40,

    /* U+6599 "料" */
    0x0, 0x0, 0x0, 0x0, 0x0, 0x0, 0x0, 0x3,
    0xe0, 0x0, 0x0, 0x2f, 0x0, 0x8, 0x3e, 0x19,
    0x4, 0x2, 0xf0, 0x2, 0xd3, 0xe2, 0xe1, 0xf4,
    0x2f, 0x0, 0x1e, 0x3e, 0x3d, 0x1f, 0xe2, 0xf0,
    0x0, 0xf3, 0xe3, 0xc0, 0x3f, 0x6f, 0x0, 0xf,
    0x3e, 0x78, 0x0, 0xf2, 0xf0, 0x0, 0xf7, 0xeb,
    0x40, 0x0, 0x2f, 0x0, 0xa, 0x3e, 0x60, 0x0,
    0x2, 0xf0, 0x2, 0xab, 0xfa, 0x97, 0x80, 0x2f,
    0x0, 0x3f, 0xff, 0xfe, 0xff, 0x2, 0xf0, 0x3,
    0xff, 0xff, 0xe3, 0xfd, 0x2f, 0x0, 0x0, 0xff,
    0x0, 0x7, 0xc2, 0xf0, 0x0, 0x1f, 0xf8, 0x0,
    0x14, 0x2f, 0x0, 0x2, 0xff, 0xe0, 0x0, 0x2,
    0xf0, 0x0, 0x3f, 0xff, 0x40, 0x0, 0x2f, 0xfc,
    0xb, 0xbe, 0xbc, 0x6, 0xff, 0xff, 0xc0, 0xf3,
    0xe3, 0xdf, 0xff, 0xff, 0xe4, 0x3f, 0x3e, 0x20,
    0xff, 0xeb, 0xf0, 0x3, 0xd3, 0xe0, 0x9, 0x40,
    0x2f, 0x0, 0x2c, 0x3e, 0x0, 0x0, 0x2, 0xf0,
    0x1, 0x43, 0xe0, 0x0, 0x0, 0x2f, 0x0, 0x0,
    0x3e, 0x0, 0x0, 0x2, 0xf0, 0x0, 0x3, 0xe0,
    0x0, 0x0, 0x2f, 0x0, 0x0, 0x3e, 0x0, 0x0,
    0x2, 0xf0, 0x0, 0x0, 0x0, 0x0, 0x0, 0x0,
    0x0,

    /* U+65AF "斯" */
    0x0, 0x0, 0x0, 0x0, 0x0, 0x0, 0x2, 0xf0,
    0xf, 0x40, 0x0, 0x1e, 0x0, 0xbc, 0x3, 0xd0,
    0x1, 0xbf, 0xf0, 0x2f, 0x0, 0xf4, 0x1b, 0xff,
    0xe0, 0xbf, 0xff, 0xff, 0xcf, 0xfe, 0x40, 0x2f,
    0xff, 0xff, 0xf3, 0xe0, 0x0, 0x5, 0xfd, 0x5b,
    0xe4, 0xf8, 0x0, 0x0, 0x2f, 0x0, 0xf4, 0x3e,
    0x0, 0x0, 0xb, 0xff, 0xfd, 0xf, 0x80, 0x0,
    0x2, 0xff, 0xff, 0x43, 0xe5, 0x55, 0x40, 0xbd,
    0x57, 0xd0, 0xff, 0xff, 0xf4, 0x2f, 0x0, 0xf4,
    0x3f, 0xff, 0xfd, 0xb, 0xff, 0xfd, 0xf, 0x82,
    0xf0, 0x2, 0xff, 0xff, 0x43, 0xe0, 0xbc, 0x0,
    0xbd, 0x57, 0xd0, 0xf8, 0x2f, 0x0, 0x2f, 0x0,
    0xf4, 0x3d, 0xb, 0xc0, 0xb, 0xc0, 0x7e, 0xf,
    0x42, 0xf0, 0x3f, 0xff, 0xff, 0xf7, 0xd0, 0xbc,
    0xf, 0xff, 0xff, 0xfe, 0xf0, 0x2f, 0x0, 0x9,
    0x1, 0x40, 0xfc, 0xb, 0xc0, 0x3, 0xf2, 0xf0,
    0x3e, 0x2, 0xf0, 0x3, 0xf4, 0x3f, 0x2f, 0x40,
    0xbc, 0x3, 0xf8, 0x7, 0xef, 0xc0, 0x2f, 0x1,
    0xf8, 0x0, 0x8f, 0xd0, 0xb, 0xc0, 0x8, 0x0,
    0x1, 0xe0, 0x2, 0xf0, 0x0, 0x0, 0x0, 0x0,
    0x0, 0x0, 0x0,

    /* U+65C5 "旅" */
    0x0, 0x18, 0x0, 0xa, 0x40, 0x0, 0x0, 0x7,
    0xd0, 0x0, 0xfc, 0x0, 0x0, 0x0, 0x3e, 0x0,
    0x1f, 0x80, 0x0, 0x0, 0x2, 0xf0, 0x3, 0xfa,
    0xaa, 0xa4, 0x2a, 0xbe, 0xa8, 0x7f, 0xff, 0xff,
    0x83, 0xff, 0xff, 0xcf, 0xff, 0xff, 0xf8, 0x3f,
    0xff, 0xfe, 0xfc, 0x0, 0x14, 0x0, 0x2f, 0x0,
    0x7f, 0x0, 0x6f, 0xd0, 0x2, 0xf0, 0x3, 0xd5,
    0xbf, 0xfe, 0x0, 0x2f, 0xaa, 0x47, 0xff, 0xf9,
    0x0, 0x2, 0xff, 0xf8, 0x3f, 0xaf, 0x0, 0x0,
    0x2f, 0xff, 0x83, 0xe1, 0xf0, 0xe0, 0x2, 0xf0,
    0xf8, 0x3e, 0xf, 0x7f, 0x80, 0x2f, 0xf, 0x83,
    0xe0, 0xff, 0xe0, 0x3, 0xf0, 0xf8, 0x3e, 0xb,
    0xf8, 0x0, 0x3e, 0xf, 0x83, 0xe0, 0x7d, 0x0,
    0x3, 0xe0, 0xf4, 0x3e, 0x3, 0xe0, 0x0, 0x7d,
    0xf, 0x43, 0xe0, 0x3f, 0x0, 0xb, 0xc0, 0xf4,
    0x3e, 0x2, 0xf4, 0x0, 0xfc, 0xf, 0x43, 0xe6,
    0xcf, 0xc0, 0x1f, 0x41, 0xf0, 0x3f, 0xfc, 0xbf,
    0x3, 0xf1, 0x7f, 0xb, 0xff, 0x83, 0xfc, 0x7d,
    0x3f, 0xf0, 0xff, 0x40, 0xf, 0x2, 0xc2, 0xf8,
    0x3, 0x40, 0x0, 0x10, 0x0, 0x0, 0x0, 0x0,
    0x0, 0x0, 0x0,

    /* U+65E5 "日" */
    0x0, 0x0, 0x0, 0x0, 0xf, 0xff, 0xff, 0xff,
    0xff, 0xff, 0xff, 0xff, 0xff, 0xff, 0xea, 0xaa,
    0xaa, 0xbf, 0xfc, 0x0, 0x0, 0x3, 0xff, 0xc0,
    0x0, 0x0, 0x3f, 0xfc, 0x0, 0x0, 0x3, 0xff,
    0xc0, 0x0, 0x0, 0x3f, 0xfc, 0x0, 0x0, 0x3,
    0xff, 0xea, 0xaa, 0xaa, 0xbf, 0xff, 0xff, 0xff,
    0xff, 0xff, 0xff, 0xff, 0xff, 0xff, 0xfc, 0x0,
    0x0, 0x3, 0xff, 0xc0, 0x0, 0x0, 0x3f, 0xfc,
    0x0, 0x0, 0x3, 0xff, 0xc0, 0x0, 0x0, 0x3f,
    0xfc, 0x0, 0x0, 0x3, 0xff, 0xc0, 0x0, 0x0,
    0x3f, 0xff, 0xff, 0xff, 0xff, 0xff, 0xff, 0xff,
    0xff, 0xff, 0xff, 0xff, 0xff, 0xff, 0xff, 0xc0,
    0x0, 0x0, 0x3f, 0xfc, 0x0, 0x0, 0x3, 0xf0,
    0x0, 0x0, 0x0, 0x0,

    /* U+65F6 "时" */
    0x0, 0x0, 0x0, 0x0, 0xb, 0xc0, 0x0, 0x0,
    0x0, 0x0, 0xb, 0xc0, 0x3f, 0xff, 0xe0, 0x0,
    0xb, 0xc0, 0x7f, 0xff, 0xe0, 0x0, 0xb, 0xc0,
    0x7f, 0xab, 0xe0, 0x0, 0xf, 0xc0, 0x7d, 0x3,
    0xeb, 0xff, 0xff, 0xff, 0x7d, 0x3, 0xeb, 0xff,
    0xff, 0xff, 0x7d, 0x3, 0xea, 0xaa, 0xaf, 0xfa,
    0x7d, 0x3, 0xe0, 0x0, 0xb, 0xc0, 0x7e, 0x57,
    0xe0, 0x0, 0xb, 0xc0, 0x7f, 0xff, 0xe2, 0xe0,
    0xb, 0xc0, 0x7f, 0xff, 0xe3, 0xf4, 0xb, 0xc0,
    0x7d, 0x3, 0xe0, 0xfc, 0xb, 0xc0, 0x7d, 0x3,
    0xe0, 0x7f, 0xb, 0xc0, 0x7d, 0x3, 0xe0, 0x3f,
    0x4b, 0xc0, 0x7d, 0x3, 0xe0, 0xf, 0x8b, 0xc0,
    0x7d, 0x3, 0xe0, 0x4, 0xb, 0xc0, 0x7f, 0xff,
    0xe0, 0x0, 0xb, 0xc0, 0x7f, 0xff, 0xe0, 0x0,
    0xb, 0xc0, 0x7e, 0x55, 0x50, 0x0, 0xb, 0xc0,
    0x7d, 0x0, 0x0, 0x0, 0xb, 0xc0, 0x28, 0x0,
    0x0, 0x2a, 0xaf, 0xc0, 0x0, 0x0, 0x0, 0x1f,
    0xff, 0x80, 0x0, 0x0, 0x0, 0xf, 0xfe, 0x0,
    0x0, 0x0, 0x0, 0x0, 0x0, 0x0,

    /* U+660E "明" */
    0x2a, 0xaa, 0x92, 0xff, 0xff, 0xfd, 0xff, 0xff,
    0x8b, 0xff, 0xff, 0xf7, 0xff, 0xfe, 0x2f, 0xaa,
    0xaf, 0xdf, 0x40, 0xf8, 0xbc, 0x0, 0x3f, 0x7d,
    0x3, 0xe2, 0xf0, 0x0, 0xfd, 0xf4, 0xf, 0x8b,
    0xc0, 0x3, 0xf7, 0xd0, 0x3e, 0x2f, 0xea, 0xaf,
    0xdf, 0xff, 0xf8, 0xbf, 0xff, 0xff, 0x7f, 0xff,
    0xe2, 0xff, 0xff, 0xfd, 0xfa, 0xaf, 0x8b, 0xc0,
    0x3, 0xf7, 0xd0, 0x3e, 0x2f, 0x0, 0xf, 0xdf,
    0x40, 0xf8, 0xbc, 0x0, 0x3f, 0x7d, 0x3, 0xe2,
    0xf5, 0x55, 0xfd, 0xf4, 0xf, 0x8f, 0xff, 0xff,
    0xf7, 0xff, 0xfe, 0x3f, 0xff, 0xff, 0xdf, 0xff,
    0xf9, 0xf8, 0x0, 0x3f, 0x7e, 0xaa, 0x9b, 0xd0,
    0x0, 0xfd, 0xf4, 0x0, 0x3f, 0x0, 0x3, 0xf7,
    0xc0, 0x2, 0xf8, 0x0, 0xf, 0xc0, 0x0, 0x1f,
    0xc0, 0x0, 0x3f, 0x0, 0x1, 0xfd, 0x0, 0xaa,
    0xfc, 0x0, 0xf, 0xe0, 0x1, 0xff, 0xe0, 0x0,
    0xe, 0x0, 0x3, 0xfe, 0x0, 0x0, 0x0, 0x0,
    0x0, 0x0,

    /* U+662F "是" */
    0x0, 0x0, 0x0, 0x0, 0x0, 0x0, 0x0, 0xf,
    0xff, 0xff, 0xff, 0xff, 0x0, 0x0, 0xff, 0xff,
    0xff, 0xff, 0xf0, 0x0, 0xf, 0x80, 0x0, 0x0,
    0x3f, 0x0, 0x0, 0xff, 0xff, 0xff, 0xff, 0xf0,
    0x0, 0xf, 0xff, 0xff, 0xff, 0xff, 0x0, 0x0,
    0xfc, 0x0, 0x0, 0x3, 0xf0, 0x0, 0xf, 0x80,
    0x0, 0x0, 0x3f, 0x0, 0x0, 0xff, 0xff, 0xff,
    0xff, 0xf0, 0x0, 0xf, 0xff, 0xff, 0xff, 0xff,
    0x0, 0x0, 0x0, 0x0, 0x0, 0x0, 0x0, 0x1,
    0xaa, 0xaa, 0xaa, 0xaa, 0xaa, 0xa4, 0x2f, 0xff,
    0xff, 0xff, 0xff, 0xff, 0x81, 0xff, 0xff, 0xff,
    0xff, 0xff, 0xf4, 0x0, 0x15, 0x0, 0xf8, 0x0,
    0x0, 0x0, 0x2, 0xf0, 0xf, 0x80, 0x0, 0x0,
    0x0, 0x3f, 0x0, 0xff, 0xff, 0xfc, 0x0, 0x7,
    0xf0, 0xf, 0xff, 0xff, 0xc0, 0x0, 0xff, 0x80,
    0xf9, 0x55, 0x50, 0x0, 0x1f, 0xfd, 0xf, 0x80,
    0x0, 0x0, 0x3, 0xf7, 0xfd, 0xf8, 0x0, 0x0,
    0x1, 0xfe, 0xf, 0xff, 0xea, 0xaa, 0xa8, 0x3f,
    0xc0, 0x2f, 0xff, 0xff, 0xff, 0x80, 0xf0, 0x0,
    0x1b, 0xff, 0xff, 0xf4, 0x0, 0x0, 0x0, 0x0,
    0x0, 0x0, 0x0,

    /* U+663E "显" */
    0x0, 0xbf, 0xff, 0xff, 0xff, 0xf0, 0x0, 0x3f,
    0xff, 0xff, 0xff, 0xfc, 0x0, 0xf, 0xc0, 0x0,
    0x0, 0x3f, 0x0, 0x3, 0xf0, 0x0, 0x0, 0xf,
    0xc0, 0x0, 0xff, 0xff, 0xff, 0xff, 0xf0, 0x0,
    0x3f, 0xff, 0xff, 0xff, 0xfc, 0x0, 0xf, 0xc0,
    0x0, 0x0, 0x3f, 0x0, 0x3, 0xf0, 0x0, 0x0,
    0xf, 0xc0, 0x0, 0xfd, 0x55, 0x55, 0x57, 0xf0,
    0x0, 0x3f, 0xff, 0xff, 0xff, 0xfc, 0x0, 0xb,
    0xff, 0xff, 0xff, 0xfe, 0x0, 0x0, 0x0, 0x50,
    0x5, 0x0, 0x0, 0x0, 0x40, 0xbc, 0xb, 0xc0,
    0x20, 0x0, 0xf8, 0x2f, 0x2, 0xf0, 0x2f, 0x0,
    0x2f, 0xb, 0xc0, 0xbc, 0x1f, 0x80, 0x3, 0xe2,
    0xf0, 0x2f, 0xf, 0xc0, 0x0, 0x7c, 0xbc, 0xb,
    0xcb, 0xd0, 0x0, 0xf, 0x6f, 0x2, 0xf2, 0xe0,
    0x0, 0x0, 0xb, 0xc0, 0xbc, 0x0, 0x0, 0xaa,
    0xab, 0xfa, 0xbf, 0xaa, 0xaa, 0x7f, 0xff, 0xff,
    0xff, 0xff, 0xff, 0xdf, 0xff, 0xff, 0xff, 0xff,
    0xff, 0xf0, 0x0, 0x0, 0x0, 0x0, 0x0, 0x0,

    /* U+6652 "晒" */
    0x0, 0x0, 0x7f, 0xff, 0xff, 0xff, 0x3f, 0xff,
    0x7f, 0xff, 0xff, 0xff, 0x3f, 0xff, 0x7f, 0xff,
    0xff, 0xfe, 0x3e, 0xaf, 0x0, 0x3c, 0x3d, 0x0,
    0x3c, 0x1f, 0x0, 0x3c, 0x3d, 0x0, 0x3c, 0x1f,
    0x1a, 0xbe, 0xbe, 0xa9, 0x3c, 0x1f, 0x2f, 0xff,
    0xff, 0xfd, 0x3c, 0x1f, 0x2f, 0xff, 0xff, 0xfd,
    0x3e, 0x6f, 0x2f, 0x3d, 0x3c, 0x3d, 0x3f, 0xff,
    0x2f, 0x2c, 0x3c, 0x3d, 0x3f, 0xff, 0x2f, 0x3c,
    0x3c, 0x3d, 0x3c, 0x1f, 0x2f, 0x3c, 0x3c, 0x3d,
    0x3c, 0x1f, 0x2f, 0x3c, 0x3c, 0x7d, 0x3c, 0x1f,
    0x2f, 0xb8, 0x3f, 0xfd, 0x3c, 0x1f, 0x2f, 0xf0,
    0x1f, 0xfd, 0x3c, 0x1f, 0x2f, 0x90, 0x0, 0x3d,
    0x3f, 0xff, 0x2f, 0x0, 0x0, 0x3d, 0x3f, 0xff,
    0x2f, 0x0, 0x0, 0x3d, 0x3e, 0xaa, 0x2f, 0x0,
    0x0, 0x3d, 0x3c, 0x0, 0x2f, 0xff, 0xff, 0xfd,
    0x28, 0x0, 0x2f, 0xff, 0xff, 0xfd, 0x0, 0x0,
    0x2f, 0xaa, 0xaa, 0xbd, 0x0, 0x0, 0x2f, 0x0,
    0x0, 0x3d, 0x0, 0x0, 0x0, 0x0, 0x0, 0x0,

    /* U+665A "晚" */
    0x0, 0x0, 0x0, 0x0, 0x0, 0x0, 0x0, 0x0,
    0x0, 0x1f, 0x40, 0x0, 0x1, 0x55, 0x50, 0xf,
    0xc0, 0x0, 0x1, 0xff, 0xfd, 0x7, 0xff, 0xf8,
    0x0, 0x7f, 0xff, 0x43, 0xff, 0xff, 0x40, 0x1f,
    0x47, 0xd2, 0xf9, 0x5f, 0xc0, 0x7, 0xc0, 0xf5,
    0xfc, 0xb, 0xc0, 0x1, 0xf0, 0x3e, 0xfe, 0x57,
    0xf5, 0x50, 0x7c, 0xf, 0xff, 0xff, 0xff, 0xfc,
    0x1f, 0x3, 0xef, 0xff, 0xff, 0xff, 0x7, 0xe6,
    0xf5, 0xf4, 0x3e, 0xb, 0xc1, 0xff, 0xfd, 0x7c,
    0xf, 0x82, 0xf0, 0x7f, 0xff, 0x5f, 0x3, 0xd0,
    0xbc, 0x1f, 0x3, 0xd7, 0xd1, 0xf8, 0x2f, 0x7,
    0xc0, 0xf5, 0xff, 0xff, 0xff, 0xc1, 0xf0, 0x3d,
    0x7f, 0xff, 0xff, 0xf0, 0x7c, 0xf, 0x40, 0xf,
    0xfc, 0x0, 0x1f, 0x47, 0xd0, 0x7, 0xff, 0x0,
    0x7, 0xff, 0xf4, 0x3, 0xff, 0xc0, 0x1, 0xff,
    0xfd, 0x2, 0xfb, 0xf0, 0x10, 0x7d, 0x55, 0x2,
    0xfc, 0xfc, 0x1f, 0x1f, 0x0, 0x3, 0xfc, 0x3f,
    0x7, 0xc1, 0x40, 0xb, 0xfd, 0xf, 0xd7, 0xf0,
    0x0, 0x1f, 0xfc, 0x2, 0xff, 0xf8, 0x0, 0x2,
    0xf4, 0x0, 0x3f, 0xfc, 0x0, 0x0, 0x10, 0x0,
    0x0, 0x0, 0x0,

    /* U+6696 "暖" */
    0x0, 0x0, 0x0, 0x0, 0x16, 0xa0, 0x0, 0x0,
    0x1a, 0xff, 0xff, 0xfe, 0x7, 0xff, 0xf7, 0xff,
    0xff, 0xf9, 0x41, 0xff, 0xfc, 0x69, 0x6d, 0x3,
    0xd0, 0x7e, 0x6f, 0xf, 0xb, 0x82, 0xf0, 0x1f,
    0x7, 0xc3, 0xe1, 0xf0, 0xf8, 0x7, 0xc1, 0xf0,
    0xb8, 0x78, 0xbc, 0x1, 0xf0, 0x7d, 0xff, 0xff,
    0xff, 0xf0, 0x7c, 0x1f, 0x7f, 0xff, 0xff, 0xfc,
    0x1f, 0xff, 0xc0, 0x3e, 0x0, 0x0, 0x7, 0xff,
    0xf5, 0x5f, 0x95, 0x55, 0x41, 0xff, 0xff, 0xff,
    0xff, 0xff, 0xfc, 0x7c, 0x1f, 0xff, 0xff, 0xff,
    0xff, 0x1f, 0x7, 0xc0, 0xbc, 0x0, 0x0, 0x7,
    0xc1, 0xf0, 0x3f, 0xff, 0xfe, 0x1, 0xf0, 0x7c,
    0xf, 0xff, 0xff, 0xc0, 0x7c, 0x1f, 0x7, 0xf9,
    0x57, 0xe0, 0x1f, 0xff, 0xc3, 0xff, 0x2, 0xf0,
    0x7, 0xff, 0xf1, 0xfb, 0xf1, 0xf8, 0x1, 0xf5,
    0x54, 0xfc, 0x7f, 0xfc, 0x0, 0x7c, 0x0, 0xfd,
    0x7, 0xfe, 0x0, 0x5, 0x0, 0xff, 0x1b, 0xff,
    0xf9, 0x0, 0x0, 0xbf, 0x7f, 0xf5, 0xff, 0xf0,
    0x0, 0xb, 0xb, 0xd0, 0x6, 0xf0, 0x0, 0x0,
    0x0, 0x0, 0x0, 0x0, 0x0,

    /* U+6700 "最" */
    0x0, 0x0, 0x0, 0x0, 0x0, 0x0, 0x0, 0xbf,
    0xff, 0xff, 0xff, 0xe0, 0x0, 0x2f, 0xff, 0xff,
    0xff, 0xf8, 0x0, 0xb, 0xc0, 0x0, 0x0, 0x3e,
    0x0, 0x2, 0xff, 0xff, 0xff, 0xff, 0x80, 0x0,
    0xbe, 0xaa, 0xaa, 0xab, 0xe0, 0x0, 0x2f, 0x0,
    0x0, 0x0, 0xf8, 0x0, 0xb, 0xff, 0xff, 0xff,
    0xfe, 0x0, 0x1, 0xff, 0xff, 0xff, 0xff, 0x80,
    0x0, 0x0, 0x0, 0x0, 0x0, 0x0, 0xf, 0xff,
    0xff, 0xff, 0xff, 0xff, 0xf3, 0xff, 0xff, 0xff,
    0xff, 0xff, 0xfc, 0x7, 0xc0, 0x3e, 0x0, 0x0,
    0x0, 0x1, 0xff, 0xff, 0xaf, 0xff, 0xfe, 0x0,
    0x7f, 0xff, 0xeb, 0xff, 0xff, 0xc0, 0x1f, 0x1,
    0xf8, 0xbd, 0x57, 0xe0, 0x7, 0xd0, 0x7e, 0x1f,
    0x1, 0xf0, 0x1, 0xff, 0xff, 0x83, 0xf0, 0xf8,
    0x0, 0x7f, 0xff, 0xe0, 0x3f, 0xfc, 0x0, 0x1f,
    0x0, 0xf9, 0x7, 0xfc, 0x0, 0x5f, 0xff, 0xff,
    0xc1, 0xff, 0x40, 0x3f, 0xff, 0xff, 0xe7, 0xff,
    0xfe, 0xb, 0xa9, 0x47, 0xeb, 0xf4, 0x2f, 0xf0,
    0x0, 0x0, 0xf8, 0xa0, 0x0, 0xa0,

    /* U+6708 "月" */
    0x0, 0x2f, 0xff, 0xff, 0xff, 0xe0, 0x3, 0xff,
    0xff, 0xff, 0xfe, 0x0, 0x3f, 0xff, 0xff, 0xff,
    0xe0, 0x3, 0xf0, 0x0, 0x0, 0x3e, 0x0, 0x3f,
    0x0, 0x0, 0x3, 0xe0, 0x3, 0xf0, 0x0, 0x0,
    0x3e, 0x0, 0x3f, 0xaa, 0xaa, 0xab, 0xe0, 0x3,
    0xff, 0xff, 0xff, 0xfe, 0x0, 0x3f, 0xff, 0xff,
    0xff, 0xe0, 0x3, 0xf0, 0x0, 0x0, 0x7e, 0x0,
    0x3f, 0x0, 0x0, 0x3, 0xe0, 0x3, 0xf0, 0x0,
    0x0, 0x3e, 0x0, 0x3f, 0x0, 0x0, 0x7, 0xe0,
    0x7, 0xff, 0xff, 0xff, 0xfe, 0x0, 0x7f, 0xff,
    0xff, 0xff, 0xe0, 0xf, 0xea, 0xaa, 0xaa, 0xbe,
    0x0, 0xfc, 0x0, 0x0, 0x3, 0xe0, 0x2f, 0x80,
    0x0, 0x0, 0x3e, 0x3, 0xf0, 0x0, 0x0, 0x3,
    0xe0, 0xfe, 0x0, 0x0, 0x0, 0x3e, 0x2f, 0xc0,
    0x0, 0x1f, 0xff, 0xe3, 0xf4, 0x0, 0x0, 0xff,
    0xfd, 0xd, 0x0, 0x0, 0xb, 0xfe, 0x40, 0x0,
    0x0, 0x0, 0x0, 0x0,

    /* U+6709 "有" */
    0x0, 0x0, 0x19, 0x0, 0x0, 0x0, 0x0, 0x0,
    0xb, 0xd0, 0x0, 0x0, 0x0, 0x0, 0x3, 0xf0,
    0x0, 0x0, 0x0, 0x2a, 0xaa, 0xfe, 0xaa, 0xaa,
    0xaa, 0x1f, 0xff, 0xff, 0xff, 0xff, 0xff, 0xc7,
    0xff, 0xff, 0xff, 0xff, 0xff, 0xe0, 0x0, 0x3f,
    0x40, 0x0, 0x0, 0x0, 0x0, 0x1f, 0xc0, 0x0,
    0x0, 0x0, 0x0, 0xf, 0xff, 0xff, 0xff, 0xe0,
    0x0, 0xb, 0xff, 0xff, 0xff, 0xf8, 0x0, 0x7,
    0xfe, 0xaa, 0xaa, 0xbe, 0x0, 0x7, 0xff, 0x0,
    0x0, 0xf, 0x80, 0x7, 0xff, 0xd5, 0x55, 0x57,
    0xe0, 0xb, 0xfa, 0xff, 0xff, 0xff, 0xf8, 0x1,
    0xf8, 0xbf, 0xff, 0xff, 0xfe, 0x0, 0x24, 0x2f,
    0x0, 0x0, 0xf, 0x80, 0x0, 0xb, 0xc0, 0x0,
    0x7, 0xe0, 0x0, 0x2, 0xff, 0xff, 0xff, 0xf8,
    0x0, 0x0, 0xbf, 0xff, 0xff, 0xfe, 0x0, 0x0,
    0x2f, 0x0, 0x0, 0x1f, 0x80, 0x0, 0xb, 0xc0,
    0x0, 0x3, 0xe0, 0x0, 0x2, 0xf0, 0x0, 0xaa,
    0xf8, 0x0, 0x0, 0xbc, 0x0, 0x2f, 0xfd, 0x0,
    0x0, 0x2f, 0x0, 0x7, 0xfd, 0x0,

    /* U+671F "期" */
    0x1, 0xf0, 0x1f, 0x0, 0x0, 0x0, 0x0, 0xbc,
    0x7, 0xc0, 0xff, 0xff, 0xd0, 0x2f, 0x1, 0xf0,
    0x3f, 0xff, 0xf4, 0xbf, 0xff, 0xff, 0xcf, 0xea,
    0xbd, 0x2f, 0xff, 0xff, 0xf3, 0xe0, 0xf, 0x45,
    0xfd, 0x5b, 0xe4, 0xf8, 0x3, 0xd0, 0x2f, 0x1,
    0xf0, 0x3e, 0x0, 0xf4, 0xb, 0xea, 0xfc, 0xf,
    0xff, 0xfd, 0x2, 0xff, 0xff, 0x3, 0xff, 0xff,
    0x40, 0xbd, 0x5b, 0xc0, 0xfe, 0xab, 0xd0, 0x2f,
    0x1, 0xf0, 0x3e, 0x0, 0xf4, 0xb, 0xd5, 0xbc,
    0xf, 0x80, 0x3d, 0x2, 0xff, 0xff, 0x3, 0xd0,
    0xf, 0x40, 0xbf, 0xff, 0xc0, 0xfe, 0xaf, 0xd0,
    0x2f, 0x1, 0xf0, 0x3f, 0xff, 0xf4, 0xb, 0xc0,
    0xbd, 0x1f, 0xff, 0xfd, 0x3f, 0xff, 0xff, 0xf7,
    0xc0, 0xf, 0x4f, 0xff, 0xff, 0xfe, 0xf0, 0x3,
    0xd0, 0x9, 0x1, 0x80, 0xbc, 0x0, 0xf4, 0x7,
    0xe1, 0xf4, 0x3e, 0x0, 0x3d, 0x3, 0xf0, 0x3f,
    0x1f, 0x40, 0xf, 0x43, 0xf4, 0x3, 0xff, 0xc1,
    0xaf, 0xd2, 0xf8, 0x0, 0x77, 0xf0, 0x3f, 0xf0,
    0x28, 0x0, 0x0, 0x24, 0xf, 0xf4, 0x0, 0x0,
    0x0, 0x0, 0x0, 0x0, 0x0,

    /* U+673A "机" */
    0x0, 0x0, 0x0, 0x0, 0x0, 0x0, 0x0, 0x3,
    0xf0, 0x0, 0x0, 0x0, 0x0, 0x0, 0x3f, 0x0,
    0x2a, 0xaa, 0x90, 0x0, 0x3, 0xf0, 0x7, 0xff,
    0xff, 0x0, 0x0, 0x3f, 0x0, 0x7f, 0xff, 0xf0,
    0x0, 0x3, 0xf0, 0x7, 0xd0, 0x3f, 0x0, 0x1a,
    0xbf, 0xa9, 0x7d, 0x3, 0xf0, 0x2, 0xff, 0xff,
    0xd7, 0xd0, 0x3f, 0x0, 0x2f, 0xff, 0xfd, 0x7d,
    0x3, 0xf0, 0x0, 0x7, 0xf0, 0x7, 0xd0, 0x3f,
    0x0, 0x0, 0xbf, 0x0, 0x7d, 0x3, 0xf0, 0x0,
    0xf, 0xf8, 0x7, 0xd0, 0x3f, 0x0, 0x1, 0xff,
    0xd0, 0x7d, 0x3, 0xf0, 0x0, 0x2f, 0xff, 0x47,
    0xc0, 0x3f, 0x0, 0x3, 0xff, 0xbc, 0xbc, 0x3,
    0xf0, 0x0, 0xbf, 0xf3, 0xdb, 0xc0, 0x3f, 0x0,
    0x1f, 0x7f, 0x18, 0xfc, 0x3, 0xf0, 0x3, 0xf3,
    0xf0, 0xf, 0x80, 0x3f, 0x0, 0x3d, 0x3f, 0x1,
    0xf4, 0x3, 0xf0, 0x82, 0xc3, 0xf0, 0x2f, 0x0,
    0x3f, 0xf, 0x0, 0x3f, 0x3, 0xf0, 0x3, 0xf0,
    0xf0, 0x3, 0xf0, 0xbd, 0x0, 0x3f, 0x1f, 0x0,
    0x3f, 0xf, 0xc0, 0x3, 0xfb, 0xe0, 0x3, 0xf2,
    0xf4, 0x0, 0x2f, 0xfd, 0x0, 0x3f, 0x6, 0x0,
    0x0, 0xff, 0x80,

    /* U+674E "李" */
    0x0, 0x0, 0x0, 0x0, 0x0, 0x0, 0x0, 0x0,
    0x0, 0x2f, 0x0, 0x0, 0x0, 0x0, 0x0, 0x2,
    0xf0, 0x0, 0x0, 0x1, 0xaa, 0xaa, 0xbf, 0xaa,
    0xaa, 0xa0, 0x3f, 0xff, 0xff, 0xff, 0xff, 0xff,
    0x43, 0xff, 0xff, 0xff, 0xff, 0xff, 0xf4, 0x0,
    0x1, 0xff, 0xff, 0xe0, 0x0, 0x0, 0x0, 0x7f,
    0x6f, 0x3f, 0xc0, 0x0, 0x0, 0x7f, 0xd2, 0xf0,
    0xff, 0x80, 0x0, 0x6f, 0xf0, 0x2f, 0x2, 0xff,
    0x90, 0x3f, 0xf8, 0x2, 0xf0, 0x7, 0xff, 0x82,
    0xfd, 0x0, 0x15, 0x0, 0x7, 0xf0, 0x9, 0x1f,
    0xff, 0xff, 0xfe, 0x4, 0x0, 0x1, 0xff, 0xff,
    0xff, 0xf0, 0x0, 0x0, 0x0, 0x0, 0x1f, 0xf4,
    0x0, 0x0, 0x0, 0x0, 0x1b, 0xf8, 0x0, 0x0,
    0x0, 0x0, 0x2, 0xf8, 0x0, 0x0, 0x3, 0xff,
    0xff, 0xff, 0xff, 0xff, 0xf4, 0x3f, 0xff, 0xff,
    0xff, 0xff, 0xff, 0x41, 0x55, 0x55, 0x7f, 0x95,
    0x55, 0x50, 0x0, 0x0, 0x2, 0xf0, 0x0, 0x0,
    0x0, 0x0, 0x0, 0x2f, 0x0, 0x0, 0x0, 0x0,
    0x2, 0x57, 0xf0, 0x0, 0x0, 0x0, 0x0, 0x2f,
    0xff, 0x0, 0x0, 0x0, 0x0, 0x0, 0xff, 0x80,
    0x0, 0x0, 0x0, 0x0, 0x0, 0x0, 0x0, 0x0,
    0x0,

    /* U+67E5 "查" */
    0x0, 0x0, 0x0, 0x0, 0x0, 0x0, 0x0, 0x0,
    0x0, 0x1f, 0x80, 0x0, 0x0, 0x0, 0x0, 0x1,
    0xf8, 0x0, 0x0, 0x0, 0x0, 0x0, 0x1f, 0x80,
    0x0, 0x0, 0x2f, 0xff, 0xff, 0xff, 0xff, 0xff,
    0x82, 0xff, 0xff, 0xff, 0xff, 0xff, 0xf8, 0x5,
    0x55, 0xbf, 0xff, 0xe5, 0x55, 0x40, 0x0, 0x1f,
    0xef, 0xbf, 0x40, 0x0, 0x0, 0xb, 0xf5, 0xf8,
    0xfe, 0x0, 0x0, 0x7, 0xfd, 0x1f, 0x83, 0xfd,
    0x0, 0x7, 0xff, 0x1, 0xf8, 0xb, 0xfd, 0x3,
    0xff, 0x80, 0x5, 0x0, 0x1f, 0xfc, 0xf, 0xef,
    0xff, 0xff, 0xff, 0x9f, 0x0, 0x51, 0xff, 0xff,
    0xff, 0xf8, 0x0, 0x0, 0x1f, 0x40, 0x0, 0x1f,
    0x80, 0x0, 0x1, 0xfe, 0xaa, 0xab, 0xf8, 0x0,
    0x0, 0x1f, 0xff, 0xff, 0xff, 0x80, 0x0, 0x1,
    0xf4, 0x0, 0x1, 0xf8, 0x0, 0x0, 0x1f, 0x40,
    0x0, 0x1f, 0x80, 0x0, 0x1, 0xff, 0xff, 0xff,
    0xf8, 0x0, 0x0, 0x1f, 0xff, 0xff, 0xff, 0x80,
    0x0, 0x0, 0x0, 0x0, 0x0, 0x0, 0x0, 0xf,
    0xff, 0xff, 0xff, 0xff, 0xff, 0x80, 0xff, 0xff,
    0xff, 0xff, 0xff, 0xf8, 0x5, 0x55, 0x55, 0x55,
    0x55, 0x55, 0x40,

    /* U+68C0 "检" */
    0x0, 0x0, 0x0, 0x0, 0x0, 0x0, 0x0, 0xf,
    0x80, 0x0, 0x2e, 0x0, 0x0, 0x0, 0xf8, 0x0,
    0x7, 0xf0, 0x0, 0x0, 0xf, 0x80, 0x0, 0xff,
    0x80, 0x0, 0x0, 0xf8, 0x0, 0x3f, 0xfe, 0x0,
    0x1, 0x5f, 0x90, 0xb, 0xe3, 0xf8, 0x0, 0x3f,
    0xff, 0xc2, 0xfc, 0xf, 0xf0, 0x3, 0xff, 0xfc,
    0xbf, 0x0, 0x3f, 0xd0, 0x15, 0xfd, 0x7f, 0xc0,
    0x0, 0xff, 0xc0, 0x1f, 0xcf, 0xff, 0xff, 0xfe,
    0xf8, 0x2, 0xfe, 0x78, 0xff, 0xff, 0xc7, 0x0,
    0x3f, 0xf1, 0x5, 0x55, 0x54, 0x0, 0x7, 0xff,
    0xc0, 0x0, 0x0, 0x0, 0x0, 0xbf, 0xbd, 0x10,
    0x3d, 0x3, 0xe0, 0xf, 0xfa, 0xcb, 0x82, 0xe0,
    0x3d, 0x2, 0xff, 0x80, 0x7c, 0x1f, 0x7, 0xc0,
    0x3d, 0xf8, 0x3, 0xc1, 0xf0, 0xf8, 0x3, 0xcf,
    0x80, 0x3d, 0xf, 0x1f, 0x0, 0x28, 0xf8, 0x2,
    0xe0, 0xf6, 0xe0, 0x0, 0xf, 0x80, 0x2e, 0x4,
    0x3c, 0x0, 0x0, 0xf8, 0x0, 0x0, 0xb, 0x80,
    0x0, 0xf, 0x81, 0x55, 0x55, 0xf9, 0x50, 0x0,
    0xf8, 0x3f, 0xff, 0xff, 0xff, 0x40, 0xf, 0x83,
    0xff, 0xff, 0xff, 0xf4, 0x0, 0xf8, 0x0, 0x0,
    0x0, 0x0, 0x0,

    /* U+6A21 "模" */
    0x0, 0x0, 0x0, 0x0, 0x0, 0x0, 0x0, 0xf,
    0x80, 0x3, 0xe0, 0x3d, 0x0, 0x0, 0xf8, 0x0,
    0x7e, 0x7, 0xe0, 0x0, 0xf, 0x81, 0xff, 0xff,
    0xff, 0xf8, 0x0, 0xf8, 0x1f, 0xff, 0xff, 0xff,
    0x80, 0xf, 0xc0, 0x7, 0xe0, 0x7e, 0x0, 0x3f,
    0xff, 0xc0, 0x3d, 0x3, 0xd0, 0x3, 0xff, 0xfc,
    0xbf, 0xff, 0xff, 0xd0, 0x5, 0xfd, 0x4b, 0xff,
    0xff, 0xfd, 0x0, 0xf, 0xc0, 0xbc, 0x0, 0x7,
    0xd0, 0x1, 0xfe, 0xb, 0xea, 0xaa, 0xfd, 0x0,
    0x2f, 0xf4, 0xbf, 0xff, 0xff, 0xd0, 0x3, 0xff,
    0xcb, 0xc0, 0x0, 0x7d, 0x0, 0x7f, 0xfd, 0xbd,
    0x55, 0x57, 0xd0, 0xb, 0xfa, 0xeb, 0xff, 0xff,
    0xfd, 0x0, 0xff, 0x8c, 0x6a, 0xbf, 0xea, 0x90,
    0x2f, 0xf8, 0x0, 0x2, 0xf0, 0x0, 0x3, 0xdf,
    0x81, 0x55, 0x7f, 0x55, 0x54, 0x3c, 0xf8, 0x3f,
    0xff, 0xff, 0xff, 0x81, 0x8f, 0x83, 0xff, 0xff,
    0xff, 0xf8, 0x0, 0xf8, 0x0, 0x1f, 0xef, 0x40,
    0x0, 0xf, 0x80, 0xb, 0xf4, 0xfe, 0x0, 0x0,
    0xf8, 0x1b, 0xfd, 0x3, 0xfe, 0x40, 0xf, 0x87,
    0xfe, 0x0, 0xb, 0xf8, 0x0, 0xf8, 0x2e, 0x0,
    0x0, 0xb, 0x0, 0x0, 0x0, 0x0, 0x0, 0x0,
    0x0,

    /* U+6B21 "次" */
    0x0, 0x0, 0x2, 0xe0, 0x0, 0x0, 0x0, 0x0,
    0x0, 0xfc, 0x0, 0x0, 0x0, 0xe0, 0x0, 0x7f,
    0x0, 0x0, 0x0, 0xbf, 0x80, 0x2f, 0x80, 0x0,
    0x0, 0xb, 0xfc, 0xf, 0xff, 0xff, 0xfc, 0x0,
    0x7f, 0x83, 0xff, 0xff, 0xff, 0xc0, 0x3, 0xc2,
    0xff, 0xff, 0xff, 0xf0, 0x0, 0x0, 0xfc, 0x0,
    0x1, 0xf8, 0x0, 0x0, 0xbf, 0xf, 0xc0, 0xbc,
    0x0, 0x0, 0x3f, 0x43, 0xf0, 0x3f, 0x0, 0x0,
    0x3f, 0xc0, 0xfc, 0x1f, 0x40, 0x0, 0x2, 0xc0,
    0x3f, 0x47, 0xc0, 0x0, 0x18, 0x0, 0xf, 0xd0,
    0x10, 0x0, 0xf, 0x80, 0x3, 0xf8, 0x0, 0x0,
    0xb, 0xe0, 0x2, 0xff, 0x0, 0x0, 0x7, 0xf0,
    0x0, 0xff, 0xe0, 0x0, 0x3, 0xf8, 0x0, 0x7f,
    0xfc, 0x0, 0x2, 0xfc, 0x0, 0x3f, 0x9f, 0x80,
    0x1, 0xfd, 0x0, 0x3f, 0xc3, 0xf4, 0x0, 0xfe,
    0x0, 0x2f, 0xd0, 0x7f, 0x40, 0x2f, 0x0, 0x3f,
    0xe0, 0xb, 0xf8, 0x1, 0x40, 0x7f, 0xe0, 0x0,
    0xbf, 0xd0, 0x0, 0xbf, 0xd0, 0x0, 0xb, 0xf0,
    0x0, 0xb, 0xc0, 0x0, 0x0, 0x74, 0x0, 0x0,
    0x40, 0x0, 0x0, 0x0, 0x0,

    /* U+6B65 "步" */
    0x0, 0x0, 0x3, 0xf0, 0x0, 0x0, 0x0, 0x0,
    0x3, 0xf0, 0x0, 0x0, 0x0, 0xfc, 0x3, 0xfa,
    0xaa, 0x90, 0x0, 0xfc, 0x3, 0xff, 0xff, 0xe0,
    0x0, 0xfc, 0x3, 0xff, 0xff, 0xe0, 0x0, 0xfc,
    0x3, 0xf0, 0x0, 0x0, 0x0, 0xfc, 0x3, 0xf0,
    0x0, 0x0, 0x55, 0xfd, 0x57, 0xf9, 0x55, 0x55,
    0xbf, 0xff, 0xff, 0xff, 0xff, 0xfe, 0xbf, 0xff,
    0xff, 0xff, 0xff, 0xfe, 0x0, 0x0, 0x3, 0xf0,
    0x0, 0x0, 0x0, 0xe, 0x43, 0xf0, 0x2, 0x40,
    0x0, 0x3f, 0x43, 0xf0, 0x7, 0xf0, 0x0, 0xfe,
    0x3, 0xf0, 0xf, 0xd0, 0x3, 0xfc, 0x3, 0xf0,
    0x3f, 0x80, 0x1f, 0xf0, 0x3, 0xf0, 0xff, 0x0,
    0x2f, 0xc0, 0x3, 0xf7, 0xfc, 0x0, 0xa, 0x0,
    0x3, 0xff, 0xf0, 0x0, 0x0, 0x0, 0x2, 0xff,
    0xc0, 0x0, 0x0, 0x0, 0x7f, 0xfd, 0x0, 0x0,
    0x0, 0x6f, 0xff, 0xe0, 0x0, 0x0, 0x7f, 0xff,
    0xfd, 0x0, 0x0, 0x0, 0x3f, 0xff, 0x80, 0x0,
    0x0, 0x0, 0x2e, 0x50, 0x0, 0x0, 0x0, 0x0,

    /* U+6C34 "水" */
    0x0, 0x0, 0x0, 0x0, 0x0, 0x0, 0x0, 0x0,
    0x0, 0xf, 0xc0, 0x0, 0x0, 0x0, 0x0, 0x0,
    0xfc, 0x0, 0x0, 0x0, 0x0, 0x0, 0xf, 0xc0,
    0x0, 0x0, 0x0, 0x0, 0x0, 0xfc, 0x0, 0x0,
    0x0, 0x0, 0x0, 0xf, 0xc0, 0x1, 0x0, 0x0,
    0x0, 0x0, 0xfc, 0x0, 0xb8, 0x0, 0xff, 0xfe,
    0x4f, 0xc0, 0x1f, 0xe0, 0x1f, 0xff, 0xfc, 0xfd,
    0x7, 0xf8, 0x1, 0xff, 0xff, 0x8f, 0xf1, 0xfe,
    0x0, 0x0, 0x2, 0xf4, 0xff, 0xbf, 0x80, 0x0,
    0x0, 0x3f, 0xf, 0xff, 0xd0, 0x0, 0x0, 0x7,
    0xf0, 0xff, 0xf4, 0x0, 0x0, 0x0, 0xbd, 0xf,
    0xff, 0x40, 0x0, 0x0, 0xf, 0xc0, 0xfc, 0xfc,
    0x0, 0x0, 0x2, 0xf8, 0xf, 0xcb, 0xf0, 0x0,
    0x0, 0x7f, 0x0, 0xfc, 0x3f, 0xc0, 0x0, 0xf,
    0xe0, 0xf, 0xc0, 0xff, 0x0, 0x3, 0xfc, 0x0,
    0xfc, 0x7, 0xfd, 0x0, 0xff, 0x0, 0xf, 0xc0,
    0x1f, 0xfd, 0x3f, 0xd0, 0x0, 0xfc, 0x0, 0x7f,
    0xd0, 0xf4, 0x0, 0xf, 0xc0, 0x0, 0xb4, 0x1,
    0x0, 0xff, 0xfc, 0x0, 0x1, 0x0, 0x0, 0xb,
    0xff, 0x40, 0x0, 0x0, 0x0, 0x0, 0x3f, 0x90,
    0x0, 0x0, 0x0,

    /* U+6C42 "求" */
    0x0, 0x0, 0x0, 0x0, 0x0, 0x0, 0x0, 0x0,
    0x0, 0x2f, 0x2, 0x80, 0x0, 0x0, 0x0, 0x2,
    0xf0, 0xbf, 0x80, 0x0, 0x0, 0x0, 0x2f, 0x2,
    0xff, 0x0, 0x0, 0x0, 0x2, 0xf0, 0x3, 0xf0,
    0x2, 0xff, 0xff, 0xff, 0xff, 0xff, 0xf4, 0x2f,
    0xff, 0xff, 0xff, 0xff, 0xff, 0x41, 0xaa, 0xaa,
    0xbf, 0xea, 0xaa, 0xa0, 0x0, 0x0, 0x2, 0xf4,
    0x0, 0x0, 0x0, 0x1d, 0x0, 0x2f, 0xc0, 0xb,
    0x40, 0x7, 0xf4, 0x2, 0xfd, 0x2, 0xfc, 0x0,
    0x1f, 0xc0, 0x2f, 0xf0, 0x7f, 0x40, 0x0, 0x7f,
    0x2, 0xff, 0x5f, 0xd0, 0x0, 0x2, 0xf8, 0x2f,
    0xff, 0xf4, 0x0, 0x0, 0xd, 0x7, 0xf7, 0xfd,
    0x0, 0x0, 0x0, 0x7, 0xff, 0x2f, 0x80, 0x0,
    0x0, 0x2, 0xff, 0xf0, 0xfe, 0x0, 0x0, 0x2,
    0xff, 0xbf, 0x7, 0xf8, 0x0, 0x2, 0xff, 0xc2,
    0xf0, 0x1f, 0xf0, 0x2, 0xff, 0xd0, 0x2f, 0x0,
    0x7f, 0xd0, 0x3f, 0xe0, 0x2, 0xf0, 0x1, 0xff,
    0x81, 0xf0, 0x0, 0x3f, 0x0, 0x3, 0xf0, 0x0,
    0x3, 0xff, 0xf0, 0x0, 0x4, 0x0, 0x0, 0x2f,
    0xff, 0x0, 0x0, 0x0, 0x0, 0x1, 0xff, 0x80,
    0x0, 0x0, 0x0,

    /* U+6C99 "沙" */
    0x1, 0x80, 0x0, 0x3, 0xf0, 0x0, 0x0, 0x3f,
    0x80, 0x0, 0x3f, 0x0, 0x0, 0x2, 0xff, 0x80,
    0x3, 0xf0, 0x0, 0x0, 0x3, 0xf4, 0x0, 0x3f,
    0x1, 0x0, 0x0, 0x6, 0x7, 0x83, 0xf0, 0xf8,
    0x0, 0x0, 0x0, 0xbc, 0x3f, 0xf, 0xc0, 0x0,
    0x0, 0xf, 0xc3, 0xf0, 0x7e, 0x0, 0x90, 0x0,
    0xf8, 0x3f, 0x3, 0xf0, 0x2f, 0xd0, 0x2f, 0x43,
    0xf0, 0x1f, 0x82, 0xff, 0x83, 0xf0, 0x3f, 0x0,
    0xfc, 0x2, 0xfc, 0x3f, 0x3, 0xf0, 0xb, 0xc0,
    0x3, 0xb, 0xd0, 0x3f, 0x1, 0x60, 0x0, 0x0,
    0xfc, 0x3, 0xf0, 0x3e, 0x0, 0x0, 0xb, 0x80,
    0x3f, 0xb, 0xd0, 0x0, 0xe, 0x0, 0x3, 0xf0,
    0xfc, 0x0, 0x1, 0xf4, 0x0, 0x3f, 0x3f, 0x80,
    0x0, 0x3f, 0x0, 0x1, 0x4b, 0xf0, 0x0, 0xb,
    0xe0, 0x0, 0x2, 0xfc, 0x0, 0x0, 0xfc, 0x0,
    0x0, 0xff, 0x40, 0x0, 0x2f, 0x80, 0x0, 0xbf,
    0xd0, 0x0, 0x7, 0xf0, 0x1, 0xbf, 0xf0, 0x0,
    0x0, 0xfd, 0xb, 0xff, 0xf4, 0x0, 0x0, 0x7,
    0xc0, 0xff, 0xf8, 0x0, 0x0, 0x0, 0x0, 0x7,
    0xe4, 0x0, 0x0, 0x0, 0x0, 0x0, 0x0, 0x0,
    0x0, 0x0, 0x0,

    /* U+6CA1 "没" */
    0x0, 0x0, 0x0, 0x0, 0x0, 0x0, 0x0, 0x3e,
    0x0, 0x2f, 0xff, 0xfc, 0x0, 0x7, 0xfe, 0x2,
    0xff, 0xff, 0xc0, 0x0, 0xf, 0xf4, 0x2f, 0xaa,
    0xfc, 0x0, 0x0, 0x1e, 0x2, 0xf0, 0xf, 0xc0,
    0x0, 0x0, 0x0, 0x3f, 0x0, 0xfc, 0x0, 0x0,
    0x0, 0x3, 0xf0, 0xf, 0xc0, 0x0, 0x40, 0x0,
    0xfd, 0x0, 0xff, 0xfc, 0x1f, 0x80, 0x7f, 0xc0,
    0xb, 0xff, 0xc2, 0xff, 0x4b, 0xf0, 0x0, 0x2f,
    0xfd, 0x7, 0xfc, 0x38, 0x0, 0x0, 0x0, 0x0,
    0x7, 0x42, 0xaa, 0xaa, 0xaa, 0x40, 0x0, 0x0,
    0x3f, 0xff, 0xff, 0xfe, 0x0, 0x0, 0x3, 0xff,
    0xff, 0xff, 0xc0, 0x0, 0xd, 0xb, 0xc0, 0x1,
    0xf8, 0x0, 0x1, 0xf4, 0x7f, 0x0, 0x3f, 0x0,
    0x0, 0x3f, 0x2, 0xf8, 0xf, 0xe0, 0x0, 0x7,
    0xe0, 0xf, 0xe3, 0xfc, 0x0, 0x0, 0xfc, 0x0,
    0x3f, 0xff, 0x0, 0x0, 0x2f, 0x80, 0x1, 0xff,
    0xd0, 0x0, 0x3, 0xf0, 0x1, 0xff, 0xff, 0xd0,
    0x0, 0xfd, 0xb, 0xff, 0xfb, 0xff, 0xf8, 0xb,
    0xc0, 0xff, 0xf4, 0x7, 0xff, 0xc0, 0x14, 0xb,
    0xd0, 0x0, 0x6, 0xf0, 0x0, 0x0, 0x0, 0x0,
    0x0, 0x0, 0x0,

    /* U+6CB3 "河" */
    0x2, 0x40, 0x0, 0x0, 0x0, 0x0, 0x0, 0xbe,
    0xa, 0xaa, 0xaa, 0xaa, 0xa8, 0xb, 0xfe, 0xff,
    0xff, 0xff, 0xff, 0xc0, 0xb, 0xff, 0xff, 0xff,
    0xff, 0xfc, 0x0, 0x1c, 0x0, 0x0, 0x0, 0xbc,
    0x0, 0x0, 0x0, 0x0, 0x0, 0xb, 0xc0, 0x0,
    0x0, 0x0, 0x0, 0x0, 0xbc, 0x0, 0x80, 0x2,
    0xff, 0xff, 0xb, 0xc0, 0x3f, 0x80, 0x2f, 0xff,
    0xf0, 0xbc, 0x3, 0xff, 0x42, 0xfa, 0xbf, 0xb,
    0xc0, 0x7, 0xf8, 0x2f, 0x2, 0xf0, 0xbc, 0x0,
    0xb, 0x2, 0xf0, 0x2f, 0xb, 0xc0, 0x0, 0x0,
    0x2f, 0x2, 0xf0, 0xbc, 0x0, 0x0, 0x2, 0xf0,
    0x2f, 0xb, 0xc0, 0x0, 0xc, 0x2f, 0xab, 0xf0,
    0xbc, 0x0, 0x2, 0xf2, 0xff, 0xff, 0xb, 0xc0,
    0x0, 0x3f, 0x2f, 0xff, 0xf0, 0xbc, 0x0, 0xf,
    0xd2, 0xf0, 0x0, 0xb, 0xc0, 0x1, 0xfc, 0x1a,
    0x0, 0x0, 0xbc, 0x0, 0x3f, 0x40, 0x0, 0x0,
    0xb, 0xc0, 0xb, 0xe0, 0x0, 0x0, 0x0, 0xbc,
    0x1, 0xfc, 0x0, 0x0, 0x3f, 0xff, 0xc0, 0xf,
    0x40, 0x0, 0x3, 0xff, 0xf8, 0x0, 0x20, 0x0,
    0x0, 0x2f, 0xfe, 0x0, 0x0, 0x0, 0x0, 0x0,
    0x0, 0x0, 0x0,

    /* U+6D3B "活" */
    0x0, 0x0, 0x0, 0x0, 0x0, 0x0, 0x0, 0x90,
    0x0, 0x0, 0x0, 0x6e, 0x0, 0xbf, 0x40, 0x1,
    0x6f, 0xff, 0xe0, 0x1f, 0xfc, 0x7f, 0xff, 0xff,
    0xd0, 0x0, 0xbf, 0xf, 0xff, 0xf9, 0x0, 0x0,
    0x3, 0x1, 0x50, 0xbc, 0x0, 0x0, 0x0, 0x0,
    0x0, 0x2f, 0x0, 0x0, 0x0, 0x0, 0x0, 0xb,
    0xc0, 0x0, 0x8, 0x0, 0x6a, 0xab, 0xfa, 0xaa,
    0x8b, 0xe0, 0x2f, 0xff, 0xff, 0xff, 0xf3, 0xff,
    0x8b, 0xff, 0xff, 0xff, 0xfc, 0x1f, 0xe0, 0x0,
    0xb, 0xc0, 0x0, 0x0, 0xb0, 0x0, 0x2, 0xf0,
    0x0, 0x0, 0x0, 0x0, 0x0, 0xbc, 0x0, 0x0,
    0x0, 0x0, 0x0, 0x2f, 0x0, 0x0, 0x0, 0x30,
    0x3f, 0xff, 0xff, 0xf8, 0x0, 0x3f, 0xf, 0xff,
    0xff, 0xfe, 0x0, 0x1f, 0xc3, 0xf5, 0x55, 0x5f,
    0x80, 0xf, 0xc0, 0xf8, 0x0, 0x3, 0xe0, 0xb,
    0xe0, 0x3e, 0x0, 0x0, 0xf8, 0x3, 0xf0, 0xf,
    0x80, 0x0, 0x3e, 0x3, 0xf8, 0x3, 0xf5, 0x55,
    0x5f, 0x81, 0xfc, 0x0, 0xff, 0xff, 0xff, 0xe0,
    0x3d, 0x0, 0x3f, 0xff, 0xff, 0xf8, 0x2, 0x0,
    0xf, 0xc0, 0x0, 0x3e, 0x0, 0x0, 0x0, 0x0,
    0x0, 0x0, 0x0,

    /* U+6D41 "流" */
    0x1, 0x0, 0x0, 0x6, 0xc0, 0x0, 0x0, 0xbd,
    0x0, 0x0, 0x7d, 0x0, 0x0, 0xf, 0xfc, 0x0,
    0x3, 0xf0, 0x0, 0x0, 0x1f, 0xfb, 0xff, 0xff,
    0xff, 0xf4, 0x0, 0x2c, 0xff, 0xff, 0xff, 0xff,
    0x40, 0x0, 0xb, 0xff, 0xff, 0xff, 0xf4, 0x0,
    0x0, 0x0, 0xfd, 0x7, 0xc0, 0x0, 0x40, 0x0,
    0x2f, 0x80, 0x3f, 0x0, 0x2f, 0x80, 0xb, 0xf0,
    0x16, 0xfc, 0x3, 0xff, 0x47, 0xff, 0xff, 0xff,
    0xe0, 0x7, 0xf8, 0x7f, 0xff, 0xff, 0xff, 0x40,
    0xb, 0x3, 0xa5, 0x40, 0x0, 0xf0, 0x0, 0x0,
    0x5, 0x1, 0x41, 0x44, 0x0, 0x0, 0x0, 0xf8,
    0x7c, 0x3e, 0x0, 0x0, 0xc, 0xf, 0x87, 0xc3,
    0xe0, 0x0, 0x2, 0xf0, 0xf8, 0x7c, 0x3e, 0x0,
    0x0, 0x7f, 0xf, 0x87, 0xc3, 0xe0, 0x0, 0xf,
    0xd0, 0xf4, 0x7c, 0x3e, 0x0, 0x1, 0xf8, 0x1f,
    0x47, 0xc3, 0xe0, 0x0, 0x3f, 0x3, 0xf0, 0x7c,
    0x3e, 0x3c, 0xb, 0xe0, 0x7f, 0x7, 0xc3, 0xe3,
    0xc1, 0xfc, 0xf, 0xd0, 0x7c, 0x3e, 0x7c, 0x1f,
    0x83, 0xf8, 0x7, 0xc3, 0xff, 0xc0, 0x70, 0xe,
    0x0, 0x0, 0x1f, 0xf0, 0x0, 0x0, 0x0, 0x0,
    0x0, 0x0, 0x0,

    /* U+6D77 "海" */
    0x0, 0x0, 0x0, 0x0, 0x0, 0x0, 0x0, 0x14,
    0x0, 0x3e, 0x0, 0x0, 0x0, 0x7, 0xf4, 0x7,
    0xe0, 0x0, 0x0, 0x0, 0x7f, 0xe0, 0xfe, 0x55,
    0x55, 0x50, 0x0, 0x7f, 0x1f, 0xff, 0xff, 0xff,
    0x40, 0x0, 0x83, 0xff, 0xff, 0xff, 0xf4, 0x0,
    0x0, 0x7e, 0x0, 0x0, 0x0, 0x0, 0x0, 0xf,
    0xc0, 0x0, 0x0, 0x0, 0x0, 0x3, 0xff, 0xff,
    0xff, 0xfd, 0x1, 0xe0, 0xb, 0xbf, 0xff, 0xff,
    0xd0, 0x3f, 0xd0, 0xb, 0xd7, 0xd5, 0xbd, 0x0,
    0xff, 0x40, 0xfc, 0x3e, 0x3, 0xd0, 0x1, 0xf0,
    0xf, 0xc0, 0xf4, 0x3d, 0x0, 0x0, 0x1a, 0xfe,
    0xab, 0xab, 0xe8, 0x0, 0x3, 0xff, 0xff, 0xff,
    0xff, 0xc0, 0x2, 0x2f, 0xff, 0xff, 0xff, 0xfc,
    0x0, 0x7c, 0x1f, 0x4b, 0x80, 0x7c, 0x0, 0xf,
    0xc2, 0xf0, 0x3e, 0xb, 0xc0, 0x1, 0xf4, 0x3f,
    0x0, 0xf0, 0xbc, 0x0, 0x2f, 0x3, 0xff, 0xff,
    0xff, 0xf4, 0x3, 0xe0, 0x3f, 0xff, 0xff, 0xff,
    0x40, 0xbd, 0x1, 0x55, 0x55, 0x5f, 0x90, 0xf,
    0xc0, 0x0, 0x0, 0x42, 0xf4, 0x0, 0xf4, 0x0,
    0x0, 0xf, 0xff, 0x0, 0x2, 0x0, 0x0, 0x0,
    0xbf, 0x80, 0x0, 0x0, 0x0, 0x0, 0x0, 0x0,
    0x0,

    /* U+6E29 "温" */
    0x1, 0x40, 0x0, 0x0, 0x0, 0x0, 0x0, 0x3f,
    0x80, 0xff, 0xff, 0xff, 0x80, 0x3, 0xff, 0x4f,
    0xff, 0xff, 0xfc, 0x0, 0x7, 0xf4, 0xf9, 0x55,
    0x5f, 0xc0, 0x0, 0xa, 0xf, 0x40, 0x0, 0xfc,
    0x0, 0x0, 0x0, 0xff, 0xff, 0xff, 0xc0, 0x0,
    0x0, 0xf, 0xff, 0xff, 0xfc, 0x0, 0x80, 0x0,
    0xf4, 0x0, 0xf, 0xc0, 0x2f, 0x80, 0xf, 0x40,
    0x0, 0xfc, 0x2, 0xff, 0x80, 0xff, 0xff, 0xff,
    0xc0, 0x2, 0xfc, 0xf, 0xff, 0xff, 0xfc, 0x0,
    0x7, 0x0, 0x55, 0x55, 0x55, 0x0, 0x0, 0x0,
    0x0, 0x0, 0x0, 0x0, 0x0, 0x0, 0x3, 0xff,
    0xff, 0xff, 0xe0, 0x0, 0x28, 0x3f, 0xff, 0xff,
    0xfe, 0x0, 0x3, 0xe3, 0xe7, 0xe7, 0xe7, 0xe0,
    0x0, 0xbd, 0x3d, 0x3c, 0x3c, 0x3e, 0x0, 0xf,
    0xc3, 0xd3, 0xc3, 0xc3, 0xe0, 0x2, 0xf4, 0x3d,
    0x3c, 0x3c, 0x3e, 0x0, 0x3f, 0x3, 0xd3, 0xc3,
    0xc3, 0xe0, 0xb, 0xd0, 0x3d, 0x3c, 0x3c, 0x3e,
    0x1, 0xfc, 0x3f, 0xff, 0xff, 0xff, 0xfc, 0xf,
    0x43, 0xff, 0xff, 0xff, 0xff, 0xc0, 0x10, 0x2a,
    0xaa, 0xaa, 0xaa, 0xa8,

    /* U+6E2F "港" */
    0x1, 0x40, 0x2, 0xf0, 0xf, 0x80, 0x0, 0x7f,
    0x0, 0x2f, 0x0, 0xf8, 0x0, 0xb, 0xfe, 0x2,
    0xf0, 0xf, 0x80, 0x0, 0xb, 0xef, 0xff, 0xff,
    0xff, 0xf0, 0x0, 0x1c, 0xff, 0xff, 0xff, 0xff,
    0x0, 0x0, 0x5, 0x7f, 0x96, 0xfd, 0x50, 0x0,
    0x0, 0x2, 0xf0, 0xf, 0x80, 0x0, 0xe0, 0x2a,
    0xbf, 0xaa, 0xfe, 0xa8, 0x3f, 0xd3, 0xff, 0xff,
    0xff, 0xff, 0xc1, 0xff, 0x7f, 0xff, 0xff, 0xff,
    0xfc, 0x1, 0xf0, 0x3, 0xe0, 0xb, 0xd0, 0x0,
    0x0, 0x0, 0xfc, 0x0, 0x3f, 0x0, 0x0, 0x0,
    0x2f, 0xff, 0xff, 0xfc, 0x0, 0x0, 0xb, 0xff,
    0xff, 0xff, 0xf0, 0x0, 0x3a, 0xff, 0xe0, 0xf,
    0xbf, 0xc0, 0x7, 0xff, 0x7e, 0x0, 0xf8, 0xf8,
    0x0, 0xbd, 0xd3, 0xff, 0xff, 0x82, 0x0, 0xf,
    0xc0, 0x3f, 0xff, 0xf8, 0x0, 0x2, 0xf4, 0x3,
    0xe5, 0x55, 0x0, 0x0, 0x3f, 0x0, 0x3e, 0x0,
    0x2, 0xd0, 0xb, 0xd0, 0x3, 0xe0, 0x0, 0x2f,
    0x1, 0xfc, 0x0, 0x3f, 0x55, 0x57, 0xe0, 0x1f,
    0x80, 0x3, 0xff, 0xff, 0xfd, 0x0, 0x20, 0x0,
    0xb, 0xff, 0xff, 0x40,

    /* U+6E38 "游" */
    0x1, 0x0, 0xa, 0x0, 0x19, 0x0, 0x0, 0xbd,
    0x2, 0xf8, 0x3, 0xf0, 0x0, 0xf, 0xf8, 0xf,
    0xc0, 0x3e, 0x0, 0x0, 0x2f, 0xc0, 0xb8, 0x3,
    0xfa, 0xa8, 0x0, 0x3b, 0xff, 0xff, 0xbf, 0xff,
    0xc0, 0x0, 0x7f, 0xff, 0xff, 0xff, 0xfc, 0x0,
    0x2, 0xff, 0xab, 0xf4, 0x0, 0x0, 0x40, 0x7,
    0xd0, 0x3f, 0x0, 0x0, 0x2f, 0x80, 0x7d, 0x1,
    0xff, 0xff, 0x42, 0xff, 0x47, 0xe6, 0x53, 0xff,
    0xfc, 0x2, 0xf0, 0x7f, 0xfe, 0x15, 0xbf, 0x0,
    0x4, 0x7, 0xff, 0xd0, 0x1f, 0xc0, 0x0, 0x0,
    0xbc, 0x3d, 0x2, 0xf0, 0x0, 0x0, 0xb, 0xc3,
    0xd0, 0x2f, 0x0, 0x0, 0xd0, 0xfc, 0x3e, 0xff,
    0xff, 0xc0, 0xf, 0x4f, 0x83, 0xdf, 0xff, 0xfc,
    0x2, 0xf0, 0xf4, 0x3d, 0xab, 0xfa, 0x80, 0x3f,
    0x1f, 0x7, 0xc0, 0x2f, 0x0, 0x7, 0xe2, 0xf0,
    0x7c, 0x2, 0xf0, 0x0, 0xbc, 0x3e, 0xb, 0xc0,
    0x2f, 0x0, 0xf, 0xcb, 0xc0, 0xbc, 0x2, 0xf0,
    0x1, 0xf9, 0xfd, 0xaf, 0xc5, 0x7f, 0x0, 0x2f,
    0x1f, 0xf, 0xf4, 0x7f, 0xf0, 0x0, 0x10, 0x50,
    0xf9, 0x3, 0xf8, 0x0, 0x0, 0x0, 0x0, 0x0,
    0x0, 0x0, 0x0,

    /* U+6E56 "湖" */
    0x1, 0x0, 0x0, 0x0, 0x0, 0x0, 0x1, 0xf4,
    0x3, 0xf0, 0xf, 0xff, 0xd0, 0xbf, 0xc0, 0xfc,
    0x7, 0xff, 0xf4, 0x7, 0xf0, 0x3f, 0x1, 0xfa,
    0xbd, 0x0, 0x24, 0xf, 0xc0, 0x7c, 0xf, 0x40,
    0x0, 0xff, 0xff, 0x9f, 0x3, 0xd0, 0x0, 0x7f,
    0xff, 0xf7, 0xc0, 0xf4, 0x24, 0xa, 0xbf, 0xa9,
    0xff, 0xfd, 0x2f, 0xc0, 0xf, 0xc0, 0x7f, 0xff,
    0x4b, 0xfd, 0x3, 0xf0, 0x1f, 0xab, 0xd0, 0x2f,
    0x0, 0xfc, 0x7, 0xc0, 0xf4, 0x1, 0x0, 0x3f,
    0x1, 0xf0, 0x3d, 0x0, 0x1, 0xff, 0xfd, 0x7c,
    0xf, 0x40, 0x0, 0x7f, 0xff, 0x5f, 0xab, 0xd0,
    0x4, 0x1f, 0x57, 0xd7, 0xff, 0xf4, 0x3, 0xd7,
    0xc0, 0xf5, 0xff, 0xfd, 0x0, 0xf9, 0xf0, 0x3d,
    0xbc, 0xf, 0x40, 0xbd, 0x7c, 0xf, 0x6e, 0x3,
    0xd0, 0x3f, 0x1f, 0x5b, 0xdf, 0x80, 0xf4, 0x1f,
    0x87, 0xff, 0xfb, 0xd0, 0x3d, 0xf, 0xc1, 0xff,
    0xff, 0xf0, 0xf, 0x43, 0xf0, 0x7c, 0x0, 0xf8,
    0x57, 0xd1, 0xf4, 0x1e, 0x0, 0xfc, 0x1f, 0xf4,
    0x8, 0x0, 0x0, 0x1d, 0x3, 0xf4, 0x0, 0x0,
    0x0, 0x0, 0x0, 0x0, 0x0,

    /* U+6E7E "湾" */
    0x0, 0x0, 0x0, 0x0, 0x40, 0x0, 0x0, 0x20,
    0x0, 0x0, 0x7e, 0x0, 0x0, 0xf, 0xc0, 0x0,
    0x3, 0xf0, 0x0, 0x0, 0x7f, 0xb, 0xff, 0xff,
    0xff, 0xfc, 0x3, 0xf4, 0xbf, 0xff, 0xff, 0xff,
    0xc0, 0xf, 0x80, 0x4b, 0xc3, 0xe1, 0x0, 0x0,
    0x50, 0x2f, 0x7c, 0x3e, 0xbc, 0x0, 0x0, 0x7,
    0xe7, 0xc3, 0xe7, 0xf0, 0x4, 0x0, 0xfc, 0x7c,
    0x3e, 0x1f, 0x83, 0xf0, 0x3f, 0x7, 0xc3, 0xe0,
    0xbc, 0x2f, 0x80, 0x80, 0x7c, 0x3e, 0x1, 0x0,
    0xfc, 0x0, 0x0, 0x0, 0x0, 0x0, 0x7, 0xe0,
    0x7f, 0xff, 0xff, 0xfc, 0x0, 0x28, 0x7, 0xff,
    0xff, 0xff, 0xc0, 0x0, 0x0, 0x0, 0x0, 0x0,
    0xbc, 0x0, 0xe, 0x0, 0xff, 0xff, 0xff, 0xc0,
    0x0, 0xf8, 0x1f, 0xff, 0xff, 0xfc, 0x0, 0x2f,
    0x42, 0xf5, 0x55, 0x55, 0x40, 0x3, 0xf0, 0x3f,
    0x0, 0x0, 0x0, 0x0, 0x7e, 0x3, 0xff, 0xff,
    0xff, 0xf0, 0xb, 0xd0, 0x7f, 0xff, 0xff, 0xff,
    0x0, 0xfc, 0x0, 0x0, 0x0, 0x7, 0xe0, 0x1f,
    0x80, 0x0, 0x0, 0x0, 0xfd, 0x0, 0x70, 0x0,
    0x0, 0x7, 0xff, 0xc0, 0x0, 0x0, 0x0, 0x0,
    0x3f, 0xf0, 0x0, 0x0, 0x0, 0x0, 0x0, 0x0,
    0x0,

    /* U+6F0F "漏" */
    0x2, 0x0, 0x0, 0x0, 0x0, 0x0, 0x2, 0xf8,
    0x3f, 0xff, 0xff, 0xff, 0xc0, 0xbf, 0xdf, 0xff,
    0xff, 0xff, 0xf0, 0x7, 0xf3, 0xf0, 0x0, 0x0,
    0xbc, 0x0, 0x24, 0xfc, 0x0, 0x0, 0x2f, 0x0,
    0x0, 0x3f, 0xff, 0xff, 0xff, 0xc0, 0x0, 0xf,
    0xff, 0xff, 0xff, 0xf0, 0x20, 0x3, 0xf5, 0x55,
    0x55, 0x54, 0x2f, 0x80, 0xfc, 0x0, 0x0, 0x0,
    0xb, 0xfe, 0x3f, 0xff, 0xff, 0xff, 0xe0, 0x7f,
    0x4f, 0xff, 0xff, 0xff, 0xf8, 0x2, 0x83, 0xe0,
    0x3, 0xd0, 0x0, 0x0, 0x0, 0xf9, 0x55, 0xf9,
    0x55, 0x0, 0x0, 0x3f, 0xff, 0xff, 0xff, 0xd0,
    0x4, 0xf, 0xff, 0xff, 0xff, 0xf4, 0x3, 0xd3,
    0xfe, 0x3, 0xd4, 0x3d, 0x1, 0xf5, 0xfb, 0xbd,
    0xfb, 0xdf, 0x40, 0xbc, 0xbe, 0xe3, 0xbd, 0x7b,
    0xd0, 0x3e, 0x3f, 0xb8, 0xf, 0x50, 0xf4, 0x2f,
    0x4f, 0xaf, 0xf3, 0xfe, 0x3d, 0xf, 0xcb, 0xcb,
    0xaf, 0xf6, 0xdf, 0x4b, 0xe3, 0xf2, 0xe1, 0x3d,
    0x13, 0xd2, 0xf1, 0xf4, 0xb8, 0xf, 0x4b, 0xf4,
    0x4, 0x8, 0x2e, 0x3, 0xd2, 0xf8, 0x0, 0x0,
    0x0, 0x0, 0x0, 0x0, 0x0,

    /* U+706F "灯" */
    0x0, 0x2e, 0x0, 0x0, 0x0, 0x0, 0x0, 0x3,
    0xf0, 0x0, 0x0, 0x0, 0x0, 0x0, 0x3f, 0x1,
    0xff, 0xff, 0xff, 0xc0, 0x3, 0xf0, 0x1f, 0xff,
    0xff, 0xfc, 0x0, 0x3f, 0x0, 0xaa, 0xaf, 0xea,
    0x80, 0x93, 0xf2, 0xd0, 0x0, 0xfc, 0x0, 0xf,
    0x3f, 0x3e, 0x0, 0xf, 0xc0, 0x0, 0xf3, 0xf3,
    0xc0, 0x0, 0xfc, 0x0, 0xf, 0x3f, 0x78, 0x0,
    0xf, 0xc0, 0x1, 0xf3, 0xff, 0x40, 0x0, 0xfc,
    0x0, 0x2e, 0x3f, 0xb0, 0x0, 0xf, 0xc0, 0x3,
    0xd3, 0xf0, 0x0, 0x0, 0xfc, 0x0, 0x4, 0x3f,
    0x0, 0x0, 0xf, 0xc0, 0x0, 0x3, 0xe0, 0x0,
    0x0, 0xfc, 0x0, 0x0, 0x3f, 0x0, 0x0, 0xf,
    0xc0, 0x0, 0x7, 0xfc, 0x0, 0x0, 0xfc, 0x0,
    0x0, 0xbf, 0xf0, 0x0, 0xf, 0xc0, 0x0, 0xf,
    0xef, 0x80, 0x0, 0xfc, 0x0, 0x1, 0xf8, 0xfe,
    0x0, 0xf, 0xc0, 0x0, 0x3f, 0x3, 0xd0, 0x0,
    0xfc, 0x0, 0xb, 0xe0, 0x4, 0x0, 0xf, 0xc0,
    0x1, 0xfc, 0x0, 0x2, 0xff, 0xfc, 0x0, 0x2f,
    0x40, 0x0, 0x1f, 0xff, 0x80, 0x0, 0xa0, 0x0,
    0x0, 0xff, 0xe0, 0x0, 0x0, 0x0, 0x0, 0x0,
    0x0, 0x0, 0x0,

    /* U+7136 "然" */
    0x0, 0x0, 0x0, 0x0, 0x0, 0x0, 0x0, 0x0,
    0xf8, 0x0, 0x2, 0x91, 0x0, 0x0, 0xf, 0x80,
    0x0, 0x3e, 0xbc, 0x0, 0x2, 0xfe, 0xa9, 0x3,
    0xe7, 0xe0, 0x0, 0x3f, 0xff, 0xf0, 0x3e, 0x2f,
    0x40, 0xb, 0xea, 0xbe, 0x3, 0xe0, 0xd0, 0x1,
    0xf8, 0x7, 0xfa, 0xbf, 0xaa, 0x40, 0x3f, 0x7d,
    0xff, 0xff, 0xff, 0xf8, 0xf, 0xd7, 0xff, 0xaf,
    0xff, 0xff, 0x83, 0xf8, 0xb, 0xf4, 0x7, 0xf0,
    0x0, 0x2e, 0x74, 0x3f, 0x0, 0xbf, 0x0, 0x0,
    0x4f, 0xef, 0xd0, 0xf, 0xf8, 0x0, 0x0, 0x2f,
    0xf8, 0x1, 0xff, 0xc0, 0x0, 0x0, 0xff, 0x0,
    0x3f, 0xbe, 0x0, 0x0, 0x3f, 0xc0, 0xf, 0xe3,
    0xf4, 0x0, 0x1f, 0xf0, 0x3, 0xfc, 0xf, 0xd0,
    0xf, 0xfc, 0x1, 0xff, 0x0, 0xbf, 0x80, 0xbe,
    0x0, 0x7f, 0xc0, 0x2, 0xf4, 0x2, 0x0, 0x1,
    0xe0, 0x0, 0x6, 0x0, 0x9, 0x0, 0x0, 0x0,
    0x7, 0x0, 0x2, 0xf4, 0x3d, 0xf, 0xc1, 0xfc,
    0x0, 0x3f, 0x3, 0xe0, 0xbc, 0xf, 0xd0, 0xb,
    0xd0, 0x3e, 0x7, 0xe0, 0x3f, 0x1, 0xfc, 0x3,
    0xf0, 0x3f, 0x2, 0xf8, 0x2f, 0x0, 0x3e, 0x3,
    0xe0, 0xf, 0x80, 0x0, 0x0, 0x0, 0x0, 0x0,
    0x0,

    /* U+7238 "爸" */
    0x0, 0x0, 0x90, 0x0, 0x50, 0x0, 0x0, 0x0,
    0x2f, 0xc0, 0x2f, 0xd0, 0x0, 0x0, 0xf, 0xf0,
    0x0, 0xff, 0x80, 0x0, 0xb, 0xfd, 0x0, 0x7,
    0xff, 0x40, 0xb, 0xff, 0xf8, 0x1, 0xff, 0xfe,
    0x0, 0xff, 0x4f, 0xf4, 0xff, 0x8b, 0xf0, 0x3,
    0x80, 0x2f, 0xff, 0xd0, 0x18, 0x0, 0x0, 0x1,
    0xff, 0xf8, 0x0, 0x0, 0x0, 0x6, 0xff, 0xff,
    0xfd, 0x0, 0x0, 0x5f, 0xff, 0xe0, 0x7f, 0xff,
    0x90, 0x3f, 0xff, 0xd0, 0x0, 0x6f, 0xff, 0x81,
    0xff, 0xd5, 0x55, 0x55, 0x6f, 0xf0, 0x5, 0x7f,
    0xff, 0xff, 0xff, 0xe0, 0x0, 0x7, 0xff, 0xff,
    0xff, 0xfe, 0x0, 0x0, 0x7d, 0x0, 0xf8, 0x3,
    0xe0, 0x0, 0x7, 0xd0, 0xf, 0x80, 0x3e, 0x0,
    0x0, 0x7f, 0xff, 0xff, 0xff, 0xe0, 0x0, 0x7,
    0xff, 0xff, 0xff, 0xfe, 0x0, 0x0, 0x7e, 0x55,
    0x55, 0x55, 0x40, 0x0, 0x7, 0xd0, 0x0, 0x0,
    0x0, 0xa4, 0x0, 0x7d, 0x0, 0x0, 0x0, 0xf,
    0xc0, 0x7, 0xf9, 0x55, 0x55, 0x5b, 0xf8, 0x0,
    0x3f, 0xff, 0xff, 0xff, 0xff, 0x40, 0x0, 0xbf,
    0xff, 0xff, 0xff, 0x90,

    /* U+7269 "物" */
    0x0, 0x0, 0x0, 0x0, 0x0, 0x0, 0x0, 0xb,
    0xc0, 0xb, 0x80, 0x0, 0x0, 0x52, 0xf0, 0x3,
    0xf0, 0x0, 0x0, 0x3d, 0xbc, 0x0, 0xf8, 0x0,
    0x0, 0xf, 0x6f, 0x0, 0x7c, 0x0, 0x0, 0x3,
    0xcb, 0xc0, 0x3f, 0xff, 0xff, 0xf1, 0xff, 0xff,
    0x4f, 0xff, 0xff, 0xfc, 0xbf, 0xff, 0xdb, 0xef,
    0xef, 0xff, 0x2f, 0xbf, 0xa7, 0xe2, 0xf2, 0xef,
    0xcf, 0x4b, 0xc3, 0xf0, 0xf4, 0xf7, 0xf7, 0xc2,
    0xf2, 0xf8, 0x7c, 0x3c, 0xf8, 0xb0, 0xbc, 0x3c,
    0x3e, 0x2f, 0x3e, 0x0, 0x2f, 0x4, 0x1f, 0x4f,
    0x8f, 0x80, 0xb, 0xff, 0xf, 0xc3, 0xd3, 0xe0,
    0x1f, 0xff, 0xc7, 0xd2, 0xf0, 0xf8, 0xff, 0xff,
    0x43, 0xf0, 0xf8, 0x3d, 0x3f, 0xff, 0x3, 0xf0,
    0xbc, 0x1f, 0x4a, 0x4b, 0xc3, 0xf4, 0x3f, 0x7,
    0xd0, 0x2, 0xf0, 0x38, 0x2f, 0x42, 0xf0, 0x0,
    0xbc, 0x0, 0x1f, 0x80, 0xbc, 0x0, 0x2f, 0x0,
    0xf, 0xc0, 0x3f, 0x0, 0xb, 0xc0, 0xf, 0xd0,
    0xf, 0x80, 0x2, 0xf0, 0xf, 0xe1, 0xaf, 0xd0,
    0x0, 0xbc, 0x3, 0xf0, 0x7f, 0xf0, 0x0, 0x2f,
    0x0, 0x10, 0xf, 0xe0, 0x0, 0x0, 0x0, 0x0,
    0x0, 0x0, 0x0,

    /* U+738B "王" */
    0x1a, 0xaa, 0xaa, 0xaa, 0xaa, 0xa0, 0x2f, 0xff,
    0xff, 0xff, 0xff, 0xf4, 0x2f, 0xff, 0xff, 0xff,
    0xff, 0xf4, 0x0, 0x0, 0xf, 0xd0, 0x0, 0x0,
    0x0, 0x0, 0xb, 0xc0, 0x0, 0x0, 0x0, 0x0,
    0xb, 0xc0, 0x0, 0x0, 0x0, 0x0, 0xb, 0xc0,
    0x0, 0x0, 0x0, 0x0, 0xb, 0xc0, 0x0, 0x0,
    0x0, 0x0, 0xb, 0xc0, 0x0, 0x0, 0x6, 0xaa,
    0xaf, 0xea, 0xaa, 0x80, 0xb, 0xff, 0xff, 0xff,
    0xff, 0xd0, 0xb, 0xff, 0xff, 0xff, 0xff, 0xd0,
    0x0, 0x0, 0xf, 0xd0, 0x0, 0x0, 0x0, 0x0,
    0xb, 0xc0, 0x0, 0x0, 0x0, 0x0, 0xb, 0xc0,
    0x0, 0x0, 0x0, 0x0, 0xb, 0xc0, 0x0, 0x0,
    0x0, 0x0, 0xb, 0xc0, 0x0, 0x0, 0x0, 0x0,
    0xb, 0xc0, 0x0, 0x0, 0x0, 0x0, 0xb, 0xc0,
    0x0, 0x0, 0xaa, 0xaa, 0xaf, 0xfa, 0xaa, 0xa9,
    0xff, 0xff, 0xff, 0xff, 0xff, 0xfe, 0xff, 0xff,
    0xff, 0xff, 0xff, 0xfe, 0x0, 0x0, 0x0, 0x0,
    0x0, 0x0,

    /* U+73AF "环" */
    0x1a, 0xaa, 0x86, 0xaa, 0xaa, 0xaa, 0x83, 0xff,
    0xfc, 0xbf, 0xff, 0xff, 0xfc, 0x3f, 0xff, 0xcb,
    0xff, 0xff, 0xff, 0xc0, 0xf, 0x80, 0x0, 0xf,
    0xd0, 0x0, 0x0, 0xf8, 0x0, 0x0, 0xfc, 0x0,
    0x0, 0xf, 0x80, 0x0, 0x2f, 0x80, 0x0, 0x0,
    0xf8, 0x0, 0x3, 0xf4, 0x0, 0x0, 0xf, 0x80,
    0x0, 0xbf, 0x60, 0x0, 0x2f, 0xff, 0x80, 0x1f,
    0xff, 0xc0, 0x2, 0xff, 0xf8, 0x3, 0xff, 0xbf,
    0x0, 0x1a, 0xfe, 0x40, 0xbf, 0xf6, 0xf8, 0x0,
    0xf, 0x80, 0x1f, 0xef, 0x4f, 0xd0, 0x0, 0xf8,
    0x7, 0xf6, 0xf4, 0x3f, 0x0, 0xf, 0x81, 0xfe,
    0x2f, 0x41, 0xfc, 0x0, 0xf8, 0xf, 0xc2, 0xf4,
    0xf, 0x40, 0xf, 0x98, 0x20, 0x2f, 0x40, 0x0,
    0x0, 0xff, 0xc0, 0x2, 0xf4, 0x0, 0x1, 0xbf,
    0xfc, 0x0, 0x2f, 0x40, 0x0, 0x3f, 0xf9, 0x0,
    0x2, 0xf4, 0x0, 0x2, 0xe4, 0x0, 0x0, 0x2f,
    0x40, 0x0, 0x0, 0x0, 0x0, 0x2, 0xf4, 0x0,
    0x0, 0x0, 0x0, 0x0, 0x2f, 0x40, 0x0, 0x0,
    0x0, 0x0, 0x2, 0xf4, 0x0, 0x0,

    /* U+73C0 "珀" */
    0x0, 0x0, 0x0, 0x2, 0xf8, 0x0, 0x5, 0x55,
    0x50, 0x0, 0xbe, 0x0, 0x3, 0xff, 0xfd, 0x0,
    0x3f, 0x0, 0x0, 0xff, 0xff, 0x40, 0xf, 0xc0,
    0x0, 0x0, 0xf8, 0x6, 0xaf, 0xfa, 0xaa, 0x0,
    0x3e, 0x2, 0xff, 0xff, 0xff, 0xc0, 0xf, 0x80,
    0xbf, 0xff, 0xff, 0xf0, 0x3, 0xe0, 0x2f, 0x0,
    0x0, 0xfc, 0x0, 0xf8, 0xb, 0xc0, 0x0, 0x3f,
    0xf, 0xff, 0xf2, 0xf0, 0x0, 0xf, 0xc3, 0xff,
    0xfc, 0xbc, 0x0, 0x3, 0xf0, 0x6b, 0xfa, 0x2f,
    0x0, 0x0, 0xfc, 0x0, 0xf8, 0xb, 0xea, 0xaa,
    0xbf, 0x0, 0x3e, 0x2, 0xff, 0xff, 0xff, 0xc0,
    0xf, 0x80, 0xbf, 0xff, 0xff, 0xf0, 0x3, 0xe0,
    0x2f, 0x0, 0x0, 0xfc, 0x0, 0xf8, 0x4b, 0xc0,
    0x0, 0x3f, 0x0, 0x3f, 0xf6, 0xf0, 0x0, 0xf,
    0xc1, 0xbf, 0xfe, 0xbc, 0x0, 0x3, 0xf0, 0xff,
    0xf9, 0x2f, 0x0, 0x0, 0xfc, 0x3f, 0x90, 0xb,
    0xff, 0xff, 0xff, 0x5, 0x0, 0x2, 0xff, 0xff,
    0xff, 0xc0, 0x0, 0x0, 0xbf, 0xaa, 0xab, 0xf0,
    0x0, 0x0, 0x2f, 0x0, 0x0, 0xfc, 0x0, 0x0,
    0x0, 0x0, 0x0, 0x0, 0x0,

    /* U+73ED "班" */
    0x0, 0x0, 0x0, 0x0, 0x0, 0x0, 0x0, 0x0,
    0x0, 0x2, 0xf0, 0x0, 0x0, 0x15, 0x55, 0x0,
    0x2f, 0x55, 0x55, 0x43, 0xff, 0xf8, 0x2, 0xfb,
    0xff, 0xf8, 0x3f, 0xff, 0x80, 0x2f, 0xbf, 0xff,
    0x80, 0x2f, 0x0, 0x2, 0xf0, 0x3f, 0x0, 0x1,
    0xf0, 0x19, 0x2f, 0x3, 0xe0, 0x0, 0x1f, 0x2,
    0xe2, 0xf0, 0x3e, 0x0, 0x1, 0xf0, 0x2d, 0x2f,
    0x3, 0xe0, 0x0, 0x1f, 0x3, 0xd2, 0xf0, 0x3e,
    0x0, 0x1, 0xf0, 0x3d, 0x2f, 0x3, 0xe0, 0x2,
    0xff, 0xf3, 0xd2, 0xf0, 0x3f, 0x0, 0x2f, 0xff,
    0x7c, 0x2f, 0x7f, 0xff, 0x41, 0xbf, 0xa7, 0xc2,
    0xf7, 0xff, 0xf4, 0x1, 0xf0, 0xbc, 0x2f, 0x17,
    0xf5, 0x0, 0x1f, 0x7, 0x83, 0xf0, 0x3e, 0x0,
    0x1, 0xf0, 0x0, 0x3e, 0x3, 0xe0, 0x0, 0x1f,
    0x0, 0x3, 0xd0, 0x3e, 0x0, 0x1, 0xf0, 0x0,
    0x7c, 0x3, 0xe0, 0x0, 0x1f, 0xb8, 0xf, 0xc0,
    0x3e, 0x0, 0x2f, 0xff, 0x82, 0xf8, 0x3, 0xe0,
    0x7, 0xff, 0xe4, 0x7f, 0x0, 0x3f, 0x0, 0x3e,
    0x40, 0x1f, 0xd7, 0xff, 0xff, 0xc0, 0x0, 0x7,
    0xf4, 0x7f, 0xff, 0xfc, 0x0, 0x0, 0x2c, 0x1,
    0x55, 0x55, 0x40, 0x0, 0x0, 0x0, 0x0, 0x0,
    0x0,

    /* U+7406 "理" */
    0x2a, 0xaa, 0x97, 0xff, 0xff, 0xff, 0x3, 0xff,
    0xfd, 0x7f, 0xff, 0xff, 0xf0, 0x3f, 0xff, 0xd7,
    0xd5, 0xf9, 0x6f, 0x0, 0xf, 0x80, 0x7c, 0xf,
    0x82, 0xf0, 0x0, 0xf8, 0x7, 0xc0, 0xf8, 0x2f,
    0x0, 0xf, 0x80, 0x7f, 0xff, 0xff, 0xf0, 0x0,
    0xf8, 0x7, 0xff, 0xff, 0xff, 0x0, 0xf, 0x80,
    0x7d, 0xf, 0x82, 0xf0, 0x2f, 0xff, 0xc7, 0xc0,
    0xf8, 0x2f, 0x3, 0xff, 0xfc, 0x7d, 0x5f, 0x96,
    0xf0, 0x1a, 0xfe, 0x87, 0xff, 0xff, 0xff, 0x0,
    0xf, 0x80, 0x7f, 0xff, 0xff, 0xf0, 0x0, 0xf8,
    0x0, 0x0, 0xfc, 0x0, 0x0, 0xf, 0x80, 0x0,
    0xf, 0xc0, 0x0, 0x0, 0xf8, 0x5, 0x56, 0xfd,
    0x55, 0x0, 0xf, 0x84, 0xbf, 0xff, 0xff, 0xf4,
    0x0, 0xff, 0xdb, 0xff, 0xff, 0xff, 0x41, 0xbf,
    0xfe, 0x0, 0xf, 0xc0, 0x0, 0x3f, 0xfe, 0x40,
    0x0, 0xfc, 0x0, 0x3, 0xf9, 0x0, 0x0, 0xf,
    0xc0, 0x0, 0x24, 0x0, 0xbf, 0xff, 0xff, 0xff,
    0xd0, 0x0, 0xb, 0xff, 0xff, 0xff, 0xfd, 0x0,
    0x0, 0x15, 0x55, 0x55, 0x55, 0x40,

    /* U+751F "生" */
    0x0, 0x10, 0x3, 0xe0, 0x0, 0x0, 0x0, 0x7e,
    0x3, 0xe0, 0x0, 0x0, 0x0, 0xfd, 0x3, 0xe0,
    0x0, 0x0, 0x0, 0xfc, 0x3, 0xe0, 0x0, 0x0,
    0x2, 0xf8, 0x3, 0xf0, 0x0, 0x0, 0x3, 0xff,
    0xff, 0xff, 0xff, 0xf8, 0xb, 0xff, 0xff, 0xff,
    0xff, 0xf8, 0xf, 0xea, 0xaf, 0xfa, 0xaa, 0xa4,
    0x2f, 0x80, 0x3, 0xe0, 0x0, 0x0, 0xbf, 0x0,
    0x3, 0xe0, 0x0, 0x0, 0x2d, 0x0, 0x3, 0xe0,
    0x0, 0x0, 0x0, 0x0, 0x3, 0xe0, 0x0, 0x0,
    0x1, 0xaa, 0xab, 0xfa, 0xaa, 0x90, 0x1, 0xff,
    0xff, 0xff, 0xff, 0xe0, 0x1, 0xff, 0xff, 0xff,
    0xff, 0xe0, 0x0, 0x0, 0x3, 0xf0, 0x0, 0x0,
    0x0, 0x0, 0x3, 0xe0, 0x0, 0x0, 0x0, 0x0,
    0x3, 0xe0, 0x0, 0x0, 0x0, 0x0, 0x3, 0xe0,
    0x0, 0x0, 0x0, 0x0, 0x3, 0xe0, 0x0, 0x0,
    0x15, 0x55, 0x57, 0xf5, 0x55, 0x55, 0x7f, 0xff,
    0xff, 0xff, 0xff, 0xff, 0x7f, 0xff, 0xff, 0xff,
    0xff, 0xff, 0x15, 0x55, 0x55, 0x55, 0x55, 0x55,

    /* U+7528 "用" */
    0x0, 0x0, 0x0, 0x0, 0x0, 0x0, 0x7, 0xff,
    0xff, 0xff, 0xff, 0xf0, 0x1f, 0xff, 0xff, 0xff,
    0xff, 0xc0, 0x7e, 0xaa, 0xbf, 0xaa, 0xbf, 0x1,
    0xf4, 0x0, 0xf8, 0x0, 0xfc, 0x7, 0xd0, 0x3,
    0xe0, 0x3, 0xf0, 0x1f, 0x40, 0xf, 0x80, 0xf,
    0xc0, 0x7f, 0xff, 0xff, 0xff, 0xff, 0x1, 0xff,
    0xff, 0xff, 0xff, 0xfc, 0x7, 0xea, 0xab, 0xfa,
    0xab, 0xf0, 0x1f, 0x40, 0xf, 0x80, 0xf, 0xc0,
    0x7d, 0x0, 0x3e, 0x0, 0x3f, 0x2, 0xf4, 0x0,
    0xf8, 0x0, 0xfc, 0xb, 0xff, 0xff, 0xff, 0xff,
    0xf0, 0x2f, 0xff, 0xff, 0xff, 0xff, 0xc0, 0xfe,
    0xaa, 0xbf, 0xaa, 0xbf, 0x3, 0xf0, 0x0, 0xf8,
    0x0, 0xfc, 0x1f, 0x80, 0x3, 0xe0, 0x3, 0xf0,
    0xbd, 0x0, 0xf, 0x80, 0xf, 0xc3, 0xf0, 0x0,
    0x3e, 0x0, 0x3f, 0x2f, 0x80, 0x0, 0xf8, 0xaa,
    0xfd, 0xfc, 0x0, 0x3, 0xe2, 0xff, 0xe1, 0xd0,
    0x0, 0xf, 0x87, 0xfe, 0x0, 0x0, 0x0, 0x0,
    0x0, 0x0,

    /* U+767B "登" */
    0x0, 0x0, 0x0, 0x1a, 0x1, 0x40, 0x0, 0x7f,
    0xff, 0xf6, 0xf0, 0x7e, 0x0, 0x7, 0xff, 0xff,
    0x4f, 0xaf, 0xc0, 0x0, 0x0, 0x7, 0xf0, 0xbf,
    0xe0, 0x50, 0x2, 0x80, 0xbd, 0x3, 0xf8, 0x1f,
    0x40, 0x7f, 0x1f, 0xc0, 0x1f, 0xcb, 0xf0, 0x1,
    0xff, 0xf0, 0x0, 0xbf, 0xf8, 0x0, 0x3, 0xff,
    0xff, 0xff, 0xfe, 0x0, 0x0, 0xbf, 0xff, 0xff,
    0xff, 0xf4, 0x0, 0x3f, 0xd1, 0x55, 0x55, 0x3f,
    0xf4, 0x2f, 0xf0, 0x0, 0x0, 0x0, 0xbf, 0xd2,
    0xfb, 0xff, 0xff, 0xff, 0xf9, 0xf8, 0x8, 0x3f,
    0xff, 0xff, 0xff, 0xc1, 0x0, 0x3, 0xf5, 0x55,
    0x55, 0xfc, 0x0, 0x0, 0x3f, 0x0, 0x0, 0x1f,
    0xc0, 0x0, 0x3, 0xf0, 0x0, 0x1, 0xfc, 0x0,
    0x0, 0x3f, 0xff, 0xff, 0xff, 0xc0, 0x0, 0x3,
    0xff, 0xff, 0xff, 0xfc, 0x0, 0x0, 0x1, 0xf0,
    0x0, 0xb8, 0x0, 0x0, 0x0, 0x2f, 0x80, 0xf,
    0x80, 0x0, 0x0, 0x0, 0xf8, 0x2, 0xf0, 0x0,
    0x0, 0xff, 0xff, 0xff, 0xff, 0xff, 0xf8, 0x1f,
    0xff, 0xff, 0xff, 0xff, 0xff, 0x80, 0x55, 0x55,
    0x55, 0x55, 0x55, 0x54,

    /* U+767D "白" */
    0x0, 0x0, 0x0, 0x0, 0x0, 0x0, 0x0, 0xf9,
    0x0, 0x0, 0x0, 0x1, 0xfc, 0x0, 0x0, 0x0,
    0x2, 0xfc, 0x0, 0x0, 0x0, 0x3, 0xf4, 0x0,
    0x0, 0xbf, 0xff, 0xff, 0xff, 0xfe, 0xbf, 0xff,
    0xff, 0xff, 0xfe, 0xbf, 0xff, 0xff, 0xff, 0xfe,
    0xbc, 0x0, 0x0, 0x0, 0x3e, 0xbc, 0x0, 0x0,
    0x0, 0x3e, 0xbc, 0x0, 0x0, 0x0, 0x3e, 0xbc,
    0x0, 0x0, 0x0, 0x3e, 0xbc, 0x0, 0x0, 0x0,
    0x7e, 0xbf, 0xff, 0xff, 0xff, 0xfe, 0xbf, 0xff,
    0xff, 0xff, 0xfe, 0xbe, 0xaa, 0xaa, 0xaa, 0xfe,
    0xbc, 0x0, 0x0, 0x0, 0x3e, 0xbc, 0x0, 0x0,
    0x0, 0x3e, 0xbc, 0x0, 0x0, 0x0, 0x3e, 0xbc,
    0x0, 0x0, 0x0, 0x3e, 0xbd, 0x0, 0x0, 0x0,
    0x7e, 0xbf, 0xff, 0xff, 0xff, 0xfe, 0xbf, 0xff,
    0xff, 0xff, 0xfe, 0xbe, 0xaa, 0xaa, 0xaa, 0xfe,
    0xbc, 0x0, 0x0, 0x0, 0x3e, 0x0, 0x0, 0x0,
    0x0, 0x0,

    /* U+7684 "的" */
    0x0, 0x0, 0x0, 0x0, 0x0, 0x0, 0x3, 0xe0,
    0x0, 0xb8, 0x0, 0x0, 0x1f, 0x40, 0x3, 0xf0,
    0x0, 0x0, 0x7c, 0x0, 0x1f, 0x80, 0x0, 0x2,
    0xf0, 0x0, 0xbd, 0x0, 0x2, 0xff, 0xff, 0x83,
    0xff, 0xff, 0xef, 0xff, 0xfe, 0x2f, 0xff, 0xff,
    0xbf, 0xaa, 0xf8, 0xfd, 0x55, 0x7e, 0xfc, 0x3,
    0xeb, 0xe0, 0x0, 0xfb, 0xf0, 0xf, 0xff, 0x0,
    0x3, 0xef, 0xc0, 0x3f, 0xf4, 0x0, 0xf, 0x7f,
    0x0, 0xf8, 0x4b, 0x0, 0x3d, 0xff, 0xff, 0xe0,
    0x7e, 0x0, 0xf7, 0xff, 0xff, 0x80, 0xfd, 0x3,
    0xdf, 0xd5, 0x7e, 0x0, 0xfc, 0x1f, 0x7f, 0x0,
    0xf8, 0x2, 0xf8, 0x7d, 0xfc, 0x3, 0xe0, 0x3,
    0xf1, 0xf3, 0xf0, 0xf, 0x80, 0x7, 0x47, 0xcf,
    0xc0, 0x3e, 0x0, 0x0, 0x2f, 0x3f, 0x0, 0xf8,
    0x0, 0x0, 0xbc, 0xff, 0xff, 0xe0, 0x0, 0x3,
    0xf3, 0xff, 0xff, 0x80, 0x0, 0xf, 0x8f, 0xea,
    0xa9, 0x0, 0xaa, 0xfd, 0x3f, 0x0, 0x0, 0x3,
    0xff, 0xf0, 0x54, 0x0, 0x0, 0xb, 0xfe, 0x0,
    0x0, 0x0, 0x0, 0x0, 0x0, 0x0,

    /* U+770B "看" */
    0x0, 0x0, 0x0, 0x0, 0x5a, 0xe0, 0x0, 0xff,
    0xff, 0xff, 0xff, 0xfd, 0x0, 0x3f, 0xff, 0xff,
    0xff, 0xa5, 0x0, 0x1, 0x54, 0x7f, 0x0, 0x0,
    0x0, 0x0, 0x55, 0x6f, 0xd5, 0x55, 0x54, 0x0,
    0xff, 0xff, 0xff, 0xff, 0xff, 0x0, 0x3f, 0xff,
    0xff, 0xff, 0xff, 0xc0, 0x0, 0x2, 0xf8, 0x0,
    0x0, 0x0, 0x3f, 0xff, 0xff, 0xff, 0xff, 0xff,
    0x4f, 0xff, 0xff, 0xff, 0xff, 0xff, 0xd0, 0x0,
    0x7f, 0x40, 0x0, 0x0, 0x0, 0x0, 0x3f, 0x95,
    0x55, 0x55, 0x40, 0x0, 0x2f, 0xff, 0xff, 0xff,
    0xf0, 0x0, 0x1f, 0xff, 0xff, 0xff, 0xfc, 0x0,
    0x2f, 0xfd, 0x0, 0x0, 0x3f, 0x0, 0x2f, 0xff,
    0xff, 0xff, 0xff, 0xc0, 0x3f, 0xd7, 0xff, 0xff,
    0xff, 0xf0, 0xb, 0xc1, 0xf4, 0x0, 0x0, 0xbc,
    0x0, 0x80, 0x7f, 0xff, 0xff, 0xff, 0x0, 0x0,
    0x1f, 0xff, 0xff, 0xff, 0xc0, 0x0, 0x7, 0xd0,
    0x0, 0x2, 0xf0, 0x0, 0x1, 0xff, 0xff, 0xff,
    0xfc, 0x0, 0x0, 0x7f, 0xff, 0xff, 0xff, 0x0,
    0x0, 0x1f, 0x40, 0x0, 0xf, 0xc0,

    /* U+7720 "眠" */
    0x2a, 0xaa, 0x4f, 0xff, 0xff, 0xfc, 0x1f, 0xff,
    0xe3, 0xff, 0xff, 0xff, 0x7, 0xff, 0xf8, 0xfe,
    0xaa, 0xaf, 0xc1, 0xf0, 0x3e, 0x3e, 0x0, 0x3,
    0xf0, 0x7c, 0xf, 0x8f, 0x80, 0x0, 0xfc, 0x1f,
    0x43, 0xe3, 0xe5, 0x55, 0x7f, 0x7, 0xff, 0xf8,
    0xff, 0xff, 0xff, 0xc1, 0xff, 0xfe, 0x3f, 0xff,
    0xff, 0xf0, 0x7d, 0x1f, 0x8f, 0x80, 0xf8, 0x0,
    0x1f, 0x3, 0xe3, 0xe0, 0x3e, 0x0, 0x7, 0xc0,
    0xf8, 0xf8, 0xf, 0x80, 0x1, 0xfe, 0xbe, 0x3f,
    0xab, 0xfa, 0xa8, 0x7f, 0xff, 0x8f, 0xff, 0xff,
    0xff, 0x1f, 0xab, 0xe3, 0xff, 0xff, 0xff, 0x87,
    0xc0, 0xf8, 0xf8, 0xb, 0xc0, 0x1, 0xf0, 0x3e,
    0x3e, 0x1, 0xf4, 0x0, 0x7e, 0x5f, 0x8f, 0x80,
    0x3d, 0x0, 0x1f, 0xff, 0xe3, 0xe0, 0xf, 0x82,
    0x7, 0xff, 0xf8, 0xf8, 0x2, 0xf0, 0xf1, 0xf4,
    0x0, 0x3e, 0xbe, 0x7d, 0x3c, 0x7c, 0x0, 0x2f,
    0xff, 0x8f, 0xff, 0x0, 0x0, 0x1f, 0xff, 0x81,
    0xff, 0x80, 0x0, 0x2, 0xe4, 0x0, 0x1f, 0x80,
    0x0, 0x0, 0x0, 0x0, 0x0, 0x0,

    /* U+7761 "睡" */
    0x0, 0x0, 0x0, 0x0, 0x5, 0x90, 0xa, 0xaa,
    0x2, 0xab, 0xff, 0xfc, 0x3, 0xff, 0xd1, 0xff,
    0xff, 0xff, 0x40, 0xff, 0xf4, 0x3a, 0xaf, 0x80,
    0x0, 0x3c, 0x3d, 0x0, 0x3, 0xe0, 0x0, 0xf,
    0xf, 0x40, 0x0, 0xf8, 0x0, 0x3, 0xc3, 0xd3,
    0xff, 0xff, 0xff, 0xe0, 0xff, 0xf4, 0xff, 0xff,
    0xff, 0xf8, 0x3f, 0xfd, 0x1b, 0xdb, 0xf6, 0xf5,
    0xf, 0xf, 0x41, 0xf0, 0xf8, 0x7c, 0x3, 0xc3,
    0xd0, 0x7c, 0x3e, 0x2f, 0x0, 0xf0, 0xf6, 0xff,
    0xff, 0xff, 0xfc, 0x3f, 0xfd, 0xbf, 0xff, 0xff,
    0xff, 0xf, 0xff, 0x5a, 0xfa, 0xfe, 0xbe, 0x83,
    0xd7, 0xd0, 0x7c, 0x3e, 0x1f, 0x0, 0xf0, 0xf4,
    0x1f, 0xf, 0x87, 0xc0, 0x3c, 0x3d, 0x7f, 0xff,
    0xff, 0xfe, 0xf, 0x5f, 0x5f, 0xff, 0xff, 0xff,
    0x83, 0xff, 0xd2, 0xaa, 0xbf, 0xaa, 0x90, 0xff,
    0xf4, 0x0, 0xf, 0x80, 0x0, 0x3c, 0x0, 0x0,
    0x3, 0xe0, 0x0, 0xf, 0x0, 0x7, 0xff, 0xff,
    0xfe, 0x0, 0x0, 0x1, 0xff, 0xff, 0xff, 0xc0,
    0x0, 0x0, 0x2a, 0xaa, 0xaa, 0x90,

    /* U+77ED "短" */
    0x0, 0x0, 0x0, 0x0, 0x0, 0x0, 0x0, 0x39,
    0x0, 0x0, 0x0, 0x0, 0x0, 0x3, 0xd0, 0x1,
    0xff, 0xff, 0xff, 0x80, 0x7c, 0x0, 0x1f, 0xff,
    0xff, 0xf8, 0xb, 0xea, 0xa8, 0xaa, 0xaa, 0xaa,
    0x40, 0xff, 0xff, 0xc0, 0x0, 0x0, 0x0, 0xf,
    0xff, 0xfc, 0x0, 0x0, 0x0, 0x1, 0xf2, 0xf0,
    0xb, 0xff, 0xff, 0xf0, 0x3f, 0x2f, 0x0, 0xbf,
    0xff, 0xff, 0x1, 0xd2, 0xf0, 0xb, 0xd5, 0x57,
    0xf0, 0x0, 0x2f, 0x0, 0xbc, 0x0, 0x3f, 0x3,
    0xff, 0xff, 0xcb, 0xc0, 0x3, 0xf0, 0x3f, 0xff,
    0xfc, 0xbc, 0x0, 0x3f, 0x2, 0xab, 0xfa, 0x8b,
    0xff, 0xff, 0xf0, 0x0, 0x3e, 0x0, 0xbf, 0xff,
    0xff, 0x0, 0x3, 0xf0, 0x5, 0x55, 0x59, 0x50,
    0x0, 0x7f, 0x80, 0x19, 0x0, 0xb8, 0x0, 0xb,
    0xfd, 0x2, 0xf0, 0xf, 0xc0, 0x0, 0xff, 0xf0,
    0x1f, 0x40, 0xf8, 0x0, 0x1f, 0x5f, 0xc0, 0xf8,
    0x2f, 0x0, 0x3, 0xf0, 0xbc, 0xf, 0xc3, 0xf0,
    0x0, 0xbd, 0x3, 0x0, 0x64, 0x3d, 0x0, 0x2f,
    0xc0, 0x7, 0xff, 0xff, 0xff, 0xc2, 0xf0, 0x0,
    0x7f, 0xff, 0xff, 0xfc, 0x9, 0x0, 0x6, 0xaa,
    0xaa, 0xaa, 0x80,

    /* U+77EE "矮" */
    0x2, 0xa0, 0x0, 0x0, 0x0, 0x18, 0x0, 0x3f,
    0x0, 0x0, 0x5a, 0xff, 0xe0, 0x3, 0xe0, 0x3,
    0xff, 0xff, 0xfa, 0x0, 0x7f, 0xa9, 0x2f, 0xef,
    0xd0, 0x0, 0xb, 0xff, 0xd0, 0x0, 0xfc, 0x0,
    0x0, 0xff, 0xf9, 0xbf, 0xff, 0xff, 0xfc, 0x2f,
    0x3e, 0xb, 0xff, 0xff, 0xff, 0xc7, 0xf3, 0xe0,
    0x55, 0xbf, 0xfd, 0x54, 0x2c, 0x3e, 0x0, 0x1f,
    0xff, 0xe0, 0x0, 0x43, 0xe0, 0xb, 0xef, 0xef,
    0xc0, 0x2a, 0xbf, 0xab, 0xf8, 0xfc, 0xbf, 0x83,
    0xff, 0xff, 0xfe, 0xf, 0x81, 0xf8, 0x3f, 0xff,
    0xf3, 0x43, 0xe0, 0x2, 0x0, 0x7, 0xc0, 0x55,
    0xbe, 0x55, 0x54, 0x0, 0x7d, 0xf, 0xff, 0xff,
    0xff, 0xc0, 0xb, 0xf0, 0xff, 0xff, 0xff, 0xfc,
    0x0, 0xff, 0xc0, 0x7e, 0x1, 0xf8, 0x0, 0x1f,
    0xbe, 0xf, 0xd0, 0x3f, 0x0, 0x3, 0xf2, 0xf5,
    0xff, 0xef, 0xd0, 0x0, 0xbd, 0xf, 0x1, 0xff,
    0xfc, 0x0, 0x1f, 0xc0, 0x40, 0x3, 0xff, 0xf4,
    0x3, 0xf0, 0x0, 0x5b, 0xff, 0xbf, 0xf4, 0xd,
    0x0, 0xb, 0xff, 0x80, 0x7f, 0x80, 0x0, 0x0,
    0x3e, 0x40, 0x0, 0xa0, 0x0, 0x0, 0x0, 0x0,
    0x0, 0x0, 0x0,

    /* U+77F3 "石" */
    0x0, 0x0, 0x0, 0x0, 0x0, 0x0, 0x3, 0xff,
    0xff, 0xff, 0xff, 0xff, 0xe0, 0xff, 0xff, 0xff,
    0xff, 0xff, 0xf8, 0x2a, 0xab, 0xfe, 0xaa, 0xaa,
    0xa9, 0x0, 0x0, 0xbd, 0x0, 0x0, 0x0, 0x0,
    0x0, 0x3f, 0x0, 0x0, 0x0, 0x0, 0x0, 0x2f,
    0x80, 0x0, 0x0, 0x0, 0x0, 0xf, 0xc0, 0x0,
    0x0, 0x0, 0x0, 0xb, 0xe0, 0x0, 0x0, 0x0,
    0x0, 0x3, 0xfa, 0xaa, 0xaa, 0xaa, 0x0, 0x3,
    0xff, 0xff, 0xff, 0xff, 0xc0, 0x2, 0xff, 0xff,
    0xff, 0xff, 0xf0, 0x2, 0xff, 0xc0, 0x0, 0x0,
    0xfc, 0x2, 0xff, 0xf0, 0x0, 0x0, 0x3f, 0x2,
    0xfe, 0xfc, 0x0, 0x0, 0xf, 0xc0, 0xfe, 0x3f,
    0x0, 0x0, 0x3, 0xf0, 0xd, 0xf, 0xc0, 0x0,
    0x0, 0xfc, 0x0, 0x3, 0xf0, 0x0, 0x0, 0x3f,
    0x0, 0x0, 0xfc, 0x0, 0x0, 0xf, 0xc0, 0x0,
    0x3f, 0xff, 0xff, 0xff, 0xf0, 0x0, 0xf, 0xff,
    0xff, 0xff, 0xfc, 0x0, 0x3, 0xfa, 0xaa, 0xaa,
    0xbf, 0x0, 0x0, 0xfc, 0x0, 0x0, 0xf, 0xc0,
    0x0, 0x0, 0x0, 0x0, 0x0, 0x0,

    /* U+786E "确" */
    0x0, 0x0, 0x0, 0x0, 0x0, 0x0, 0x0, 0x0,
    0x0, 0xb, 0x80, 0x0, 0x3, 0xff, 0xff, 0x3,
    0xe0, 0x0, 0x0, 0xff, 0xff, 0xc2, 0xff, 0xff,
    0x40, 0x2a, 0xfe, 0xa0, 0xff, 0xff, 0xf0, 0x0,
    0x3d, 0x0, 0xbd, 0x57, 0xf4, 0x0, 0x1f, 0x0,
    0x7e, 0x1, 0xf8, 0x0, 0xb, 0xc0, 0x7f, 0x55,
    0xfd, 0x54, 0x3, 0xe0, 0x3f, 0xff, 0xff, 0xff,
    0x41, 0xf4, 0xb, 0xff, 0xff, 0xff, 0xd0, 0xbf,
    0xa9, 0x7f, 0xf, 0x81, 0xf4, 0x3f, 0xff, 0x4f,
    0xc3, 0xe0, 0x7d, 0x2f, 0xeb, 0xd3, 0xff, 0xff,
    0xff, 0x4f, 0xf0, 0xf4, 0xff, 0xff, 0xff, 0xd3,
    0xfc, 0x3d, 0x3f, 0xf, 0x82, 0xf4, 0xff, 0xf,
    0x4f, 0x83, 0xe0, 0x7d, 0x13, 0xc3, 0xd3, 0xf5,
    0xf9, 0x6f, 0x40, 0xf0, 0xf4, 0xff, 0xff, 0xff,
    0xd0, 0x3c, 0x3d, 0x3f, 0xff, 0xff, 0xf4, 0xf,
    0x9f, 0x5f, 0x43, 0xe0, 0x7d, 0x3, 0xff, 0xdb,
    0xc0, 0xf8, 0x1f, 0x40, 0xff, 0xf7, 0xf0, 0x3e,
    0x7, 0xd0, 0x3c, 0x1, 0xf4, 0xf, 0x96, 0xf4,
    0xf, 0x0, 0xfc, 0x3, 0xeb, 0xfc, 0x0, 0x0,
    0x1d, 0x0, 0x1, 0xfd, 0x0, 0x0, 0x0, 0x0,
    0x0, 0x0, 0x0,

    /* U+793A "示" */
    0x0, 0x0, 0x0, 0x0, 0x0, 0x0, 0x0, 0x3f,
    0xff, 0xff, 0xff, 0xfc, 0x0, 0xf, 0xff, 0xff,
    0xff, 0xff, 0x0, 0x2, 0xaa, 0xaa, 0xaa, 0xaa,
    0x80, 0x0, 0x0, 0x0, 0x0, 0x0, 0x0, 0x0,
    0x0, 0x0, 0x0, 0x0, 0x0, 0x0, 0x0, 0x0,
    0x0, 0x0, 0x0, 0x0, 0x7f, 0xff, 0xff, 0xff,
    0xff, 0xfd, 0x2f, 0xff, 0xff, 0xff, 0xff, 0xff,
    0x8b, 0xff, 0xff, 0xff, 0xff, 0xff, 0xe0, 0x0,
    0x0, 0x1f, 0x80, 0x0, 0x0, 0x0, 0x0, 0x7,
    0xe0, 0x0, 0x0, 0x0, 0x3e, 0x1, 0xf8, 0x7,
    0x80, 0x0, 0x1f, 0xc0, 0x7e, 0x3, 0xf4, 0x0,
    0xf, 0xe0, 0x1f, 0x80, 0x7f, 0x0, 0x7, 0xf0,
    0x7, 0xe0, 0xf, 0xe0, 0x3, 0xf4, 0x1, 0xf8,
    0x0, 0xfc, 0x3, 0xf8, 0x0, 0x7e, 0x0, 0x2f,
    0x83, 0xfc, 0x0, 0x1f, 0x80, 0x3, 0xf0, 0x7d,
    0x0, 0x7, 0xe0, 0x0, 0xbd, 0x1, 0x2, 0xff,
    0xf8, 0x0, 0x4, 0x0, 0x0, 0x7f, 0xfd, 0x0,
    0x0, 0x0, 0x0, 0xf, 0xf9, 0x0, 0x0, 0x0,

    /* U+7968 "票" */
    0x0, 0x0, 0x0, 0x0, 0x0, 0x0, 0xbf, 0xff,
    0xff, 0xff, 0xff, 0xfc, 0xbf, 0xff, 0xff, 0xff,
    0xff, 0xfc, 0x0, 0x2, 0xf0, 0x2f, 0x0, 0x0,
    0x0, 0x2, 0xf0, 0x2f, 0x0, 0x0, 0xf, 0xff,
    0xff, 0xff, 0xff, 0xf0, 0xf, 0xff, 0xff, 0xff,
    0xff, 0xf0, 0xf, 0x82, 0xf0, 0x2f, 0x3, 0xf0,
    0xf, 0x82, 0xf0, 0x2f, 0x3, 0xf0, 0xf, 0xff,
    0xff, 0xff, 0xff, 0xf0, 0xf, 0xff, 0xff, 0xff,
    0xff, 0xf0, 0x0, 0x0, 0x0, 0x0, 0x0, 0x0,
    0x2, 0xff, 0xff, 0xff, 0xff, 0x80, 0x2, 0xff,
    0xff, 0xff, 0xff, 0x80, 0x0, 0x0, 0x0, 0x0,
    0x0, 0x0, 0x55, 0x55, 0x55, 0x55, 0x55, 0x55,
    0xbf, 0xff, 0xff, 0xff, 0xff, 0xff, 0xbf, 0xff,
    0xff, 0xff, 0xff, 0xfe, 0x0, 0x28, 0xb, 0xd0,
    0x20, 0x0, 0x0, 0xfd, 0xb, 0xd1, 0xfe, 0x0,
    0x7, 0xf4, 0xb, 0xd0, 0x3f, 0xd0, 0x3f, 0xd1,
    0x5f, 0xd0, 0x7, 0xfc, 0x7f, 0x1, 0xff, 0xc0,
    0x0, 0xf8, 0x8, 0x0, 0xff, 0x40, 0x0, 0x10,
    0x0, 0x0, 0x0, 0x0, 0x0, 0x0,

    /* U+79BB "离" */
    0x0, 0x0, 0x0, 0x0, 0x0, 0x0, 0x0, 0x0,
    0xb, 0xc0, 0x0, 0x0, 0x0, 0x0, 0xb, 0xd0,
    0x0, 0x0, 0x3f, 0xff, 0xff, 0xff, 0xff, 0xfe,
    0x3f, 0xff, 0xff, 0xff, 0xff, 0xff, 0x15, 0x55,
    0x95, 0x55, 0x55, 0x55, 0x0, 0xa0, 0xf4, 0x7,
    0x86, 0x80, 0x1, 0xf0, 0xbf, 0xbf, 0xb, 0xc0,
    0x1, 0xf0, 0xf, 0xfc, 0xb, 0xc0, 0x1, 0xf0,
    0x7f, 0xbf, 0x4b, 0xc0, 0x1, 0xf2, 0xf8, 0xb,
    0xcb, 0xc0, 0x1, 0xf5, 0xd5, 0x55, 0x9b, 0xc0,
    0x1, 0xff, 0xff, 0xff, 0xff, 0xc0, 0x1, 0xff,
    0xff, 0xff, 0xff, 0xc0, 0x0, 0x0, 0xb, 0xd0,
    0x0, 0x0, 0xf, 0xff, 0xff, 0xff, 0xff, 0xfc,
    0xf, 0xff, 0xff, 0xff, 0xff, 0xfc, 0xf, 0x95,
    0xbe, 0x5b, 0x55, 0xfc, 0xf, 0x80, 0xfc, 0xf,
    0xc0, 0xfc, 0xf, 0x82, 0xf5, 0x5b, 0xe0, 0xfc,
    0xf, 0x8b, 0xff, 0xff, 0xf4, 0xfc, 0xf, 0x8b,
    0xff, 0xa5, 0xb4, 0xfc, 0xf, 0x81, 0x0, 0x0,
    0x0, 0xfc, 0xf, 0x80, 0x0, 0x0, 0xbf, 0xf8,
    0xf, 0x80, 0x0, 0x0, 0x3f, 0xe0, 0x0, 0x0,
    0x0, 0x0, 0x0, 0x0,

    /* U+79DF "租" */
    0x0, 0x0, 0x60, 0x0, 0x0, 0x0, 0x0, 0x6,
    0xff, 0x46, 0xaa, 0xaa, 0x80, 0x2f, 0xff, 0xf8,
    0xbf, 0xff, 0xfc, 0x1, 0xff, 0xf4, 0xb, 0xff,
    0xff, 0xc0, 0x5, 0x3e, 0x0, 0xbc, 0x0, 0xfc,
    0x0, 0x3, 0xe0, 0xb, 0xc0, 0xf, 0xc0, 0x0,
    0x3e, 0x0, 0xbc, 0x0, 0xfc, 0x3, 0xff, 0xff,
    0xcb, 0xd5, 0x5f, 0xc0, 0x3f, 0xff, 0xfc, 0xbf,
    0xff, 0xfc, 0x2, 0xaf, 0xfa, 0x8b, 0xff, 0xff,
    0xc0, 0x0, 0xbf, 0x0, 0xbc, 0x0, 0xfc, 0x0,
    0xf, 0xfc, 0xb, 0xc0, 0xf, 0xc0, 0x2, 0xff,
    0xe0, 0xbc, 0x0, 0xfc, 0x0, 0x3f, 0xff, 0x4b,
    0xc0, 0xf, 0xc0, 0xb, 0xfe, 0xbc, 0xbf, 0xff,
    0xfc, 0x0, 0xf7, 0xe3, 0x4b, 0xff, 0xff, 0xc0,
    0x3f, 0x3e, 0x0, 0xbe, 0xaa, 0xfc, 0x3, 0xd3,
    0xe0, 0xb, 0xc0, 0xf, 0xc0, 0x2c, 0x3e, 0x0,
    0xbc, 0x0, 0xfc, 0x0, 0x3, 0xe0, 0xb, 0xc0,
    0xf, 0xc0, 0x0, 0x3e, 0x0, 0xfc, 0x0, 0xfc,
    0x0, 0x3, 0xe0, 0xff, 0xff, 0xff, 0xfc, 0x0,
    0x3e, 0xf, 0xff, 0xff, 0xff, 0xc0, 0x3, 0xe0,
    0x55, 0x55, 0x55, 0x54,

    /* U+7A0B "程" */
    0x0, 0x0, 0x40, 0x0, 0x0, 0x0, 0x0, 0x6,
    0xff, 0xf, 0xff, 0xff, 0xf0, 0x2f, 0xff, 0xf4,
    0xff, 0xff, 0xff, 0x2, 0xff, 0xf0, 0xf, 0x95,
    0x57, 0xf0, 0x5, 0x3e, 0x0, 0xf8, 0x0, 0x3f,
    0x0, 0x3, 0xe0, 0xf, 0x80, 0x3, 0xf0, 0x0,
    0x3e, 0x0, 0xf8, 0x0, 0x3f, 0x2, 0xab, 0xfa,
    0x4f, 0xea, 0xab, 0xf0, 0x3f, 0xff, 0xf8, 0xff,
    0xff, 0xff, 0x3, 0xff, 0xff, 0x8a, 0xaa, 0xaa,
    0xa0, 0x0, 0xbe, 0x0, 0x0, 0x0, 0x0, 0x0,
    0xf, 0xf0, 0x15, 0x55, 0x55, 0x50, 0x2, 0xff,
    0xc3, 0xff, 0xff, 0xff, 0x40, 0x3f, 0xff, 0x3f,
    0xff, 0xff, 0xf4, 0xb, 0xfe, 0xfc, 0x0, 0xbc,
    0x0, 0x0, 0xf7, 0xe3, 0x0, 0xb, 0xc0, 0x0,
    0x3f, 0x3e, 0x1, 0xff, 0xff, 0xff, 0x3, 0xd3,
    0xe0, 0x1f, 0xff, 0xff, 0xf0, 0x2c, 0x3e, 0x0,
    0x55, 0xfd, 0x55, 0x0, 0x3, 0xe0, 0x0, 0xb,
    0xc0, 0x0, 0x0, 0x3e, 0x0, 0x0, 0xbc, 0x0,
    0x0, 0x3, 0xe0, 0xaa, 0xaf, 0xea, 0xa8, 0x0,
    0x3e, 0xf, 0xff, 0xff, 0xff, 0xc0, 0x3, 0xe0,
    0xaa, 0xaa, 0xaa, 0xa8,

    /* U+7A7A "空" */
    0x0, 0x0, 0x0, 0x0, 0x0, 0x0, 0x0, 0x0,
    0xb, 0xd0, 0x0, 0x0, 0x0, 0x0, 0xb, 0xf0,
    0x0, 0x0, 0x0, 0x0, 0x3, 0xf4, 0x0, 0x0,
    0x3f, 0xff, 0xff, 0xff, 0xff, 0xff, 0x3f, 0xff,
    0xff, 0xff, 0xff, 0xff, 0x3f, 0xaa, 0xaa, 0xaa,
    0xaa, 0xbf, 0x3e, 0x0, 0x0, 0x0, 0x0, 0x3f,
    0x3e, 0x0, 0xf0, 0x7, 0xd0, 0x3f, 0x3e, 0xb,
    0xfc, 0xf, 0xfd, 0x2a, 0x1, 0xbf, 0xe0, 0x1,
    0xff, 0xd0, 0x1b, 0xff, 0x40, 0x0, 0x1f, 0xfc,
    0x1f, 0xf4, 0x0, 0x0, 0x2, 0xfc, 0xb, 0x95,
    0x55, 0x55, 0x55, 0x60, 0x0, 0xbf, 0xff, 0xff,
    0xff, 0x80, 0x0, 0xbf, 0xff, 0xff, 0xff, 0x80,
    0x0, 0x0, 0x7, 0xf0, 0x0, 0x0, 0x0, 0x0,
    0x3, 0xf0, 0x0, 0x0, 0x0, 0x0, 0x3, 0xf0,
    0x0, 0x0, 0x0, 0x0, 0x3, 0xf0, 0x0, 0x0,
    0x0, 0x0, 0x3, 0xf0, 0x0, 0x0, 0x0, 0x0,
    0x7, 0xf0, 0x0, 0x0, 0x3f, 0xff, 0xff, 0xff,
    0xff, 0xfe, 0x3f, 0xff, 0xff, 0xff, 0xff, 0xfe,
    0x15, 0x55, 0x55, 0x55, 0x55, 0x54,

    /* U+7A97 "窗" */
    0x0, 0x0, 0x0, 0x0, 0x0, 0x0, 0x0, 0x0,
    0xb, 0xc0, 0x0, 0x0, 0x0, 0x0, 0xb, 0xe0,
    0x0, 0x0, 0x3f, 0xff, 0xff, 0xff, 0xff, 0xfc,
    0x3f, 0xff, 0xff, 0xff, 0xff, 0xfc, 0x3f, 0x0,
    0x90, 0x2, 0x40, 0xfc, 0x3e, 0x7, 0xf4, 0xf,
    0xf4, 0xfc, 0x29, 0x7f, 0xe0, 0x2, 0xff, 0x94,
    0x1b, 0xff, 0x4a, 0x40, 0x2f, 0xf4, 0x3f, 0xf4,
    0x2f, 0x80, 0x2, 0xfc, 0xe, 0x40, 0x3f, 0x0,
    0x0, 0x74, 0x3, 0xff, 0xff, 0xff, 0xff, 0xc0,
    0x3, 0xff, 0xff, 0xff, 0xff, 0xc0, 0x3, 0xf0,
    0x28, 0x0, 0xf, 0xc0, 0x3, 0xf0, 0x7e, 0xaa,
    0x4f, 0xc0, 0x3, 0xf1, 0xff, 0xff, 0xcf, 0xc0,
    0x3, 0xf7, 0xd4, 0xf, 0x8f, 0xc0, 0x3, 0xf1,
    0x7f, 0xbf, 0xf, 0xc0, 0x3, 0xf0, 0xb, 0xfc,
    0xf, 0xc0, 0x3, 0xf0, 0x2f, 0xff, 0x8f, 0xc0,
    0x3, 0xf7, 0xfe, 0xb, 0xcf, 0xc0, 0x3, 0xf3,
    0xd0, 0x0, 0x4f, 0xc0, 0x3, 0xff, 0xff, 0xff,
    0xff, 0xc0, 0x3, 0xff, 0xff, 0xff, 0xff, 0xc0,
    0x3, 0xf0, 0x0, 0x0, 0xf, 0xc0, 0x0, 0x0,
    0x0, 0x0, 0x0, 0x0,

    /* U+7B2C "第" */
    0x0, 0x0, 0x0, 0x0, 0x0, 0x0, 0x0, 0xf,
    0x40, 0x0, 0xbc, 0x0, 0x0, 0xb, 0xd0, 0x0,
    0x3f, 0x0, 0x0, 0x3, 0xff, 0xff, 0x2f, 0xff,
    0xff, 0x2, 0xff, 0xff, 0xdf, 0xff, 0xff, 0xc1,
    0xf8, 0xfc, 0xf, 0xe3, 0xf4, 0x1, 0xfc, 0x1f,
    0x4b, 0xf0, 0x3f, 0x0, 0x7d, 0x3, 0xd1, 0xf0,
    0xb, 0x80, 0x2, 0xaa, 0xaa, 0xae, 0xaa, 0xa4,
    0x0, 0xbf, 0xff, 0xff, 0xff, 0xfe, 0x0, 0x2a,
    0xaa, 0xbf, 0xaa, 0xbf, 0x80, 0x0, 0x0, 0xb,
    0xc0, 0x3, 0xe0, 0x0, 0xff, 0xff, 0xff, 0xff,
    0xf8, 0x0, 0x3f, 0xff, 0xff, 0xff, 0xfe, 0x0,
    0xf, 0xd5, 0x7f, 0x55, 0x55, 0x0, 0x3, 0xe0,
    0xb, 0xc0, 0x0, 0x0, 0x1, 0xf9, 0x57, 0xf5,
    0x55, 0x55, 0x0, 0x7f, 0xff, 0xff, 0xff, 0xff,
    0x80, 0x2f, 0xff, 0xff, 0xff, 0xff, 0xe0, 0x0,
    0x2, 0xff, 0xc0, 0x1, 0xf4, 0x0, 0x3, 0xfa,
    0xf0, 0x0, 0xbd, 0x0, 0xb, 0xf8, 0xbc, 0x5,
    0x7f, 0x0, 0x6f, 0xf4, 0x2f, 0x7, 0xff, 0xc0,
    0x3f, 0xd0, 0xb, 0xc0, 0xff, 0xc0, 0x3, 0x40,
    0x2, 0xf0, 0x0, 0x0, 0x0,

    /* U+7B49 "等" */
    0x0, 0x0, 0x0, 0x0, 0x0, 0x0, 0x0, 0x7,
    0xd0, 0x0, 0x3e, 0x0, 0x0, 0x0, 0xfc, 0x0,
    0x7, 0xe0, 0x0, 0x0, 0x2f, 0xff, 0xfc, 0xff,
    0xff, 0xfc, 0x7, 0xff, 0xff, 0xef, 0xff, 0xff,
    0xc0, 0xfd, 0xfd, 0xb, 0xf2, 0xf8, 0x0, 0x3f,
    0x87, 0xd0, 0xfc, 0xf, 0xc0, 0x1, 0xf0, 0x38,
    0xf, 0x80, 0x78, 0x0, 0x0, 0x55, 0x56, 0xfd,
    0x55, 0x50, 0x0, 0xf, 0xff, 0xff, 0xff, 0xff,
    0x40, 0x0, 0xff, 0xff, 0xff, 0xff, 0xf4, 0x0,
    0x0, 0x0, 0x1f, 0x80, 0x0, 0x0, 0x15, 0x55,
    0x56, 0xfd, 0x55, 0x55, 0x43, 0xff, 0xff, 0xff,
    0xff, 0xff, 0xfc, 0x3f, 0xff, 0xff, 0xff, 0xff,
    0xff, 0xc0, 0x0, 0x0, 0x0, 0x3, 0xf0, 0x0,
    0x1, 0x55, 0x55, 0x55, 0x7f, 0x55, 0x0, 0xbf,
    0xff, 0xff, 0xff, 0xff, 0xf4, 0xb, 0xff, 0xff,
    0xff, 0xff, 0xff, 0x40, 0x0, 0x7d, 0x0, 0x3,
    0xf0, 0x0, 0x0, 0xb, 0xf4, 0x0, 0x3f, 0x0,
    0x0, 0x0, 0x1f, 0xd0, 0x3, 0xf0, 0x0, 0x0,
    0x0, 0x7e, 0x2a, 0xbf, 0x0, 0x0, 0x0, 0x1,
    0x42, 0xff, 0xe0, 0x0, 0x0, 0x0, 0x0, 0xf,
    0xf8, 0x0, 0x0, 0x0, 0x0, 0x0, 0x0, 0x0,
    0x0,

    /* U+7C89 "粉" */
    0x0, 0x0, 0x0, 0x0, 0x0, 0x0, 0x0, 0x3,
    0xe0, 0x0, 0x10, 0x18, 0x0, 0x0, 0x3e, 0x10,
    0xb, 0xc3, 0xd0, 0x2, 0xd3, 0xe3, 0xd0, 0xfc,
    0x3e, 0x0, 0x1e, 0x3e, 0x7c, 0xf, 0x83, 0xf0,
    0x1, 0xf3, 0xeb, 0xc2, 0xf0, 0x1f, 0x40, 0xf,
    0x3e, 0xf4, 0x3f, 0x0, 0xf8, 0x0, 0xf7, 0xef,
    0x7, 0xe0, 0xf, 0xc0, 0xb, 0x7f, 0xe0, 0xfc,
    0x0, 0x7f, 0x0, 0x3, 0xe0, 0x3f, 0x40, 0x3,
    0xf8, 0x3f, 0xff, 0xff, 0xf0, 0x0, 0xf, 0xd3,
    0xff, 0xff, 0xbf, 0xaa, 0xab, 0xf8, 0x2a, 0xff,
    0xa6, 0xff, 0xff, 0xfe, 0x0, 0xf, 0xe0, 0xb,
    0xff, 0xff, 0xd0, 0x1, 0xff, 0x80, 0x7, 0xd0,
    0x7d, 0x0, 0x3f, 0xfe, 0x0, 0x7c, 0xb, 0xc0,
    0x7, 0xff, 0xf4, 0xb, 0xc0, 0xbc, 0x0, 0xff,
    0xef, 0xc0, 0xfc, 0xb, 0xc0, 0x2f, 0x7e, 0x30,
    0x1f, 0x80, 0xbc, 0x3, 0xf3, 0xe0, 0x2, 0xf0,
    0xf, 0xc0, 0x2c, 0x3e, 0x0, 0x7e, 0x0, 0xfc,
    0x0, 0x83, 0xe0, 0xf, 0xc0, 0xf, 0x80, 0x0,
    0x3e, 0x7, 0xf8, 0x17, 0xf8, 0x0, 0x3, 0xe0,
    0xfe, 0x3, 0xff, 0x0, 0x0, 0x3e, 0x3, 0x80,
    0x3f, 0xd0, 0x0, 0x0, 0x0, 0x0, 0x0, 0x0,
    0x0,

    /* U+7D2F "累" */
    0x0, 0x0, 0x0, 0x0, 0x0, 0x0, 0x0, 0xbf,
    0xff, 0xff, 0xff, 0xff, 0x0, 0x2f, 0xff, 0xff,
    0xff, 0xff, 0xc0, 0xb, 0xc0, 0xb, 0xc0, 0x3,
    0xf0, 0x2, 0xff, 0xff, 0xff, 0xff, 0xfc, 0x0,
    0xbf, 0xff, 0xff, 0xff, 0xff, 0x0, 0x2f, 0x55,
    0x7f, 0x55, 0x5f, 0xc0, 0xb, 0xc0, 0xb, 0xc0,
    0x3, 0xf0, 0x2, 0xff, 0xff, 0xff, 0xff, 0xfc,
    0x0, 0xbf, 0xff, 0xff, 0xff, 0xff, 0x0, 0x0,
    0x2f, 0xe0, 0x1e, 0x0, 0x0, 0x0, 0x7f, 0xd0,
    0x2f, 0xe0, 0x0, 0x0, 0xff, 0xff, 0xff, 0xe0,
    0x0, 0x0, 0x3f, 0xff, 0xff, 0x83, 0x80, 0x0,
    0x5, 0x1b, 0xfe, 0x2, 0xfc, 0x0, 0x0, 0x7f,
    0xf8, 0x15, 0x7f, 0xc0, 0x7, 0xff, 0xff, 0xff,
    0xff, 0xfc, 0x0, 0xff, 0xff, 0xff, 0xfe, 0xaf,
    0xc0, 0x25, 0x50, 0x2f, 0x40, 0x1, 0x80, 0x0,
    0xbe, 0xb, 0xd1, 0xf8, 0x0, 0x1, 0xff, 0x2,
    0xf4, 0x7f, 0xe0, 0xb, 0xfe, 0x15, 0xfd, 0x1,
    0xff, 0x40, 0xfc, 0x7, 0xff, 0x0, 0xb, 0xe0,
    0x4, 0x0, 0xff, 0x40, 0x0, 0x50, 0x0, 0x0,
    0x0, 0x0, 0x0, 0x0, 0x0,

    /* U+7EBF "线" */
    0x0, 0x0, 0x0, 0x5, 0x40, 0x0, 0x0, 0x1d,
    0x0, 0x3, 0xf1, 0x80, 0x0, 0xb, 0xd0, 0x0,
    0xfd, 0xfd, 0x0, 0x3, 0xf0, 0x0, 0x3f, 0x1f,
    0xc0, 0x2, 0xf4, 0x0, 0xf, 0xc0, 0x90, 0x0,
    0xfc, 0x0, 0x3, 0xf5, 0xae, 0x0, 0xbd, 0x14,
    0x1a, 0xff, 0xff, 0xc0, 0x3e, 0xf, 0xaf, 0xff,
    0xff, 0x90, 0x3f, 0xb, 0xd7, 0xff, 0xd0, 0x0,
    0x2f, 0xff, 0xe0, 0x2, 0xf0, 0x0, 0x7, 0xff,
    0xf0, 0x0, 0xbc, 0x1a, 0xd0, 0xe7, 0xf4, 0x0,
    0x6f, 0xff, 0xf8, 0x1, 0xf8, 0xb, 0xff, 0xff,
    0xf9, 0x0, 0xfc, 0x3, 0xff, 0xfd, 0x0, 0x0,
    0xfd, 0xac, 0xe5, 0x3f, 0x3, 0xd0, 0xff, 0xff,
    0x0, 0xf, 0xc2, 0xf4, 0x7f, 0xfe, 0x40, 0x2,
    0xf2, 0xf8, 0xf, 0x90, 0x0, 0x0, 0x7f, 0xfc,
    0x0, 0x0, 0x4, 0x0, 0xf, 0xfc, 0x0, 0x0,
    0x6f, 0x40, 0xb, 0xf8, 0x0, 0x1b, 0xff, 0xd0,
    0x2f, 0xfe, 0x9, 0x2f, 0xff, 0x40, 0xbf, 0xff,
    0xc3, 0xc7, 0xf8, 0x3, 0xff, 0xd1, 0xff, 0xf0,
    0x80, 0x0, 0x3f, 0x40, 0x3f, 0xf8, 0x0, 0x0,
    0x5, 0x0, 0x2, 0xf8, 0x0,

    /* U+7ECF "经" */
    0x0, 0x24, 0x0, 0x0, 0x0, 0x0, 0x0, 0x3,
    0xf0, 0x6a, 0xaa, 0xaa, 0x0, 0x0, 0xbd, 0x7,
    0xff, 0xff, 0xfd, 0x0, 0xf, 0xc0, 0x7f, 0xff,
    0xff, 0xc0, 0x2, 0xf4, 0x0, 0x0, 0x7, 0xf4,
    0x0, 0x3f, 0x4, 0x0, 0x1, 0xfe, 0x0, 0xb,
    0xc0, 0xf0, 0x0, 0x7f, 0x80, 0x1, 0xf8, 0x3f,
    0x0, 0x2f, 0xf0, 0x0, 0x7f, 0xbf, 0xe0, 0x1f,
    0xff, 0xd0, 0x7, 0xff, 0xfc, 0x1f, 0xfe, 0xff,
    0xd0, 0x3f, 0xbf, 0x5f, 0xfe, 0x2, 0xff, 0xc0,
    0xb, 0xe0, 0xfe, 0x0, 0x2, 0xf8, 0x1, 0xf8,
    0x9, 0x0, 0x0, 0x2, 0x0, 0x7f, 0x5a, 0x2a,
    0xaa, 0xaa, 0x90, 0x1f, 0xff, 0xe3, 0xff, 0xff,
    0xfe, 0x3, 0xff, 0xfd, 0x3f, 0xff, 0xff, 0xe0,
    0x3f, 0x94, 0x0, 0x0, 0xf8, 0x0, 0x1, 0x0,
    0x0, 0x0, 0xf, 0x80, 0x0, 0x0, 0x1, 0x90,
    0x0, 0xf8, 0x0, 0x0, 0x1b, 0xfe, 0x0, 0xf,
    0x80, 0x0, 0x3f, 0xff, 0xe0, 0x0, 0xf8, 0x0,
    0x3, 0xff, 0x41, 0xff, 0xff, 0xff, 0xfc, 0x39,
    0x0, 0x1f, 0xff, 0xff, 0xff, 0xc0, 0x0, 0x1,
    0xaa, 0xaa, 0xaa, 0xa8,

    /* U+7ED9 "给" */
    0x0, 0x0, 0x0, 0x0, 0x0, 0x0, 0x0, 0x2,
    0x80, 0x0, 0xe, 0x40, 0x0, 0x0, 0x3f, 0x0,
    0x1, 0xfc, 0x0, 0x0, 0x7, 0xe0, 0x0, 0x2f,
    0xc0, 0x0, 0x0, 0xfc, 0x0, 0x7, 0xff, 0x0,
    0x0, 0x1f, 0x80, 0x0, 0xfe, 0xf8, 0x0, 0x3,
    0xf0, 0x80, 0x2f, 0xcf, 0xd0, 0x0, 0x7d, 0x1f,
    0x47, 0xf0, 0x3f, 0x40, 0xf, 0xc3, 0xf1, 0xfd,
    0x1, 0xfd, 0x3, 0xff, 0xfe, 0x7f, 0xea, 0xaf,
    0xf8, 0x3f, 0xff, 0xdf, 0xff, 0xff, 0xff, 0xc2,
    0xeb, 0xf4, 0x7a, 0xff, 0xfe, 0x70, 0x0, 0xbe,
    0x0, 0x0, 0x0, 0x0, 0x0, 0x1f, 0xc0, 0x0,
    0x0, 0x0, 0x0, 0x3, 0xf0, 0x50, 0xaa, 0xaa,
    0xa4, 0x1, 0xff, 0xff, 0xf, 0xff, 0xff, 0xc0,
    0x3f, 0xff, 0xf0, 0xff, 0xff, 0xfc, 0x1, 0xfe,
    0x50, 0xf, 0x80, 0xf, 0xc0, 0x4, 0x0, 0x0,
    0xf8, 0x0, 0xfc, 0x0, 0x0, 0x1, 0xf, 0x80,
    0xf, 0xc0, 0x0, 0x6b, 0xf4, 0xf8, 0x0, 0xfc,
    0x2, 0xff, 0xff, 0x4f, 0xd5, 0x6f, 0xc0, 0x3f,
    0xfe, 0x40, 0xff, 0xff, 0xfc, 0x2, 0xe4, 0x0,
    0xf, 0xff, 0xff, 0xc0, 0x0, 0x0, 0x0, 0xf8,
    0x0, 0xfc, 0x0, 0x0, 0x0, 0x0, 0x0, 0x0,
    0x0,

    /* U+7EDC "络" */
    0x0, 0x0, 0x0, 0x0, 0x0, 0x0, 0x0, 0x1,
    0x80, 0x0, 0xbc, 0x0, 0x0, 0x0, 0x3f, 0x0,
    0xf, 0x80, 0x0, 0x0, 0x3, 0xf0, 0x3, 0xfa,
    0xaa, 0x90, 0x0, 0xbd, 0x0, 0x7f, 0xff, 0xff,
    0x40, 0xf, 0xc0, 0xf, 0xff, 0xff, 0xf0, 0x2,
    0xf0, 0x3, 0xfc, 0x0, 0xbd, 0x0, 0x7e, 0x1e,
    0xff, 0xe0, 0x1f, 0x80, 0xf, 0xc3, 0xff, 0xaf,
    0x87, 0xf0, 0x3, 0xff, 0xfe, 0x60, 0xff, 0xfc,
    0x0, 0x3f, 0xff, 0xc0, 0x3, 0xff, 0x0, 0x2,
    0xeb, 0xf4, 0x1, 0xff, 0xfd, 0x0, 0x0, 0xbe,
    0x2, 0xff, 0xef, 0xfe, 0x40, 0x1f, 0xc2, 0xff,
    0xe0, 0x2f, 0xfd, 0x7, 0xff, 0xef, 0xe0, 0x0,
    0x1f, 0xc1, 0xff, 0xfe, 0x6f, 0xff, 0xff, 0xe4,
    0x3f, 0xfe, 0x41, 0xff, 0xff, 0xfe, 0x1, 0xe4,
    0x0, 0x1f, 0xaa, 0xab, 0xe0, 0x0, 0x0, 0x11,
    0xf0, 0x0, 0x3e, 0x0, 0x0, 0xbf, 0x1f, 0x0,
    0x3, 0xe0, 0x2, 0xff, 0xf1, 0xf0, 0x0, 0x3e,
    0x3, 0xff, 0xf4, 0x1f, 0xff, 0xff, 0xe0, 0x2f,
    0xe0, 0x1, 0xff, 0xff, 0xfe, 0x1, 0x90, 0x0,
    0x1f, 0x95, 0x5b, 0xe0, 0x0, 0x0, 0x1, 0xf0,
    0x0, 0x3e, 0x0, 0x0, 0x0, 0x0, 0x0, 0x0,
    0x0,

    /* U+7F51 "网" */
    0xaa, 0xaa, 0xaa, 0xaa, 0xaa, 0xaf, 0xff, 0xff,
    0xff, 0xff, 0xff, 0xff, 0xff, 0xff, 0xff, 0xff,
    0xff, 0xc0, 0x0, 0x0, 0x0, 0x3f, 0xfc, 0x0,
    0xa0, 0x1, 0x53, 0xff, 0xc0, 0xf, 0x40, 0x3e,
    0x3f, 0xfc, 0x81, 0xf1, 0x43, 0xd3, 0xff, 0xff,
    0x1f, 0x7c, 0x3c, 0x3f, 0xfd, 0xfa, 0xf3, 0xfb,
    0xc3, 0xff, 0xcb, 0xfe, 0xf, 0xfc, 0x3f, 0xfc,
    0x2f, 0xd0, 0x7f, 0x83, 0xff, 0xc0, 0xfc, 0x2,
    0xf4, 0x3f, 0xfc, 0xf, 0xf0, 0x2f, 0xc3, 0xff,
    0xc0, 0xff, 0x83, 0xfe, 0x3f, 0xfc, 0x2f, 0xbd,
    0x7f, 0xf3, 0xff, 0xc3, 0xe3, 0xcf, 0xcf, 0xbf,
    0xfc, 0xfc, 0x12, 0xf4, 0x73, 0xff, 0xef, 0x80,
    0x7f, 0x0, 0x3f, 0xff, 0xf0, 0xf, 0xc0, 0x3,
    0xff, 0xc8, 0x0, 0x74, 0x0, 0x3f, 0xfc, 0x0,
    0x0, 0x7, 0xaf, 0xff, 0xc0, 0x0, 0x0, 0x3f,
    0xfe, 0xfc, 0x0, 0x0, 0x2, 0xff, 0x40,

    /* U+8001 "老" */
    0x0, 0x0, 0x1f, 0x40, 0x0, 0x0, 0x0, 0x0,
    0x7, 0xe0, 0x0, 0x8, 0x0, 0x0, 0x1, 0xf8,
    0x0, 0xb, 0xe0, 0x6, 0xaa, 0xff, 0xaa, 0x8b,
    0xf0, 0x1, 0xff, 0xff, 0xff, 0xfb, 0xf4, 0x0,
    0x7f, 0xff, 0xff, 0xff, 0xf4, 0x0, 0x0, 0x1,
    0xf8, 0x7, 0xf8, 0x0, 0x0, 0x0, 0x7e, 0x7,
    0xf8, 0x0, 0x15, 0x55, 0x6f, 0x9b, 0xfd, 0x55,
    0x4f, 0xff, 0xff, 0xff, 0xff, 0xff, 0xf3, 0xff,
    0xff, 0xff, 0xff, 0xff, 0xfc, 0x0, 0x0, 0x6f,
    0xf4, 0x0, 0x0, 0x0, 0x0, 0x7f, 0xf0, 0x0,
    0x0, 0x0, 0x0, 0xbf, 0xd0, 0x1, 0x80, 0x0,
    0x2, 0xff, 0xc0, 0xb, 0xfc, 0x0, 0x1b, 0xff,
    0xf1, 0xbf, 0xff, 0x40, 0x3f, 0xfe, 0xff, 0xff,
    0xf8, 0x0, 0x7, 0xf4, 0x3f, 0xfe, 0x40, 0x0,
    0x0, 0x90, 0xf, 0xd0, 0x0, 0x2, 0x40, 0x0,
    0x3, 0xf0, 0x0, 0x0, 0xfc, 0x0, 0x0, 0xfc,
    0x0, 0x0, 0x3e, 0x0, 0x0, 0x3f, 0xaa, 0xaa,
    0xbf, 0x40, 0x0, 0xb, 0xff, 0xff, 0xff, 0xc0,
    0x0, 0x0, 0xbf, 0xff, 0xff, 0x80,

    /* U+8003 "考" */
    0x0, 0x0, 0x0, 0x0, 0x0, 0x0, 0x0, 0x0,
    0x2, 0xf0, 0x0, 0x0, 0x0, 0x0, 0x0, 0xbc,
    0x0, 0x2, 0x40, 0x0, 0x0, 0x2f, 0x40, 0x3,
    0xf0, 0x0, 0xff, 0xff, 0xff, 0xf6, 0xf4, 0x0,
    0x3f, 0xff, 0xff, 0xff, 0xf8, 0x0, 0x0, 0x0,
    0xbc, 0x3, 0xf8, 0x0, 0x0, 0x0, 0x2f, 0x3,
    0xf8, 0x0, 0xf, 0xff, 0xff, 0xff, 0xff, 0xff,
    0x43, 0xff, 0xff, 0xff, 0xff, 0xff, 0xe0, 0xaa,
    0xaa, 0xbf, 0xfa, 0xaa, 0xa4, 0x0, 0x0, 0x2f,
    0xe0, 0x0, 0x0, 0x0, 0x0, 0xbf, 0xd0, 0x0,
    0x0, 0x0, 0x2, 0xff, 0xff, 0xff, 0xfc, 0x0,
    0xb, 0xff, 0xff, 0xff, 0xff, 0x0, 0x7f, 0xfe,
    0xf4, 0x0, 0x0, 0x0, 0x2f, 0xe4, 0xfc, 0x0,
    0x0, 0x0, 0x3, 0x80, 0x7f, 0xff, 0xff, 0xf0,
    0x0, 0x0, 0x3f, 0xff, 0xff, 0xfc, 0x0, 0x0,
    0x5, 0x55, 0x55, 0x7e, 0x0, 0x0, 0x0, 0x0,
    0x0, 0x1f, 0x40, 0x0, 0x0, 0x0, 0x0, 0xf,
    0xc0, 0x0, 0x0, 0x0, 0x29, 0x5b, 0xf0, 0x0,
    0x0, 0x0, 0xf, 0xff, 0xf4, 0x0, 0x0, 0x0,
    0x1, 0xff, 0xf4, 0x0, 0x0, 0x0, 0x0, 0x0,
    0x0, 0x0, 0x0,

    /* U+81EA "自" */
    0x0, 0x0, 0x0, 0x0, 0x0, 0x0, 0xb, 0xe0,
    0x0, 0x0, 0x0, 0x3f, 0x40, 0x0, 0x0, 0x0,
    0xfc, 0x0, 0x0, 0xaa, 0xab, 0xfa, 0xaa, 0xab,
    0xff, 0xff, 0xff, 0xff, 0xff, 0xff, 0xff, 0xff,
    0xff, 0xff, 0x0, 0x0, 0x0, 0x3f, 0xfc, 0x0,
    0x0, 0x0, 0xff, 0xf0, 0x0, 0x0, 0x3, 0xff,
    0xff, 0xff, 0xff, 0xff, 0xff, 0xff, 0xff, 0xff,
    0xff, 0xfe, 0xaa, 0xaa, 0xaa, 0xff, 0xf0, 0x0,
    0x0, 0x3, 0xff, 0xc0, 0x0, 0x0, 0xf, 0xff,
    0xaa, 0xaa, 0xaa, 0xbf, 0xff, 0xff, 0xff, 0xff,
    0xff, 0xff, 0xff, 0xff, 0xff, 0xff, 0xc0, 0x0,
    0x0, 0xf, 0xff, 0x0, 0x0, 0x0, 0x3f, 0xfc,
    0x0, 0x0, 0x0, 0xff, 0xfa, 0xaa, 0xaa, 0xab,
    0xff, 0xff, 0xff, 0xff, 0xff, 0xff, 0xff, 0xff,
    0xff, 0xff, 0xfc, 0x0, 0x0, 0x0, 0xfc, 0x0,
    0x0, 0x0, 0x0, 0x0,

    /* U+822A "航" */
    0x0, 0x0, 0x0, 0x0, 0x0, 0x0, 0x0, 0x2,
    0xf0, 0x0, 0x1f, 0x80, 0x0, 0x0, 0x2f, 0x0,
    0x0, 0xfc, 0x0, 0x0, 0x3, 0xe0, 0x0, 0xb,
    0xd0, 0x0, 0x7, 0xff, 0xfc, 0x0, 0x7d, 0x0,
    0x0, 0x7f, 0xff, 0xdf, 0xff, 0xff, 0xfc, 0x7,
    0xc0, 0xbd, 0xff, 0xff, 0xff, 0xc0, 0x7e, 0xcb,
    0xca, 0xaa, 0xaa, 0xa4, 0x7, 0xed, 0xbc, 0x0,
    0x0, 0x0, 0x0, 0x7c, 0xeb, 0xc0, 0x55, 0x55,
    0x0, 0x7, 0xcf, 0xbc, 0x1f, 0xff, 0xf4, 0x0,
    0x7c, 0xb, 0xc1, 0xff, 0xff, 0x40, 0x3f, 0xff,
    0xfc, 0x1f, 0x1, 0xf4, 0x3, 0xff, 0xff, 0xc1,
    0xf0, 0x1f, 0x40, 0x1b, 0xd5, 0xbc, 0x1f, 0x1,
    0xf4, 0x0, 0x7e, 0xcb, 0xc1, 0xf0, 0x1f, 0x40,
    0x7, 0xed, 0xbc, 0x2f, 0x1, 0xf4, 0x0, 0xbc,
    0xeb, 0xc2, 0xf0, 0x1f, 0x40, 0xb, 0xcf, 0xbc,
    0x2f, 0x1, 0xf4, 0x0, 0xf8, 0x4b, 0xc3, 0xf0,
    0x1f, 0x54, 0xf, 0x80, 0xbc, 0x3e, 0x1, 0xf5,
    0xd0, 0xf4, 0xb, 0xcb, 0xd0, 0x1f, 0x5d, 0x1f,
    0x0, 0xbc, 0xfc, 0x1, 0xfa, 0xd3, 0xf0, 0xbf,
    0xff, 0x40, 0xf, 0xfc, 0x2d, 0x7, 0xf1, 0xf0,
    0x0, 0xbf, 0x40, 0x0, 0x0, 0x0, 0x0, 0x0,
    0x0,

    /* U+8239 "船" */
    0x0, 0x0, 0x0, 0x0, 0x0, 0x0, 0x0, 0x0,
    0xf8, 0x0, 0x0, 0x0, 0x0, 0x0, 0xf, 0x40,
    0x7, 0xff, 0xf4, 0x0, 0x1, 0xf0, 0x0, 0xbf,
    0xff, 0x80, 0x7, 0xff, 0xfe, 0xb, 0xea, 0xf8,
    0x0, 0x7f, 0xff, 0xf0, 0xbc, 0xf, 0x80, 0x7,
    0xc0, 0x2f, 0xb, 0xc0, 0xf8, 0x0, 0x7c, 0x92,
    0xf0, 0xbc, 0xf, 0x80, 0x7, 0xcf, 0x2f, 0xf,
    0x80, 0xf8, 0x0, 0x7c, 0xb6, 0xf0, 0xf4, 0xf,
    0x80, 0x7, 0xc7, 0xaf, 0x3f, 0x0, 0xfd, 0x40,
    0x7c, 0x12, 0xff, 0xd0, 0xb, 0xfc, 0x2f, 0xea,
    0xbf, 0x74, 0x0, 0x2f, 0xc3, 0xff, 0xff, 0xf0,
    0x0, 0x0, 0x0, 0x1b, 0xd5, 0x7f, 0x1f, 0xff,
    0xff, 0x0, 0x7c, 0x92, 0xf1, 0xff, 0xff, 0xf0,
    0x7, 0xcf, 0x2f, 0x1f, 0xaa, 0xbf, 0x0, 0xbc,
    0xb6, 0xf1, 0xf0, 0x3, 0xf0, 0xb, 0xc3, 0xef,
    0x1f, 0x0, 0x3f, 0x0, 0xf8, 0x12, 0xf1, 0xf0,
    0x3, 0xf0, 0xf, 0x80, 0x2f, 0x1f, 0x0, 0x3f,
    0x0, 0xf4, 0x2, 0xf1, 0xf9, 0x57, 0xf0, 0x2f,
    0x1, 0x7f, 0x1f, 0xff, 0xff, 0x3, 0xe0, 0x3f,
    0xe1, 0xff, 0xff, 0xf0, 0x1d, 0x1, 0xf8, 0x1f,
    0x0, 0x3f, 0x0, 0x0, 0x0, 0x0, 0x0, 0x0,
    0x0,

    /* U+8425 "营" */
    0x0, 0x0, 0x0, 0x0, 0x0, 0x0, 0x0, 0x1f,
    0x40, 0x2, 0xf0, 0x0, 0x0, 0x1f, 0x40, 0x2,
    0xf0, 0x0, 0x7f, 0xff, 0xff, 0xff, 0xff, 0xfe,
    0x7f, 0xff, 0xff, 0xff, 0xff, 0xfe, 0x15, 0x6f,
    0x95, 0x57, 0xf5, 0x54, 0x0, 0x1f, 0x40, 0x2,
    0xf0, 0x0, 0x3f, 0xff, 0xff, 0xff, 0xff, 0xfc,
    0x3f, 0xff, 0xff, 0xff, 0xff, 0xfc, 0x3f, 0x55,
    0x55, 0x55, 0x55, 0xbc, 0x3e, 0x0, 0x0, 0x0,
    0x0, 0xbc, 0x3e, 0x3f, 0xff, 0xff, 0xfc, 0xbc,
    0x3e, 0x3f, 0xff, 0xff, 0xfc, 0xbc, 0x0, 0x3e,
    0x0, 0x0, 0xfc, 0x0, 0x0, 0x3f, 0xff, 0xff,
    0xfc, 0x0, 0x0, 0x3f, 0xff, 0xff, 0xfc, 0x0,
    0x0, 0x0, 0x0, 0x0, 0x0, 0x0, 0x1, 0x55,
    0x55, 0x55, 0x55, 0x40, 0x3, 0xff, 0xff, 0xff,
    0xff, 0xc0, 0x3, 0xff, 0xff, 0xff, 0xff, 0xc0,
    0x3, 0xe0, 0x0, 0x0, 0xb, 0xc0, 0x3, 0xe0,
    0x0, 0x0, 0xb, 0xc0, 0x3, 0xff, 0xff, 0xff,
    0xff, 0xc0, 0x3, 0xff, 0xff, 0xff, 0xff, 0xc0,
    0x3, 0xf5, 0x55, 0x55, 0x5b, 0xc0, 0x0, 0x0,
    0x0, 0x0, 0x0, 0x0,

    /* U+843D "落" */
    0x0, 0x0, 0x0, 0x0, 0x0, 0x0, 0x0, 0x0,
    0x3f, 0x0, 0xf, 0xc0, 0x0, 0x5, 0x57, 0xf5,
    0x55, 0xfd, 0x55, 0x42, 0xff, 0xff, 0xff, 0xff,
    0xff, 0xf8, 0x2f, 0xff, 0xff, 0xff, 0xff, 0xff,
    0x80, 0x0, 0x3f, 0x0, 0xf, 0xc0, 0x0, 0x0,
    0x43, 0xe0, 0x38, 0xf8, 0x0, 0x0, 0x2f, 0x40,
    0xf, 0xc0, 0x0, 0x0, 0x3, 0xfe, 0x2, 0xff,
    0xff, 0xfc, 0x0, 0x7, 0xf0, 0xbf, 0xff, 0xff,
    0xd0, 0x0, 0x9, 0x2f, 0xf4, 0x3, 0xf4, 0x0,
    0x40, 0xf, 0xff, 0xe1, 0xfe, 0x0, 0x1f, 0x40,
    0xf8, 0x3f, 0xff, 0x40, 0x2, 0xff, 0x41, 0x0,
    0xff, 0xe0, 0x0, 0x7, 0xf8, 0x1, 0xff, 0xff,
    0xf8, 0x0, 0xa, 0xb, 0xff, 0xd0, 0xbf, 0xfc,
    0x0, 0x0, 0xff, 0x90, 0x0, 0x7f, 0x80, 0x0,
    0xc6, 0xff, 0xff, 0xff, 0xd0, 0x0, 0x3f, 0xf,
    0xff, 0xff, 0xfc, 0x0, 0xb, 0xe0, 0xfc, 0x0,
    0xf, 0xc0, 0x1, 0xfc, 0xf, 0x80, 0x0, 0xfc,
    0x0, 0x7f, 0x0, 0xf8, 0x0, 0xf, 0xc0, 0x1f,
    0xd0, 0xf, 0xff, 0xff, 0xfc, 0x0, 0xf8, 0x0,
    0xff, 0xff, 0xff, 0xc0, 0x2, 0x0, 0xf, 0xc0,
    0x0, 0xfc, 0x0,

    /* U+884C "行" */
    0x0, 0x0, 0x0, 0x0, 0x0, 0x0, 0x0, 0x2,
    0xd0, 0x0, 0x0, 0x0, 0x0, 0x2, 0xfc, 0xa,
    0xaa, 0xaa, 0xa4, 0x2, 0xfc, 0x3, 0xff, 0xff,
    0xfe, 0x2, 0xfd, 0x0, 0xff, 0xff, 0xff, 0x82,
    0xfd, 0x0, 0x0, 0x0, 0x0, 0x3, 0xfc, 0x4,
    0x0, 0x0, 0x0, 0x0, 0x7c, 0xf, 0xc0, 0x0,
    0x0, 0x0, 0x4, 0xb, 0xe0, 0x0, 0x0, 0x0,
    0x0, 0x7, 0xf1, 0xaa, 0xaa, 0xaa, 0xa0, 0x7,
    0xf4, 0xbf, 0xff, 0xff, 0xfc, 0x3, 0xfc, 0x2f,
    0xff, 0xff, 0xff, 0x7, 0xfe, 0x0, 0x0, 0x7,
    0xe0, 0x7, 0xff, 0x80, 0x0, 0x0, 0xf8, 0x3,
    0xff, 0xe0, 0x0, 0x0, 0x3e, 0x0, 0x7c, 0xf8,
    0x0, 0x0, 0xf, 0x80, 0x4, 0x3e, 0x0, 0x0,
    0x3, 0xe0, 0x0, 0xf, 0x80, 0x0, 0x0, 0xf8,
    0x0, 0x3, 0xe0, 0x0, 0x0, 0x3e, 0x0, 0x0,
    0xf8, 0x0, 0x0, 0xf, 0x80, 0x0, 0x3e, 0x0,
    0x0, 0x3, 0xe0, 0x0, 0xf, 0x80, 0x0, 0x0,
    0xf8, 0x0, 0x3, 0xe0, 0x0, 0x6a, 0xfe, 0x0,
    0x0, 0xf8, 0x0, 0xf, 0xff, 0x40, 0x0, 0x3e,
    0x0, 0x3, 0xff, 0x40, 0x0, 0x0, 0x0, 0x0,
    0x0, 0x0, 0x0,

    /* U+8857 "街" */
    0x0, 0x0, 0x0, 0x0, 0x0, 0x0, 0x0, 0x7,
    0x40, 0x2f, 0x0, 0x0, 0x0, 0x0, 0xfc, 0x2,
    0xf0, 0xa, 0xaa, 0x40, 0x2f, 0x40, 0x2f, 0x0,
    0xff, 0xf8, 0xb, 0xe0, 0xff, 0xff, 0xcf, 0xff,
    0x82, 0xfc, 0xf, 0xff, 0xfc, 0x0, 0x0, 0x3f,
    0x14, 0x57, 0xf5, 0x40, 0x0, 0x1, 0x83, 0xf0,
    0x2f, 0x0, 0x0, 0x0, 0x0, 0x7e, 0x2, 0xf0,
    0x0, 0x0, 0x0, 0xf, 0xdf, 0xff, 0xfd, 0xaa,
    0xa8, 0x3, 0xf5, 0xff, 0xff, 0xef, 0xff, 0xc0,
    0xbf, 0xa, 0xaa, 0xa9, 0xff, 0xfc, 0x2f, 0xf0,
    0x3, 0xf0, 0x0, 0xfc, 0xb, 0xff, 0x0, 0x3f,
    0x0, 0xf, 0xc0, 0x3f, 0xf0, 0x3, 0xf0, 0x0,
    0xfc, 0x2, 0x5f, 0xf, 0xff, 0xfd, 0xf, 0xc0,
    0x1, 0xf0, 0xff, 0xff, 0xd0, 0xfc, 0x0, 0x1f,
    0x0, 0x3f, 0x0, 0xf, 0xc0, 0x1, 0xf0, 0x3,
    0xf0, 0x0, 0xfc, 0x0, 0x1f, 0x0, 0x3f, 0x0,
    0xf, 0xc0, 0x1, 0xf0, 0x5b, 0xff, 0xf0, 0xfc,
    0x0, 0x1f, 0x3f, 0xff, 0xff, 0xf, 0xc0, 0x1,
    0xf2, 0xff, 0xa5, 0x2a, 0xfc, 0x0, 0x1f, 0x0,
    0x0, 0x1, 0xff, 0x80, 0x1, 0xf0, 0x0, 0x0,
    0xf, 0xe0, 0x0, 0x0, 0x0, 0x0, 0x0, 0x0,
    0x0,

    /* U+8865 "补" */
    0x0, 0x0, 0x0, 0x0, 0x0, 0x0, 0x0, 0x7,
    0x40, 0x0, 0x3f, 0x0, 0x0, 0x0, 0xfc, 0x0,
    0x3, 0xf0, 0x0, 0x0, 0x7, 0xf0, 0x0, 0x3f,
    0x0, 0x0, 0x0, 0x2f, 0x0, 0x3, 0xf0, 0x0,
    0x2, 0xaa, 0xea, 0x80, 0x3f, 0x0, 0x0, 0x3f,
    0xff, 0xff, 0x3, 0xf0, 0x0, 0x3, 0xff, 0xff,
    0xe0, 0x3f, 0x0, 0x0, 0x0, 0x0, 0xfc, 0x3,
    0xf0, 0x0, 0x0, 0x0, 0x2f, 0x40, 0x3f, 0xf0,
    0x0, 0x0, 0x7, 0xf1, 0x3, 0xff, 0xd0, 0x0,
    0x1, 0xfc, 0x3c, 0x3f, 0xff, 0x40, 0x0, 0x3f,
    0x8f, 0xd3, 0xf3, 0xfe, 0x0, 0x1f, 0xff, 0xf4,
    0x3f, 0xb, 0xf8, 0x7, 0xff, 0xfd, 0x3, 0xf0,
    0x2f, 0x82, 0xff, 0xfb, 0xf0, 0x3f, 0x0, 0xa0,
    0x7f, 0xaf, 0x1f, 0xc3, 0xf0, 0x0, 0x3, 0xd2,
    0xf0, 0xbc, 0x3f, 0x0, 0x0, 0x4, 0x2f, 0x2,
    0x3, 0xf0, 0x0, 0x0, 0x2, 0xf0, 0x0, 0x3f,
    0x0, 0x0, 0x0, 0x2f, 0x0, 0x3, 0xf0, 0x0,
    0x0, 0x2, 0xf0, 0x0, 0x3f, 0x0, 0x0, 0x0,
    0x2f, 0x0, 0x3, 0xf0, 0x0, 0x0, 0x2, 0xf0,
    0x0, 0x3f, 0x0, 0x0, 0x0, 0x2f, 0x0, 0x3,
    0xf0, 0x0, 0x0,

    /* U+888B "袋" */
    0x0, 0x0, 0x0, 0x0, 0x0, 0x0, 0x0, 0x0,
    0x38, 0x3, 0xe0, 0x74, 0x0, 0x0, 0xb, 0xe0,
    0x3f, 0xb, 0xf0, 0x0, 0x1, 0xfc, 0x2, 0xf0,
    0x1f, 0x80, 0x0, 0x7f, 0x0, 0x1f, 0x55, 0xbb,
    0x80, 0x1f, 0xe2, 0xaf, 0xff, 0xff, 0xfc, 0xb,
    0xfe, 0x3f, 0xff, 0xff, 0xea, 0x43, 0xff, 0xe3,
    0xe9, 0xbf, 0x0, 0x0, 0x1f, 0x7e, 0x0, 0x3,
    0xf8, 0x3, 0x40, 0x43, 0xe0, 0x0, 0xf, 0xf0,
    0x7c, 0x0, 0x3e, 0x0, 0x90, 0x7f, 0xff, 0xc0,
    0x3, 0xe0, 0x3f, 0x0, 0xff, 0xf4, 0x0, 0x29,
    0x1, 0xf8, 0x1, 0xa9, 0x0, 0x0, 0x0, 0xf,
    0x40, 0x0, 0x0, 0x1f, 0xff, 0xff, 0xff, 0xff,
    0xff, 0xc1, 0xff, 0xff, 0xff, 0xff, 0xff, 0xfc,
    0x0, 0x0, 0xbf, 0xff, 0x40, 0x24, 0x0, 0x0,
    0x7f, 0xd1, 0xfc, 0xb, 0xd0, 0x1, 0xbf, 0xf0,
    0xb, 0xeb, 0xfd, 0x2, 0xff, 0xfe, 0x0, 0x3f,
    0xfd, 0x0, 0xf, 0xe3, 0xe0, 0x0, 0xff, 0x40,
    0x0, 0x0, 0x3e, 0x6f, 0x83, 0xff, 0x40, 0x0,
    0x7, 0xff, 0xfc, 0xb, 0xff, 0xc0, 0x0, 0xbf,
    0xe4, 0x0, 0x1b, 0xf4, 0x0, 0x7, 0x40, 0x0,
    0x0, 0x6, 0x0, 0x0, 0x0, 0x0, 0x0, 0x0,
    0x0,

    /* U+8981 "要" */
    0x0, 0x0, 0x0, 0x0, 0x0, 0x0, 0x7f, 0xff,
    0xff, 0xff, 0xff, 0xfd, 0x7f, 0xff, 0xff, 0xff,
    0xff, 0xfd, 0x15, 0x56, 0xf9, 0x6f, 0x55, 0x54,
    0x0, 0x1, 0xf0, 0x2f, 0x0, 0x0, 0xf, 0xff,
    0xff, 0xff, 0xff, 0xf4, 0xf, 0xff, 0xff, 0xff,
    0xff, 0xf4, 0xf, 0x96, 0xf5, 0x6f, 0x56, 0xf4,
    0xf, 0x41, 0xf0, 0x2f, 0x1, 0xf4, 0xf, 0x41,
    0xf0, 0x2f, 0x1, 0xf4, 0xf, 0xff, 0xff, 0xff,
    0xff, 0xf4, 0xf, 0xff, 0xff, 0xff, 0xff, 0xf4,
    0x0, 0x0, 0xbd, 0x0, 0x0, 0x0, 0x0, 0x0,
    0xfc, 0x0, 0x0, 0x0, 0xbf, 0xff, 0xff, 0xff,
    0xff, 0xff, 0xbf, 0xff, 0xff, 0xff, 0xff, 0xff,
    0x15, 0x6f, 0xd5, 0x56, 0xfd, 0x55, 0x0, 0x3f,
    0x40, 0x3, 0xf0, 0x0, 0x0, 0xbf, 0xe9, 0x1f,
    0xd0, 0x0, 0x0, 0xbf, 0xff, 0xff, 0x80, 0x0,
    0x0, 0x0, 0xbf, 0xff, 0xe4, 0x0, 0x1, 0x6b,
    0xff, 0xff, 0xff, 0xe0, 0x3f, 0xff, 0xfd, 0x1,
    0xbf, 0xf8, 0x2f, 0xfa, 0x40, 0x0, 0x6, 0xe0,
    0x0, 0x0, 0x0, 0x0, 0x0, 0x0,

    /* U+89C1 "见" */
    0x0, 0xbf, 0xff, 0xff, 0xff, 0xf0, 0x0, 0xf,
    0xff, 0xff, 0xff, 0xff, 0x0, 0x0, 0xff, 0xff,
    0xff, 0xff, 0xf0, 0x0, 0xf, 0xc0, 0x0, 0x0,
    0x3f, 0x0, 0x0, 0xfc, 0x0, 0x0, 0x3, 0xf0,
    0x0, 0xf, 0xc0, 0x2f, 0x0, 0x3f, 0x0, 0x0,
    0xfc, 0x3, 0xf0, 0x3, 0xf0, 0x0, 0xf, 0xc0,
    0x3f, 0x0, 0x3f, 0x0, 0x0, 0xfc, 0x3, 0xf0,
    0x3, 0xf0, 0x0, 0xf, 0xc0, 0x3f, 0x0, 0x3f,
    0x0, 0x0, 0xfc, 0x3, 0xf0, 0x3, 0xf0, 0x0,
    0xf, 0xc0, 0x3f, 0x0, 0x3f, 0x0, 0x0, 0xfc,
    0x7, 0xe0, 0x3, 0xf0, 0x0, 0xf, 0xc0, 0xbf,
    0xf0, 0x3f, 0x0, 0x0, 0xfc, 0xf, 0xff, 0x3,
    0xf0, 0x0, 0x0, 0x1, 0xff, 0xf0, 0x0, 0x0,
    0x0, 0x0, 0x3f, 0x7f, 0x0, 0x5, 0x0, 0x0,
    0xf, 0xf3, 0xf0, 0x0, 0xbc, 0x0, 0x7, 0xfc,
    0x3f, 0x0, 0xb, 0xc0, 0x6, 0xff, 0x43, 0xf0,
    0x0, 0xfc, 0x1b, 0xff, 0xc0, 0x3f, 0xff, 0xff,
    0x82, 0xff, 0xd0, 0x1, 0xff, 0xff, 0xf0, 0xf,
    0x90, 0x0, 0x1, 0xaa, 0xa4, 0x0, 0x0, 0x0,
    0x0, 0x0, 0x0, 0x0,

    /* U+89C8 "览" */
    0x0, 0x1, 0xa0, 0xe, 0x40, 0x0, 0x1, 0x50,
    0xbc, 0x3, 0xe0, 0x0, 0x0, 0xf8, 0x2f, 0x1,
    0xfe, 0xaa, 0x90, 0x3e, 0xb, 0xc0, 0xff, 0xff,
    0xfc, 0xf, 0x82, 0xf0, 0x3f, 0xff, 0xff, 0x3,
    0xe0, 0xbc, 0x2f, 0x42, 0x0, 0x0, 0xf8, 0x2f,
    0xf, 0xc3, 0xf0, 0x0, 0x3e, 0xb, 0xcf, 0xd0,
    0xbe, 0x0, 0xf, 0x82, 0xf1, 0xf0, 0xf, 0xd0,
    0x0, 0x0, 0xbc, 0x0, 0x0, 0xe0, 0x0, 0xa,
    0xaa, 0xaa, 0xaa, 0xa8, 0x0, 0x3, 0xff, 0xff,
    0xff, 0xff, 0x0, 0x0, 0xff, 0xff, 0xff, 0xff,
    0xc0, 0x0, 0x3e, 0x0, 0x0, 0x3, 0xf0, 0x0,
    0xf, 0x80, 0x7e, 0x0, 0xfc, 0x0, 0x3, 0xe0,
    0x1f, 0x80, 0x3f, 0x0, 0x0, 0xf8, 0x7, 0xe0,
    0xf, 0xc0, 0x0, 0x3e, 0x2, 0xfe, 0x43, 0xf0,
    0x0, 0xf, 0x81, 0xff, 0xe0, 0x68, 0x0, 0x0,
    0x1, 0xfe, 0xf8, 0x0, 0x50, 0x0, 0x7, 0xfe,
    0x3e, 0x0, 0x2f, 0x0, 0x6f, 0xfd, 0xf, 0xd5,
    0x5f, 0xc3, 0xff, 0xf4, 0x3, 0xff, 0xff, 0xe0,
    0x3f, 0x90, 0x0, 0x3f, 0xff, 0xe0, 0x0, 0x0,
    0x0, 0x0, 0x0, 0x0, 0x0,

    /* U+8BA4 "认" */
    0x0, 0x40, 0x0, 0x3, 0xe0, 0x0, 0x0, 0xf4,
    0x0, 0x0, 0xf8, 0x0, 0x0, 0x7f, 0x80, 0x0,
    0x3e, 0x0, 0x0, 0x7, 0xf8, 0x0, 0xf, 0x80,
    0x0, 0x0, 0x7f, 0x0, 0x3, 0xe0, 0x0, 0x0,
    0x7, 0x0, 0x1, 0xf8, 0x0, 0x0, 0x0, 0x0,
    0x0, 0x7e, 0x0, 0x0, 0x0, 0x0, 0x0, 0x1f,
    0x40, 0x0, 0xff, 0xfc, 0x0, 0x7, 0xe0, 0x0,
    0x3f, 0xff, 0x0, 0x2, 0xf8, 0x0, 0xa, 0xaf,
    0xc0, 0x0, 0xbf, 0x0, 0x0, 0x3, 0xf0, 0x0,
    0x3f, 0xc0, 0x0, 0x0, 0xfc, 0x0, 0xf, 0xf4,
    0x0, 0x0, 0x3f, 0x0, 0x3, 0xfe, 0x0, 0x0,
    0xf, 0xc0, 0x1, 0xff, 0xc0, 0x0, 0x3, 0xf0,
    0x0, 0xbe, 0xf4, 0x0, 0x0, 0xfc, 0x0, 0x3f,
    0x3e, 0x0, 0x0, 0x3f, 0x38, 0x2f, 0x8b, 0xd0,
    0x0, 0xf, 0xff, 0xf, 0xc0, 0xfc, 0x0, 0x3,
    0xff, 0x4f, 0xe0, 0x2f, 0x80, 0x1, 0xff, 0xb,
    0xf0, 0x3, 0xf4, 0x0, 0xfe, 0xb, 0xf4, 0x0,
    0x7f, 0x80, 0x2d, 0x3, 0xf4, 0x0, 0xb, 0xf0,
    0x0, 0x0, 0x34, 0x0, 0x0, 0xb0, 0x0, 0x0,
    0x0, 0x0, 0x0, 0x0, 0x0,

    /* U+8BB0 "记" */
    0x0, 0x0, 0x0, 0x0, 0x0, 0x0, 0x1, 0xe0,
    0x0, 0x0, 0x0, 0x0, 0x0, 0xfe, 0x1, 0xff,
    0xff, 0xff, 0x80, 0xf, 0xf0, 0x7f, 0xff, 0xff,
    0xe0, 0x0, 0xfe, 0xa, 0xaa, 0xaa, 0xf8, 0x0,
    0xf, 0x40, 0x0, 0x0, 0x3e, 0x0, 0x0, 0x40,
    0x0, 0x0, 0xf, 0x80, 0x0, 0x0, 0x0, 0x0,
    0x3, 0xe0, 0xff, 0xf8, 0x0, 0x0, 0x0, 0xf8,
    0x3f, 0xfe, 0x0, 0x0, 0x0, 0x3e, 0xa, 0xaf,
    0x80, 0xff, 0xff, 0xff, 0x80, 0x3, 0xe0, 0x3f,
    0xff, 0xff, 0xe0, 0x0, 0xf8, 0xf, 0xea, 0xaa,
    0xf8, 0x0, 0x3e, 0x3, 0xf0, 0x0, 0x3e, 0x0,
    0xf, 0x80, 0xfc, 0x0, 0x0, 0x0, 0x3, 0xe0,
    0x3f, 0x0, 0x0, 0x0, 0x0, 0xf8, 0xf, 0xc0,
    0x0, 0x0, 0x0, 0x3e, 0x23, 0xf0, 0x0, 0x6,
    0x0, 0xf, 0xfd, 0xfc, 0x0, 0x1, 0xf4, 0x3,
    0xff, 0x7f, 0x0, 0x0, 0x7c, 0x1, 0xff, 0x4f,
    0xc0, 0x0, 0x3f, 0x0, 0xff, 0x42, 0xfe, 0xaa,
    0xbf, 0xc0, 0x3f, 0x0, 0x7f, 0xff, 0xff, 0xd0,
    0x2, 0x0, 0x7, 0xff, 0xff, 0xd0, 0x0, 0x0,
    0x0, 0x0, 0x0, 0x0, 0x0,

    /* U+8BBF "访" */
    0x0, 0x0, 0x0, 0x0, 0x0, 0x0, 0x0, 0x40,
    0x0, 0x1, 0xb4, 0x0, 0x0, 0xbc, 0x0, 0x0,
    0x7e, 0x0, 0x0, 0x2f, 0xc0, 0x0, 0xf, 0xc0,
    0x0, 0x2, 0xfc, 0x0, 0x3, 0xf4, 0x0, 0x0,
    0x2f, 0x4a, 0xaa, 0xfa, 0xaa, 0x80, 0x3, 0x43,
    0xff, 0xff, 0xff, 0xf0, 0x0, 0x0, 0xff, 0xff,
    0xff, 0xfc, 0x0, 0x0, 0x0, 0xbd, 0x0, 0x0,
    0x2f, 0xfe, 0x0, 0x2f, 0x0, 0x0, 0xb, 0xff,
    0x80, 0xb, 0xc0, 0x0, 0x2, 0xff, 0xe0, 0x3,
    0xfa, 0xaa, 0x90, 0x0, 0xf8, 0x0, 0xff, 0xff,
    0xf8, 0x0, 0x3e, 0x0, 0x3f, 0xff, 0xfe, 0x0,
    0xf, 0x80, 0xf, 0x80, 0xf, 0x80, 0x3, 0xe0,
    0x3, 0xe0, 0x3, 0xe0, 0x0, 0xf8, 0x1, 0xf4,
    0x0, 0xf8, 0x0, 0x3e, 0x28, 0xbc, 0x0, 0x7d,
    0x0, 0xf, 0xff, 0x3f, 0x0, 0x1f, 0x40, 0x3,
    0xff, 0x9f, 0x80, 0xb, 0xd0, 0x1, 0xff, 0x4b,
    0xd0, 0x2, 0xf0, 0x0, 0xff, 0x7, 0xf0, 0x0,
    0xfc, 0x0, 0x7e, 0x3, 0xf4, 0x2a, 0xbf, 0x0,
    0xa, 0x2, 0xf8, 0xb, 0xff, 0x40, 0x0, 0x0,
    0x28, 0x1, 0xff, 0x40, 0x0, 0x0, 0x0, 0x0,
    0x0, 0x0, 0x0,

    /* U+8BC1 "证" */
    0x1, 0x0, 0x0, 0x0, 0x0, 0x0, 0x7, 0xe0,
    0x6, 0xaa, 0xaa, 0xaa, 0x40, 0xfe, 0x3, 0xff,
    0xff, 0xff, 0xf0, 0xf, 0xe0, 0xff, 0xff, 0xff,
    0xfc, 0x0, 0xfc, 0x0, 0x0, 0xfc, 0x0, 0x0,
    0xc, 0x0, 0x0, 0x3f, 0x0, 0x0, 0x0, 0x0,
    0x0, 0xf, 0xc0, 0x0, 0x0, 0x0, 0x0, 0x3,
    0xf0, 0x0, 0xff, 0xf0, 0x5, 0x40, 0xfc, 0x0,
    0x3f, 0xfc, 0x2, 0xf0, 0x3f, 0x0, 0xa, 0xbf,
    0x0, 0xbc, 0xf, 0xea, 0x80, 0xb, 0xc0, 0x2f,
    0x3, 0xff, 0xf4, 0x2, 0xf0, 0xb, 0xc0, 0xff,
    0xfd, 0x0, 0xbc, 0x2, 0xf0, 0x3f, 0x0, 0x0,
    0x2f, 0x0, 0xbc, 0xf, 0xc0, 0x0, 0xb, 0xc0,
    0x2f, 0x3, 0xf0, 0x0, 0x2, 0xf1, 0x4b, 0xc0,
    0xfc, 0x0, 0x0, 0xbe, 0xf2, 0xf0, 0x3f, 0x0,
    0x0, 0x2f, 0xfd, 0xbc, 0xf, 0xc0, 0x0, 0xb,
    0xfd, 0x2f, 0x3, 0xf0, 0x0, 0x3, 0xfc, 0x5f,
    0xd5, 0xfd, 0x55, 0x3, 0xfc, 0x2f, 0xff, 0xff,
    0xff, 0xd0, 0xb8, 0xb, 0xff, 0xff, 0xff, 0xf4,
    0x4, 0x0, 0x55, 0x55, 0x55, 0x54,

    /* U+8C37 "谷" */
    0x0, 0x0, 0x40, 0x0, 0x20, 0x0, 0x0, 0x0,
    0x1f, 0x80, 0x2f, 0xc0, 0x0, 0x0, 0x7, 0xf8,
    0x0, 0xff, 0x40, 0x0, 0x1, 0xfe, 0x0, 0x3,
    0xfd, 0x0, 0x0, 0xbf, 0x80, 0x10, 0xb, 0xf8,
    0x0, 0x7f, 0xe0, 0xf, 0xc0, 0x1f, 0xe0, 0x7,
    0xf4, 0x2, 0xfc, 0x0, 0x7f, 0x0, 0x1c, 0x0,
    0xbf, 0xe0, 0x1, 0x80, 0x0, 0x0, 0x2f, 0xff,
    0x80, 0x0, 0x0, 0x0, 0xf, 0xf4, 0xff, 0x0,
    0x0, 0x0, 0x7, 0xfd, 0x3, 0xfe, 0x0, 0x0,
    0x2, 0xff, 0x40, 0xf, 0xfd, 0x0, 0x2, 0xff,
    0xc0, 0x0, 0x2f, 0xfd, 0x2, 0xff, 0xf5, 0x55,
    0x55, 0xbf, 0xfc, 0x1f, 0xff, 0xff, 0xff, 0xff,
    0xff, 0x40, 0xb4, 0xff, 0xff, 0xff, 0xfc, 0xa0,
    0x0, 0xf, 0x80, 0x0, 0xf, 0xc0, 0x0, 0x0,
    0xf8, 0x0, 0x0, 0xfc, 0x0, 0x0, 0xf, 0x80,
    0x0, 0xf, 0xc0, 0x0, 0x0, 0xf8, 0x0, 0x0,
    0xfc, 0x0, 0x0, 0xf, 0x80, 0x0, 0xf, 0xc0,
    0x0, 0x0, 0xff, 0xff, 0xff, 0xfc, 0x0, 0x0,
    0xf, 0xff, 0xff, 0xff, 0xc0, 0x0, 0x0, 0xfd,
    0x55, 0x55, 0xfc, 0x0, 0x0, 0x0, 0x0, 0x0,
    0x0, 0x0, 0x0,

    /* U+8D44 "资" */
    0x0, 0x0, 0x0, 0x0, 0x0, 0x0, 0x0, 0x40,
    0x0, 0x3d, 0x0, 0x0, 0x0, 0x7e, 0x0, 0x2f,
    0x40, 0x0, 0x0, 0x2f, 0xf8, 0xf, 0xff, 0xff,
    0xfc, 0x0, 0xbf, 0x4f, 0xff, 0xff, 0xff, 0x0,
    0x3, 0x8b, 0xe0, 0xfc, 0x1f, 0x80, 0x0, 0x7,
    0xf0, 0x7f, 0xb, 0xc0, 0x0, 0x6, 0xb0, 0x3f,
    0xf1, 0xa0, 0x0, 0x6f, 0xc0, 0x2f, 0xff, 0x0,
    0x6, 0xff, 0xf0, 0x2f, 0xc7, 0xf4, 0x2, 0xff,
    0x90, 0xbf, 0xc0, 0x7f, 0xe4, 0x7d, 0x0, 0xff,
    0x80, 0x3, 0xfc, 0x0, 0x0, 0x1e, 0x0, 0x0,
    0x1d, 0x0, 0x1a, 0xaa, 0xaa, 0xaa, 0xa8, 0x0,
    0xb, 0xff, 0xff, 0xff, 0xff, 0x0, 0x2, 0xff,
    0xff, 0xff, 0xff, 0xc0, 0x0, 0xbc, 0x0, 0x50,
    0x3, 0xf0, 0x0, 0x2f, 0x0, 0xbc, 0x0, 0xfc,
    0x0, 0xb, 0xc0, 0x3f, 0x0, 0x3f, 0x0, 0x2,
    0xf0, 0x2f, 0x80, 0xf, 0xc0, 0x0, 0x68, 0x1f,
    0xcf, 0xe1, 0x50, 0x0, 0x0, 0x7f, 0xc7, 0xff,
    0xe0, 0x0, 0x16, 0xff, 0xc0, 0x1f, 0xff, 0xd0,
    0xff, 0xff, 0x40, 0x0, 0x2f, 0xfc, 0x1f, 0xf9,
    0x0, 0x0, 0x0, 0x6d, 0x1, 0x0, 0x0, 0x0,
    0x0, 0x0, 0x0,

    /* U+8D70 "走" */
    0x0, 0x0, 0x2, 0xf0, 0x0, 0x0, 0x0, 0x0,
    0x0, 0xfc, 0x0, 0x0, 0x0, 0x0, 0x0, 0x3f,
    0x0, 0x0, 0x0, 0x7, 0xff, 0xff, 0xff, 0xff,
    0xd0, 0x1, 0xff, 0xff, 0xff, 0xff, 0xf4, 0x0,
    0x2a, 0xaa, 0xfe, 0xaa, 0xa8, 0x0, 0x0, 0x0,
    0x3f, 0x0, 0x0, 0x0, 0x0, 0x0, 0xf, 0xc0,
    0x0, 0x0, 0x1a, 0xaa, 0xab, 0xfa, 0xaa, 0xaa,
    0xb, 0xff, 0xff, 0xff, 0xff, 0xff, 0xd2, 0xff,
    0xff, 0xff, 0xff, 0xff, 0xf4, 0x0, 0x0, 0xb,
    0xc0, 0x0, 0x0, 0x0, 0x3e, 0x2, 0xf0, 0x0,
    0x0, 0x0, 0xf, 0x80, 0xbc, 0x0, 0x0, 0x0,
    0x7, 0xe0, 0x2f, 0xff, 0xff, 0x80, 0x2, 0xf4,
    0xb, 0xff, 0xff, 0xe0, 0x0, 0xfe, 0x2, 0xfa,
    0xaa, 0xa4, 0x0, 0x3f, 0xc0, 0xbc, 0x0, 0x0,
    0x0, 0x2f, 0xfc, 0x2f, 0x0, 0x0, 0x0, 0xf,
    0xdf, 0xdb, 0xc0, 0x0, 0x0, 0xb, 0xe2, 0xff,
    0xf0, 0x0, 0x0, 0x7, 0xf0, 0x1f, 0xff, 0xea,
    0xaa, 0xa7, 0xf4, 0x0, 0xbf, 0xff, 0xff, 0xf4,
    0x74, 0x0, 0x1, 0xbf, 0xff, 0xfc, 0x0, 0x0,
    0x0, 0x0, 0x0, 0x0, 0x0,

    /* U+8DB3 "足" */
    0x0, 0xff, 0xff, 0xff, 0xff, 0xf0, 0x0, 0xf,
    0xff, 0xff, 0xff, 0xff, 0x0, 0x0, 0xfe, 0xaa,
    0xaa, 0xab, 0xf0, 0x0, 0xf, 0xc0, 0x0, 0x0,
    0x3f, 0x0, 0x0, 0xfc, 0x0, 0x0, 0x3, 0xf0,
    0x0, 0xf, 0xc0, 0x0, 0x0, 0x3f, 0x0, 0x0,
    0xfc, 0x0, 0x0, 0x3, 0xf0, 0x0, 0xf, 0xff,
    0xff, 0xff, 0xff, 0x0, 0x0, 0xff, 0xff, 0xff,
    0xff, 0xf0, 0x0, 0xa, 0xaa, 0xbf, 0xea, 0xaa,
    0x0, 0x0, 0x0, 0x1, 0xf8, 0x0, 0x0, 0x0,
    0x1, 0xa0, 0x1f, 0x80, 0x0, 0x0, 0x0, 0x3f,
    0x1, 0xf8, 0x0, 0x0, 0x0, 0x3, 0xf0, 0x1f,
    0xff, 0xff, 0xc0, 0x0, 0x3f, 0x1, 0xff, 0xff,
    0xfc, 0x0, 0x7, 0xf0, 0x1f, 0xea, 0xaa, 0x80,
    0x0, 0xff, 0x81, 0xf8, 0x0, 0x0, 0x0, 0xf,
    0xfd, 0x1f, 0x80, 0x0, 0x0, 0x2, 0xf7, 0xf9,
    0xf8, 0x0, 0x0, 0x0, 0x7f, 0xf, 0xff, 0x80,
    0x0, 0x0, 0xf, 0xd0, 0x3f, 0xff, 0xea, 0xaa,
    0x82, 0xf8, 0x0, 0x7f, 0xff, 0xff, 0xf8, 0xa,
    0x0, 0x0, 0x6b, 0xff, 0xff, 0x40, 0x0, 0x0,
    0x0, 0x0, 0x0, 0x0,

    /* U+8DEF "路" */
    0x0, 0x0, 0x0, 0x2, 0x90, 0x0, 0x0, 0xff,
    0xff, 0x80, 0x3f, 0x0, 0x0, 0xf, 0xff, 0xfc,
    0xb, 0xe5, 0x64, 0x0, 0xf9, 0x5f, 0xc0, 0xff,
    0xff, 0xe0, 0xf, 0x80, 0xfc, 0x3f, 0xff, 0xfd,
    0x0, 0xf8, 0xf, 0xc7, 0xf0, 0xf, 0xc0, 0xf,
    0x80, 0xfd, 0xff, 0x82, 0xf4, 0x0, 0xff, 0xff,
    0xff, 0xfd, 0x7f, 0x0, 0xf, 0xff, 0xfd, 0xe2,
    0xff, 0xd0, 0x0, 0x2, 0xf4, 0x0, 0xf, 0xf8,
    0x0, 0x0, 0x1f, 0x0, 0x0, 0xff, 0x40, 0x0,
    0xa1, 0xf0, 0x0, 0x7f, 0xfe, 0x0, 0xf, 0x5f,
    0x54, 0x2f, 0xe7, 0xfe, 0x0, 0xf5, 0xff, 0xef,
    0xf4, 0xf, 0xfd, 0xf, 0x5f, 0xff, 0xfe, 0x55,
    0x7f, 0x80, 0xf5, 0xf0, 0x1f, 0xff, 0xff, 0xf0,
    0xf, 0x5f, 0x0, 0x3f, 0xff, 0xfe, 0x0, 0xf5,
    0xf0, 0x3, 0xe0, 0x3, 0xe0, 0xf, 0x5f, 0x19,
    0x3e, 0x0, 0x3e, 0x0, 0xf6, 0xff, 0xd3, 0xe0,
    0x3, 0xe0, 0x2f, 0xff, 0xfd, 0x3e, 0x0, 0x3e,
    0x3, 0xff, 0xe4, 0x3, 0xff, 0xff, 0xe0, 0x3e,
    0x40, 0x0, 0x3f, 0xff, 0xfe, 0x0, 0x0, 0x0,
    0x3, 0xe5, 0x57, 0xe0, 0x0, 0x0, 0x0, 0x0,
    0x0, 0x0, 0x0,

    /* U+8EAB "身" */
    0x0, 0x0, 0x0, 0x0, 0x0, 0x0, 0x0, 0x0,
    0xb, 0xe0, 0x0, 0x0, 0x0, 0x0, 0xf, 0xd0,
    0x0, 0x0, 0x0, 0x55, 0x6f, 0xd5, 0x55, 0x0,
    0x0, 0xff, 0xff, 0xff, 0xfe, 0x0, 0x0, 0xff,
    0xff, 0xff, 0xfe, 0x0, 0x0, 0xfc, 0x0, 0x0,
    0x3e, 0x0, 0x0, 0xfc, 0x0, 0x0, 0x7e, 0x0,
    0x0, 0xff, 0xff, 0xff, 0xfe, 0x0, 0x0, 0xff,
    0xff, 0xff, 0xfe, 0x10, 0x0, 0xfc, 0x0, 0x0,
    0x3e, 0x3e, 0x0, 0xff, 0xff, 0xff, 0xfe, 0xfd,
    0x0, 0xff, 0xff, 0xff, 0xff, 0xf8, 0x0, 0xfc,
    0x0, 0x0, 0x7f, 0xe0, 0x0, 0xfc, 0x0, 0x0,
    0x3f, 0xc0, 0x2a, 0xfe, 0xaa, 0xaa, 0xff, 0x0,
    0x3f, 0xff, 0xff, 0xff, 0xfe, 0x0, 0x3f, 0xff,
    0xff, 0xff, 0xfe, 0x0, 0x0, 0x0, 0x1, 0xff,
    0x7e, 0x0, 0x0, 0x0, 0x1f, 0xf8, 0x3e, 0x0,
    0x0, 0x1, 0xff, 0xd0, 0x3e, 0x0, 0x0, 0x2f,
    0xfd, 0x0, 0x3e, 0x0, 0x1b, 0xff, 0xd0, 0xaa,
    0xbe, 0x0, 0xbf, 0xfd, 0x0, 0xbf, 0xfd, 0x0,
    0x3f, 0x80, 0x0, 0x3f, 0xf4, 0x0, 0x0, 0x0,
    0x0, 0x0, 0x0, 0x0,

    /* U+8F66 "车" */
    0x0, 0x0, 0x0, 0x0, 0x0, 0x0, 0x0, 0x0,
    0xb8, 0x0, 0x0, 0x0, 0x0, 0x0, 0xfe, 0x0,
    0x0, 0x0, 0x0, 0x1, 0xfc, 0x0, 0x0, 0x0,
    0x0, 0x2, 0xf8, 0x0, 0x0, 0x0, 0x3f, 0xff,
    0xff, 0xff, 0xff, 0xfc, 0x3f, 0xff, 0xff, 0xff,
    0xff, 0xfc, 0x2a, 0xaf, 0xea, 0xaa, 0xaa, 0xa8,
    0x0, 0x2f, 0x80, 0xa4, 0x0, 0x0, 0x0, 0x3f,
    0x0, 0xfc, 0x0, 0x0, 0x0, 0xfd, 0x0, 0xfc,
    0x0, 0x0, 0x2, 0xfc, 0x0, 0xfc, 0x0, 0x0,
    0x7, 0xff, 0xff, 0xff, 0xff, 0xd0, 0x7, 0xff,
    0xff, 0xff, 0xff, 0xd0, 0x3, 0xea, 0xaa, 0xfe,
    0xaa, 0x90, 0x0, 0x0, 0x0, 0xfc, 0x0, 0x0,
    0x0, 0x0, 0x0, 0xfc, 0x0, 0x0, 0x0, 0x0,
    0x0, 0xfc, 0x0, 0x0, 0xbf, 0xff, 0xff, 0xff,
    0xff, 0xfe, 0xbf, 0xff, 0xff, 0xff, 0xff, 0xfe,
    0x6a, 0xaa, 0xaa, 0xfe, 0xaa, 0xa9, 0x0, 0x0,
    0x0, 0xfc, 0x0, 0x0, 0x0, 0x0, 0x0, 0xfc,
    0x0, 0x0, 0x0, 0x0, 0x0, 0xfc, 0x0, 0x0,
    0x0, 0x0, 0x0, 0xfc, 0x0, 0x0,

    /* U+8F86 "辆" */
    0x7, 0xc0, 0x0, 0x0, 0x0, 0x0, 0x7, 0xc0,
    0x15, 0x55, 0x55, 0x55, 0xb, 0xc0, 0x2f, 0xff,
    0xff, 0xff, 0xff, 0xff, 0xaf, 0xff, 0xff, 0xff,
    0xff, 0xff, 0x80, 0xf, 0x3d, 0x0, 0x5f, 0x95,
    0x0, 0xf, 0x2d, 0x0, 0xf, 0x40, 0x0, 0xf,
    0x2d, 0x0, 0x1f, 0x64, 0xa, 0xaf, 0xbe, 0xa8,
    0x2f, 0x7c, 0x1f, 0xff, 0xff, 0xfd, 0x3e, 0x7c,
    0x1f, 0xff, 0xff, 0xfd, 0x3d, 0x7c, 0x1f, 0xf,
    0x2d, 0x3d, 0xbf, 0xff, 0x9f, 0xf, 0x3c, 0x3d,
    0xbf, 0xff, 0x9f, 0xf, 0x3d, 0x3d, 0x25, 0xbd,
    0x5f, 0x1f, 0x3f, 0x3d, 0x0, 0x7c, 0x1f, 0x2f,
    0xbf, 0x7d, 0x0, 0x7c, 0x5f, 0x3f, 0xff, 0xbd,
    0x1, 0xbf, 0xdf, 0x3c, 0xfb, 0xfd, 0xff, 0xff,
    0xdf, 0xbc, 0xb5, 0xfd, 0xbf, 0xfc, 0x1f, 0xf4,
    0xf0, 0x7d, 0x64, 0x7c, 0x1f, 0x20, 0x60, 0x3d,
    0x0, 0x7c, 0x1f, 0x0, 0x0, 0x3d, 0x0, 0x7c,
    0x1f, 0x0, 0x0, 0x3d, 0x0, 0x7c, 0x1f, 0x0,
    0xb, 0xfd, 0x0, 0x7c, 0x1f, 0x0, 0x7, 0xf4,

    /* U+8FB9 "边" */
    0x1, 0x40, 0x0, 0xf, 0xc0, 0x0, 0x0, 0xbd,
    0x0, 0x0, 0xfc, 0x0, 0x0, 0x7, 0xf4, 0x0,
    0xf, 0xc0, 0x0, 0x0, 0x1f, 0xd0, 0x0, 0xfc,
    0x0, 0x0, 0x0, 0xbe, 0x2a, 0xaf, 0xea, 0xaa,
    0x0, 0x3, 0x87, 0xff, 0xff, 0xff, 0xf0, 0x0,
    0x0, 0x7f, 0xff, 0xff, 0xff, 0x0, 0x0, 0x0,
    0x1, 0xf8, 0x3, 0xf0, 0x0, 0x0, 0x0, 0x2f,
    0x40, 0x3f, 0x3, 0xff, 0xc0, 0x2, 0xf0, 0x3,
    0xf0, 0x3f, 0xfc, 0x0, 0x3f, 0x0, 0x3f, 0x2,
    0xaf, 0xc0, 0x3, 0xe0, 0x3, 0xf0, 0x0, 0xfc,
    0x0, 0xbd, 0x0, 0x3f, 0x0, 0xf, 0xc0, 0xf,
    0xc0, 0x3, 0xe0, 0x0, 0xfc, 0x2, 0xf8, 0x0,
    0x7e, 0x0, 0xf, 0xc0, 0x7f, 0x0, 0x7, 0xd0,
    0x0, 0xfc, 0x1f, 0xd0, 0x0, 0xfd, 0x0, 0xf,
    0xcb, 0xf8, 0xf, 0xff, 0xc0, 0x0, 0xfc, 0x3e,
    0x0, 0xbf, 0xf4, 0x0, 0x7f, 0xe0, 0x40, 0x2,
    0xa4, 0x0, 0x2f, 0xff, 0xd0, 0x0, 0x0, 0x0,
    0x47, 0xf4, 0x7f, 0xfe, 0xaa, 0xbf, 0xfc, 0x3e,
    0x0, 0xff, 0xff, 0xff, 0xff, 0x81, 0xc0, 0x1,
    0xbf, 0xff, 0xff, 0xf4, 0x0, 0x0, 0x0, 0x0,
    0x0, 0x0, 0x0,

    /* U+8FBE "达" */
    0x0, 0x0, 0x0, 0x3, 0xe0, 0x0, 0x0, 0xbc,
    0x0, 0x0, 0x3f, 0x0, 0x0, 0xb, 0xe0, 0x0,
    0x3, 0xe0, 0x0, 0x0, 0x3f, 0x40, 0x0, 0x3e,
    0x0, 0x0, 0x1, 0xfc, 0x0, 0x7, 0xe0, 0x0,
    0x0, 0xf, 0xc7, 0xff, 0xff, 0xff, 0xf8, 0x0,
    0x50, 0x7f, 0xff, 0xff, 0xff, 0x80, 0x0, 0x6,
    0xaa, 0xff, 0xaa, 0xa4, 0x0, 0x0, 0x0, 0xb,
    0xc0, 0x0, 0x2, 0xaa, 0x80, 0x0, 0xfd, 0x0,
    0x0, 0x3f, 0xfc, 0x0, 0xf, 0xf4, 0x0, 0x3,
    0xff, 0xc0, 0x1, 0xff, 0xe0, 0x0, 0x0, 0xbc,
    0x0, 0x3f, 0xbf, 0x40, 0x0, 0xb, 0xc0, 0xb,
    0xf1, 0xfd, 0x0, 0x0, 0xbc, 0x1, 0xfd, 0x7,
    0xf4, 0x0, 0xb, 0xc0, 0x7f, 0x80, 0x2f, 0xd0,
    0x0, 0xbc, 0x2f, 0xf0, 0x0, 0xbf, 0x0, 0xb,
    0xc7, 0xfc, 0x0, 0x3, 0xf8, 0x0, 0xfc, 0x2e,
    0x0, 0x0, 0xd, 0x0, 0x7f, 0xf4, 0x0, 0x0,
    0x0, 0x0, 0x1f, 0xef, 0xf4, 0x0, 0x0, 0x5,
    0x83, 0xf4, 0x2f, 0xff, 0xff, 0xff, 0xfc, 0x2e,
    0x0, 0x7f, 0xff, 0xff, 0xff, 0x80, 0xc0, 0x0,
    0x1a, 0xaa, 0xaa, 0xa4, 0x0, 0x0, 0x0, 0x0,
    0x0, 0x0, 0x0,

    /* U+8FC7 "过" */
    0x0, 0x0, 0x0, 0x0, 0xb, 0xc0, 0x0, 0x78,
    0x0, 0x0, 0x0, 0xfc, 0x0, 0xf, 0xe0, 0x0,
    0x0, 0xf, 0xc0, 0x0, 0x3f, 0x80, 0x0, 0x0,
    0xfc, 0x0, 0x0, 0xfd, 0x6a, 0xaa, 0xaf, 0xea,
    0x0, 0x7, 0xcb, 0xff, 0xff, 0xff, 0xf4, 0x0,
    0x10, 0xbf, 0xff, 0xff, 0xff, 0x40, 0x0, 0x0,
    0x0, 0x0, 0xfc, 0x0, 0x0, 0x0, 0x1, 0x0,
    0xf, 0xc0, 0x1, 0xaa, 0x81, 0xf8, 0x0, 0xfc,
    0x0, 0x3f, 0xfc, 0xf, 0xd0, 0xf, 0xc0, 0x3,
    0xff, 0xc0, 0x7f, 0x0, 0xfc, 0x0, 0x0, 0xbc,
    0x2, 0xf8, 0xf, 0xc0, 0x0, 0xb, 0xc0, 0xf,
    0xc0, 0xfc, 0x0, 0x0, 0xbc, 0x0, 0x60, 0xf,
    0xc0, 0x0, 0xb, 0xc0, 0x0, 0x0, 0xfc, 0x0,
    0x0, 0xbc, 0x0, 0x0, 0xf, 0xc0, 0x0, 0xb,
    0xc0, 0x1, 0xff, 0xfc, 0x0, 0x0, 0xfc, 0x0,
    0xf, 0xff, 0x80, 0x0, 0x7f, 0xf4, 0x0, 0xaa,
    0x90, 0x0, 0x1f, 0xff, 0xf5, 0x0, 0x0, 0x15,
    0x83, 0xf8, 0x7f, 0xff, 0xff, 0xff, 0xf8, 0x2e,
    0x0, 0xbf, 0xff, 0xff, 0xff, 0x40, 0xc0, 0x0,
    0x5a, 0xaa, 0xaa, 0xa0, 0x0, 0x0, 0x0, 0x0,
    0x0, 0x0, 0x0,

    /* U+8FD4 "返" */
    0x0, 0x0, 0x0, 0x0, 0x0, 0x68, 0x0, 0x78,
    0x0, 0x55, 0xab, 0xff, 0xe0, 0xf, 0xe0, 0xf,
    0xff, 0xff, 0xff, 0x40, 0x7f, 0x40, 0xff, 0xff,
    0xa4, 0x0, 0x1, 0xfd, 0xf, 0xc0, 0x0, 0x0,
    0x0, 0xb, 0x80, 0xfc, 0x0, 0x0, 0x0, 0x0,
    0x0, 0xf, 0xea, 0xaa, 0xa8, 0x0, 0x0, 0x0,
    0xff, 0xff, 0xff, 0xe0, 0x0, 0x0, 0xf, 0xff,
    0xff, 0xfd, 0x2, 0xaa, 0x80, 0xfc, 0x0, 0xf,
    0xc0, 0x3f, 0xfc, 0xf, 0x8e, 0x1, 0xf8, 0x3,
    0xff, 0xc0, 0xfb, 0xf8, 0x3f, 0x0, 0x0, 0xfc,
    0x1f, 0x8f, 0xfb, 0xe0, 0x0, 0xf, 0xc2, 0xf4,
    0x3f, 0xfc, 0x0, 0x0, 0xfc, 0x3f, 0x0, 0xff,
    0x80, 0x0, 0xf, 0xc3, 0xf0, 0x1f, 0xfd, 0x0,
    0x0, 0xfc, 0xbe, 0xb, 0xff, 0xf4, 0x0, 0xf,
    0xdf, 0xcb, 0xfe, 0x2f, 0xd0, 0x0, 0xfd, 0xf8,
    0xff, 0x40, 0xbe, 0x0, 0x3f, 0xd1, 0x3, 0x80,
    0x2, 0x80, 0x1f, 0xff, 0xe4, 0x0, 0x0, 0x0,
    0x3, 0xf9, 0xbf, 0xff, 0xff, 0xff, 0xfc, 0x2e,
    0x1, 0xbf, 0xff, 0xff, 0xff, 0x80, 0xc0, 0x0,
    0x5a, 0xaa, 0xaa, 0xa0, 0x0, 0x0, 0x0, 0x0,
    0x0, 0x0, 0x0,

    /* U+8FD8 "还" */
    0x0, 0x0, 0x0, 0x0, 0x0, 0x0, 0x0, 0x28,
    0x0, 0x0, 0x0, 0x0, 0x0, 0xf, 0xe0, 0x6a,
    0xaa, 0xaa, 0xaa, 0x0, 0x3f, 0x8b, 0xff, 0xff,
    0xff, 0xf0, 0x1, 0xfd, 0xbf, 0xff, 0xff, 0xff,
    0x0, 0xb, 0xe0, 0x0, 0x3f, 0x40, 0x0, 0x0,
    0x38, 0x0, 0x7, 0xf0, 0x0, 0x0, 0x0, 0x0,
    0x0, 0xfd, 0x0, 0x0, 0x0, 0x0, 0x0, 0x2f,
    0xc0, 0x0, 0x0, 0x0, 0x0, 0x7, 0xfc, 0x10,
    0x0, 0x3f, 0xfc, 0x0, 0xff, 0xdf, 0x40, 0x3,
    0xff, 0xc0, 0x3f, 0xfe, 0xfd, 0x0, 0x2a, 0xfc,
    0xf, 0xeb, 0xc7, 0xf4, 0x0, 0xf, 0xc7, 0xf8,
    0xbc, 0x1f, 0xd0, 0x0, 0xfe, 0xfe, 0xb, 0xc0,
    0xbf, 0x40, 0xf, 0xcf, 0x80, 0xbc, 0x2, 0xf0,
    0x0, 0xfc, 0x50, 0xb, 0xc0, 0x8, 0x0, 0xf,
    0xc0, 0x0, 0xbc, 0x0, 0x0, 0x0, 0xfc, 0x0,
    0xb, 0xc0, 0x0, 0x0, 0xf, 0xc0, 0x0, 0xbc,
    0x0, 0x0, 0x7, 0xfe, 0x0, 0xb, 0xc0, 0x0,
    0x1, 0xff, 0xfd, 0x0, 0x0, 0x0, 0x4, 0x7f,
    0x8b, 0xff, 0xea, 0xab, 0xff, 0xc3, 0xe0, 0x1f,
    0xff, 0xff, 0xff, 0xf8, 0x1c, 0x0, 0x1b, 0xff,
    0xff, 0xff, 0x40, 0x0, 0x0, 0x0, 0x0, 0x0,
    0x0,

    /* U+8FFD "追" */
    0x0, 0x0, 0x0, 0x0, 0x0, 0x0, 0x0, 0x0,
    0x0, 0x0, 0xbd, 0x0, 0x0, 0x7, 0x40, 0x0,
    0xf, 0xc0, 0x0, 0x0, 0xfd, 0x0, 0x55, 0xfd,
    0x55, 0x0, 0x7, 0xf4, 0x1f, 0xff, 0xff, 0xf0,
    0x0, 0x1f, 0xc1, 0xff, 0xff, 0xff, 0x0, 0x0,
    0xb8, 0x1f, 0x40, 0x2, 0xf0, 0x0, 0x1, 0x1,
    0xf4, 0x0, 0x2f, 0x0, 0x0, 0x0, 0x1f, 0x95,
    0x57, 0xf0, 0x0, 0x0, 0x1, 0xff, 0xff, 0xff,
    0x0, 0x2a, 0xa8, 0x1f, 0xff, 0xff, 0xf0, 0x3,
    0xff, 0xc1, 0xf4, 0x0, 0x0, 0x0, 0x2a, 0xfc,
    0x1f, 0x40, 0x0, 0x0, 0x0, 0xb, 0xc1, 0xff,
    0xff, 0xff, 0xc0, 0x0, 0xbc, 0x1f, 0xff, 0xff,
    0xfc, 0x0, 0xb, 0xc1, 0xf4, 0x0, 0xb, 0xc0,
    0x0, 0xbc, 0x1f, 0x40, 0x0, 0xbc, 0x0, 0xb,
    0xc1, 0xf4, 0x0, 0xb, 0xc0, 0x0, 0xbc, 0x1f,
    0xff, 0xff, 0xfc, 0x0, 0xb, 0xc1, 0xff, 0xff,
    0xff, 0xc0, 0x0, 0xfd, 0xa, 0xaa, 0xaa, 0xa8,
    0x0, 0xbf, 0xf9, 0x0, 0x0, 0x0, 0x4, 0x3f,
    0xdb, 0xff, 0xff, 0xff, 0xff, 0xc2, 0xf0, 0xb,
    0xff, 0xff, 0xff, 0xf4, 0x8, 0x0, 0x5, 0xaa,
    0xaa, 0x55, 0x0,

    /* U+9000 "退" */
    0x0, 0x0, 0x0, 0x0, 0x0, 0x0, 0x0, 0x74,
    0x0, 0xff, 0xff, 0xff, 0x80, 0xf, 0xd0, 0xf,
    0xff, 0xff, 0xf8, 0x0, 0x7f, 0x40, 0xfc, 0x0,
    0x1f, 0x80, 0x1, 0xfd, 0xf, 0xc0, 0x0, 0xf8,
    0x0, 0x7, 0xc0, 0xff, 0xff, 0xff, 0x80, 0x0,
    0x10, 0xf, 0xff, 0xff, 0xf8, 0x0, 0x0, 0x0,
    0xfc, 0x0, 0xf, 0x80, 0x0, 0x0, 0xf, 0xc0,
    0x0, 0xf8, 0x2, 0xaa, 0x80, 0xff, 0xff, 0xff,
    0x80, 0x3f, 0xfc, 0xf, 0xff, 0xff, 0xf8, 0x3,
    0xff, 0xc0, 0xfc, 0x4, 0x1, 0xd0, 0x0, 0xbc,
    0xf, 0xc2, 0xe0, 0x7f, 0x40, 0xb, 0xc0, 0xfc,
    0x2f, 0xff, 0xd0, 0x0, 0xbc, 0xf, 0xc0, 0x7f,
    0xe0, 0x0, 0xb, 0xc0, 0xfc, 0x1, 0xfd, 0x0,
    0x0, 0xbc, 0xf, 0xeb, 0xc3, 0xf8, 0x0, 0xb,
    0xc2, 0xff, 0xfc, 0xf, 0xe0, 0x0, 0xbc, 0x2f,
    0xf9, 0x0, 0x3f, 0x0, 0x1f, 0xe0, 0xe0, 0x0,
    0x0, 0x80, 0xb, 0xff, 0xe4, 0x0, 0x0, 0x0,
    0x3, 0xfd, 0x7f, 0xff, 0xff, 0xff, 0xfc, 0x2f,
    0x0, 0x7f, 0xff, 0xff, 0xff, 0xc0, 0x80, 0x0,
    0x15, 0xaa, 0xa5, 0x50,

    /* U+9002 "适" */
    0x0, 0x0, 0x0, 0x0, 0x1, 0xb0, 0x0, 0xb0,
    0x0, 0x56, 0xbf, 0xff, 0x80, 0x1f, 0xc0, 0x2f,
    0xff, 0xff, 0xe8, 0x0, 0x7f, 0x0, 0xff, 0xbf,
    0x40, 0x0, 0x2, 0xfc, 0x0, 0x3, 0xf0, 0x0,
    0x0, 0xb, 0x40, 0x0, 0x3f, 0x0, 0x0, 0x0,
    0x10, 0xff, 0xff, 0xff, 0xff, 0xc0, 0x0, 0xf,
    0xff, 0xff, 0xff, 0xfc, 0x0, 0x0, 0x6a, 0xab,
    0xfa, 0xaa, 0x43, 0xff, 0x80, 0x0, 0x3f, 0x0,
    0x0, 0x3f, 0xfc, 0x0, 0x3, 0xf0, 0x0, 0x2,
    0xaf, 0xc0, 0xff, 0xff, 0xff, 0xc0, 0x0, 0xfc,
    0xf, 0xff, 0xff, 0xfc, 0x0, 0xf, 0xc0, 0xfd,
    0x55, 0x5f, 0xc0, 0x0, 0xfc, 0xf, 0x80, 0x0,
    0xbc, 0x0, 0xf, 0xc0, 0xf8, 0x0, 0xb, 0xc0,
    0x0, 0xfc, 0xf, 0x80, 0x0, 0xbc, 0x0, 0xf,
    0xc0, 0xff, 0xff, 0xff, 0xc0, 0x0, 0xfc, 0xf,
    0xff, 0xff, 0xfc, 0x0, 0x1f, 0xe0, 0x55, 0x55,
    0x55, 0x40, 0xb, 0xff, 0xe4, 0x0, 0x0, 0x0,
    0x3, 0xfd, 0x7f, 0xff, 0xff, 0xff, 0xfc, 0x2f,
    0x0, 0x7f, 0xff, 0xff, 0xff, 0x80, 0x80, 0x0,
    0x16, 0xaa, 0xaa, 0x50, 0x0, 0x0, 0x0, 0x0,
    0x0, 0x0, 0x0,

    /* U+9009 "选" */
    0x0, 0x0, 0x0, 0x1, 0xa0, 0x0, 0x0, 0x70,
    0x0, 0x39, 0x2f, 0x0, 0x0, 0x1f, 0xc0, 0x7,
    0xd2, 0xf0, 0x0, 0x0, 0xbf, 0x0, 0xfd, 0x7f,
    0x95, 0x50, 0x2, 0xfc, 0x1f, 0xff, 0xff, 0xfe,
    0x0, 0xb, 0xc3, 0xff, 0xff, 0xff, 0xe0, 0x0,
    0x20, 0xbd, 0x2, 0xf0, 0x0, 0x0, 0x0, 0x7,
    0xc0, 0x2f, 0x0, 0x0, 0x0, 0x0, 0x0, 0x2,
    0xf0, 0x0, 0x0, 0x0, 0xf, 0xff, 0xff, 0xff,
    0xfc, 0x2f, 0xfc, 0xff, 0xff, 0xff, 0xff, 0xc2,
    0xff, 0xc5, 0x5b, 0xe7, 0xf5, 0x54, 0x1a, 0xfc,
    0x0, 0xbc, 0x2f, 0x0, 0x0, 0xf, 0xc0, 0xf,
    0xc2, 0xf0, 0x0, 0x0, 0xfc, 0x1, 0xf8, 0x2f,
    0x0, 0x0, 0xf, 0xc0, 0x3f, 0x2, 0xf0, 0x7c,
    0x0, 0xfc, 0x1f, 0xe0, 0x2f, 0xb, 0xc0, 0xf,
    0xcb, 0xfc, 0x2, 0xff, 0xfc, 0x0, 0xfc, 0xbe,
    0x0, 0x1f, 0xff, 0x80, 0xf, 0xf7, 0x40, 0x0,
    0x6f, 0xa0, 0x7, 0xff, 0xe0, 0x0, 0x0, 0x0,
    0x1, 0xff, 0x6f, 0xfa, 0xaa, 0xaa, 0xfc, 0x2f,
    0x80, 0x7f, 0xff, 0xff, 0xff, 0x80, 0xe0, 0x0,
    0x6f, 0xff, 0xff, 0xf4, 0x0, 0x0, 0x0, 0x0,
    0x0, 0x0, 0x0,

    /* U+9014 "途" */
    0x0, 0x0, 0x0, 0x0, 0x0, 0x0, 0x0, 0x0,
    0x0, 0x0, 0x3d, 0x0, 0x0, 0x7, 0x80, 0x0,
    0xf, 0xf0, 0x0, 0x0, 0xff, 0x0, 0x3, 0xff,
    0x80, 0x0, 0x3, 0xfd, 0x1, 0xfe, 0xbf, 0x40,
    0x0, 0xb, 0xe0, 0xbf, 0x81, 0xff, 0x40, 0x0,
    0x24, 0x7f, 0xd0, 0x7, 0xff, 0x80, 0x0, 0x2f,
    0xfe, 0xaa, 0xbf, 0xfc, 0x0, 0x0, 0xf6, 0xff,
    0xff, 0xdb, 0x0, 0x0, 0x0, 0x1a, 0xbf, 0xa8,
    0x0, 0x3f, 0xfc, 0x0, 0x3, 0xe0, 0x0, 0x3,
    0xff, 0xc1, 0x55, 0x7f, 0x55, 0x50, 0x2a, 0xfc,
    0xbf, 0xff, 0xff, 0xff, 0x40, 0xf, 0xc7, 0xff,
    0xff, 0xff, 0xf4, 0x0, 0xfc, 0x0, 0x3, 0xe0,
    0x0, 0x0, 0xf, 0xc0, 0xbc, 0x3e, 0x2f, 0x0,
    0x0, 0xfc, 0x1f, 0x83, 0xe1, 0xf8, 0x0, 0xf,
    0xc3, 0xf0, 0x3e, 0xb, 0xd0, 0x0, 0xfc, 0xfd,
    0x3, 0xe0, 0x3f, 0x0, 0xf, 0xcb, 0x4b, 0xfe,
    0x1, 0xe0, 0x1, 0xfe, 0x0, 0x3f, 0xc0, 0x0,
    0x0, 0xbf, 0xfd, 0x1, 0x50, 0x0, 0x0, 0x2f,
    0xd7, 0xfe, 0xa5, 0x5a, 0xaf, 0xc3, 0xf0, 0xf,
    0xff, 0xff, 0xff, 0xf8, 0xd, 0x0, 0xb, 0xff,
    0xff, 0xff, 0x40, 0x0, 0x0, 0x0, 0x0, 0x0,
    0x0,

    /* U+901A "通" */
    0x0, 0x0, 0x0, 0x0, 0x0, 0x10, 0x0, 0x70,
    0x1, 0xff, 0xff, 0xff, 0xd0, 0x1f, 0xc0, 0x1f,
    0xff, 0xff, 0xfe, 0x0, 0xbf, 0x0, 0x2, 0x0,
    0x7f, 0x40, 0x2, 0xfc, 0x0, 0xff, 0x6f, 0xc0,
    0x0, 0xb, 0xe0, 0x2, 0xff, 0xe0, 0x0, 0x0,
    0x38, 0x5, 0x57, 0xff, 0x55, 0x0, 0x0, 0x2,
    0xff, 0xff, 0xff, 0xf0, 0x0, 0x0, 0x2f, 0xff,
    0xff, 0xff, 0x0, 0x0, 0x2, 0xf0, 0x2f, 0x2,
    0xf0, 0x3f, 0xfc, 0x2f, 0xff, 0xff, 0xff, 0x3,
    0xff, 0xc2, 0xff, 0xff, 0xff, 0xf0, 0x15, 0xfc,
    0x2f, 0x2, 0xf0, 0x2f, 0x0, 0xb, 0xc2, 0xf0,
    0x2f, 0x2, 0xf0, 0x0, 0xbc, 0x2f, 0xff, 0xff,
    0xff, 0x0, 0xb, 0xc2, 0xff, 0xff, 0xff, 0xf0,
    0x0, 0xbc, 0x2f, 0x2, 0xf0, 0x2f, 0x0, 0xb,
    0xc2, 0xf0, 0x2f, 0x2, 0xf0, 0x0, 0xbc, 0x2f,
    0x2, 0xf3, 0xff, 0x0, 0x2f, 0xe2, 0xf0, 0x2f,
    0x2f, 0xd0, 0xf, 0xff, 0xe0, 0x0, 0x0, 0x0,
    0x3, 0xf8, 0x3f, 0xff, 0xff, 0xff, 0xfc, 0x2e,
    0x0, 0x7f, 0xff, 0xff, 0xff, 0x80, 0x80, 0x0,
    0x1a, 0xaa, 0xaa, 0x50, 0x0, 0x0, 0x0, 0x0,
    0x0, 0x0, 0x0,

    /* U+901B "逛" */
    0x0, 0x0, 0x20, 0x90, 0x0, 0x0, 0x0, 0x70,
    0xf, 0xdf, 0x95, 0x55, 0x50, 0x1f, 0xd0, 0x7f,
    0xf7, 0xff, 0xff, 0x40, 0x7f, 0x2, 0xfc, 0x7f,
    0xff, 0xf4, 0x2, 0xfc, 0x2f, 0x80, 0xb, 0xc0,
    0x0, 0xb, 0x8b, 0xfc, 0x0, 0xbc, 0x0, 0x0,
    0x13, 0xff, 0xc0, 0xb, 0xc0, 0x0, 0x0, 0x2e,
    0x3d, 0x0, 0xbc, 0x0, 0x0, 0x0, 0x43, 0xe1,
    0x5f, 0xd5, 0x2, 0xaa, 0x80, 0x7e, 0x3f, 0xff,
    0xf0, 0x3f, 0xfc, 0x1f, 0xe3, 0xff, 0xff, 0x3,
    0xff, 0xc3, 0xfe, 0x0, 0xbc, 0x0, 0x0, 0xfd,
    0xff, 0xe0, 0xb, 0xc0, 0x0, 0xf, 0xef, 0x3e,
    0x0, 0xbc, 0x0, 0x0, 0xfc, 0xc3, 0xe0, 0xb,
    0xc0, 0x0, 0xf, 0xc0, 0x3d, 0x0, 0xbc, 0x0,
    0x0, 0xfc, 0x3, 0xd0, 0xb, 0xc0, 0x0, 0xf,
    0xc5, 0xbc, 0xff, 0xff, 0xfc, 0x0, 0xfc, 0xbf,
    0x8f, 0xff, 0xff, 0xc0, 0x1f, 0xe7, 0xe0, 0x55,
    0x55, 0x54, 0xb, 0xff, 0xe4, 0x0, 0x0, 0x0,
    0x3, 0xfd, 0x2f, 0xff, 0xaa, 0xbf, 0xfc, 0x3f,
    0x0, 0x6f, 0xff, 0xff, 0xff, 0xc0, 0xc0, 0x0,
    0x16, 0xaa, 0xaa, 0xa4, 0x0, 0x0, 0x0, 0x0,
    0x0, 0x0, 0x0,

    /* U+9053 "道" */
    0x0, 0x0, 0x0, 0x40, 0x0, 0x0, 0x0, 0x0,
    0x0, 0x3d, 0x0, 0x3e, 0x0, 0xb, 0x40, 0x3,
    0xf0, 0xb, 0xd0, 0x1, 0xfc, 0x0, 0x1f, 0x40,
    0xf8, 0x0, 0x7, 0xf0, 0xff, 0xff, 0xff, 0xff,
    0x80, 0x2f, 0xcf, 0xff, 0xff, 0xff, 0xf8, 0x0,
    0xf8, 0x0, 0xb, 0xe0, 0x0, 0x0, 0x0, 0x0,
    0x0, 0xfc, 0x0, 0x0, 0x0, 0x0, 0xf, 0xff,
    0xff, 0xf8, 0x0, 0x0, 0x0, 0xff, 0xff, 0xff,
    0x80, 0x2f, 0xfc, 0xf, 0x40, 0x0, 0xf8, 0x3,
    0xff, 0xc0, 0xf4, 0x0, 0xf, 0x80, 0x3f, 0xfc,
    0xf, 0xff, 0xff, 0xf8, 0x0, 0xb, 0xc0, 0xff,
    0xff, 0xff, 0x80, 0x0, 0xbc, 0xf, 0x40, 0x0,
    0xf8, 0x0, 0xb, 0xc0, 0xff, 0xff, 0xff, 0x80,
    0x0, 0xbc, 0xf, 0xff, 0xff, 0xf8, 0x0, 0xb,
    0xc0, 0xf4, 0x0, 0xf, 0x80, 0x0, 0xbc, 0xf,
    0x95, 0x55, 0xf8, 0x0, 0xb, 0xc0, 0xff, 0xff,
    0xff, 0x80, 0x0, 0xfd, 0xf, 0xff, 0xff, 0xf8,
    0x0, 0x7f, 0xfd, 0x0, 0x0, 0x0, 0x0, 0x2f,
    0xdb, 0xfe, 0x95, 0x55, 0xab, 0xc3, 0xf0, 0xb,
    0xff, 0xff, 0xff, 0xf8, 0x1c, 0x0, 0x6, 0xff,
    0xff, 0xff, 0x40, 0x0, 0x0, 0x0, 0x0, 0x0,
    0x0,

    /* U+9057 "遗" */
    0x0, 0x0, 0x0, 0x0, 0x0, 0x0, 0x0, 0x20,
    0x0, 0x0, 0x7d, 0x0, 0x0, 0xf, 0xc0, 0x3f,
    0xff, 0xff, 0xfd, 0x0, 0x7f, 0x3, 0xff, 0xff,
    0xff, 0xd0, 0x2, 0xfc, 0x3e, 0x7, 0xd0, 0x7d,
    0x0, 0xb, 0xd3, 0xfa, 0xff, 0xaf, 0xd0, 0x0,
    0x34, 0x3f, 0xff, 0xff, 0xfd, 0x0, 0x0, 0x0,
    0x0, 0x7d, 0x0, 0x0, 0x0, 0x0, 0xff, 0xff,
    0xff, 0xff, 0x42, 0xaa, 0x5f, 0xff, 0xff, 0xff,
    0xf4, 0x3f, 0xfc, 0x0, 0x0, 0x0, 0x0, 0x3,
    0xff, 0xc2, 0xff, 0xff, 0xff, 0x80, 0x0, 0xfc,
    0x2f, 0xff, 0xff, 0xf8, 0x0, 0xf, 0xc2, 0xf0,
    0x0, 0xf, 0x80, 0x0, 0xfc, 0x2f, 0xb, 0xc0,
    0xf8, 0x0, 0xf, 0xc2, 0xf0, 0xbc, 0xf, 0x80,
    0x0, 0xfc, 0x2f, 0xb, 0xc0, 0xf8, 0x0, 0xf,
    0xc1, 0xa0, 0xfc, 0xe5, 0x0, 0x0, 0xfc, 0x0,
    0xbf, 0x3f, 0xf4, 0x0, 0xf, 0xc6, 0xff, 0x80,
    0x7f, 0xf0, 0x7, 0xfd, 0x3f, 0x90, 0x0, 0x2e,
    0x1, 0xff, 0xf9, 0x40, 0x0, 0x0, 0x0, 0x7f,
    0xb, 0xfe, 0x95, 0x56, 0xaf, 0xc7, 0xd0, 0x1f,
    0xff, 0xff, 0xff, 0xf8, 0x28, 0x0, 0x1b, 0xff,
    0xff, 0xff, 0x40, 0x0, 0x0, 0x0, 0x0, 0x0,
    0x0,

    /* U+90E8 "部" */
    0x0, 0x0, 0x0, 0x0, 0x0, 0x0, 0x0, 0xb,
    0xc0, 0x0, 0x0, 0x0, 0x0, 0x2, 0xf4, 0x0,
    0x3f, 0xff, 0x80, 0x0, 0x7e, 0x0, 0xf, 0xff,
    0xfc, 0x3f, 0xff, 0xff, 0xd3, 0xff, 0xfe, 0xf,
    0xff, 0xff, 0xf4, 0xf4, 0x2f, 0x41, 0xbd, 0x56,
    0xe4, 0x3d, 0xf, 0xc0, 0x2f, 0x0, 0xbc, 0xf,
    0x43, 0xe0, 0x3, 0xe0, 0x3e, 0x3, 0xd2, 0xf0,
    0x0, 0xbc, 0x1f, 0x40, 0xf4, 0xf8, 0x0, 0x1e,
    0xf, 0xc0, 0x3d, 0x3d, 0x3, 0xff, 0xff, 0xff,
    0xcf, 0x5f, 0x40, 0xff, 0xff, 0xff, 0xf3, 0xd2,
    0xf0, 0x15, 0x55, 0x55, 0x54, 0xf4, 0x3e, 0x0,
    0x0, 0x0, 0x0, 0x3d, 0xb, 0xc0, 0x6a, 0xaa,
    0xa9, 0xf, 0x40, 0xf4, 0x2f, 0xff, 0xff, 0xc3,
    0xd0, 0x3e, 0xb, 0xff, 0xff, 0xf0, 0xf4, 0xf,
    0x82, 0xf0, 0x0, 0xfc, 0x3d, 0x7, 0xe0, 0xbc,
    0x0, 0x3f, 0xf, 0x7f, 0xf4, 0x2f, 0x0, 0xf,
    0xc3, 0xdb, 0xfc, 0xb, 0xd5, 0x57, 0xf0, 0xf5,
    0xa4, 0x2, 0xff, 0xff, 0xfc, 0x3d, 0x0, 0x0,
    0xbf, 0xff, 0xff, 0xf, 0x40, 0x0, 0x2f, 0x0,
    0xf, 0xc3, 0xd0, 0x0, 0x0, 0x0, 0x0, 0x0,
    0x0, 0x0, 0x0,

    /* U+90FD "都" */
    0x0, 0x1f, 0x0, 0x0, 0x0, 0x0, 0x0, 0x1,
    0xf4, 0xa, 0x5a, 0xaa, 0x90, 0x0, 0x1f, 0x40,
    0xff, 0xff, 0xff, 0xc0, 0xff, 0xff, 0xef, 0x7f,
    0xff, 0xfc, 0xf, 0xff, 0xff, 0xf3, 0xf0, 0x2f,
    0x40, 0x1, 0xf4, 0xfd, 0x3f, 0x3, 0xf0, 0x0,
    0x1f, 0x5f, 0x83, 0xf0, 0x3e, 0x2, 0xaa, 0xfb,
    0xfa, 0x3f, 0xb, 0xc0, 0x3f, 0xff, 0xff, 0xf7,
    0xf0, 0xf8, 0x3, 0xff, 0xff, 0xff, 0x7f, 0x1f,
    0x0, 0x0, 0xf, 0xe0, 0x3, 0xf2, 0xf0, 0x0,
    0x3, 0xf8, 0x0, 0x3f, 0xf, 0xc0, 0x1, 0xff,
    0xff, 0xd3, 0xf0, 0x3e, 0x0, 0xff, 0xff, 0xfd,
    0x3f, 0x2, 0xf0, 0x7f, 0xf5, 0x57, 0xd3, 0xf0,
    0xf, 0x42, 0xff, 0x0, 0x7d, 0x3f, 0x0, 0xf8,
    0x6, 0xff, 0xff, 0xd3, 0xf0, 0xf, 0xc0, 0x2f,
    0xff, 0xfd, 0x3f, 0x1, 0xf8, 0x2, 0xf0, 0x7,
    0xd3, 0xf7, 0xff, 0x80, 0x2f, 0x0, 0x7d, 0x3f,
    0x3f, 0xf0, 0x2, 0xf5, 0x57, 0xd3, 0xf3, 0xfd,
    0x0, 0x2f, 0xff, 0xfd, 0x3f, 0x0, 0x0, 0x2,
    0xff, 0xff, 0xd3, 0xf0, 0x0, 0x0, 0x2f, 0x0,
    0x7d, 0x3f, 0x0, 0x0, 0x0, 0x0, 0x0, 0x0,
    0x0, 0x0, 0x0,

    /* U+9152 "酒" */
    0x1, 0x0, 0x0, 0x0, 0x0, 0x0, 0x2, 0xf4,
    0x2a, 0xaa, 0xaa, 0xaa, 0xa0, 0xff, 0xef, 0xff,
    0xff, 0xff, 0xfc, 0xb, 0xf7, 0xff, 0xff, 0xff,
    0xff, 0x0, 0x34, 0x0, 0x7c, 0x3e, 0x0, 0x0,
    0x0, 0x0, 0x1f, 0xf, 0x80, 0x0, 0x0, 0x1,
    0x5b, 0xd7, 0xe5, 0x50, 0x10, 0x2, 0xff, 0xff,
    0xff, 0xfd, 0x2f, 0x80, 0xbf, 0xff, 0xff, 0xff,
    0x4f, 0xfd, 0x2f, 0xf, 0x4f, 0x7, 0xd0, 0x7f,
    0xb, 0xc3, 0xc3, 0xc1, 0xf4, 0x2, 0x42, 0xf1,
    0xf0, 0xf0, 0x7d, 0x0, 0x0, 0xbc, 0xf8, 0x3f,
    0xff, 0x40, 0x0, 0x2f, 0xfc, 0xb, 0xff, 0xd0,
    0x3, 0x4b, 0xec, 0x0, 0x1, 0xf4, 0x1, 0xf6,
    0xf0, 0x0, 0x0, 0x7d, 0x0, 0xfc, 0xbf, 0xff,
    0xff, 0xff, 0x40, 0x7e, 0x2f, 0xff, 0xff, 0xff,
    0xd0, 0x3f, 0xb, 0xd5, 0x55, 0x56, 0xf4, 0x1f,
    0x82, 0xf0, 0x0, 0x0, 0x7d, 0xf, 0xd0, 0xbd,
    0x55, 0x55, 0x6f, 0x47, 0xf0, 0x2f, 0xff, 0xff,
    0xff, 0xd1, 0xf4, 0xb, 0xff, 0xff, 0xff, 0xf4,
    0x4, 0x2, 0xf0, 0x0, 0x0, 0x7d, 0x0, 0x0,
    0x0, 0x0, 0x0, 0x0, 0x0,

    /* U+9192 "醒" */
    0x7f, 0xff, 0xfc, 0x3f, 0xff, 0xfd, 0x2f, 0xff,
    0xff, 0x5f, 0xff, 0xff, 0x45, 0x6e, 0xb9, 0x47,
    0xd5, 0x57, 0xd0, 0x7, 0x5d, 0x1, 0xf0, 0x0,
    0xf4, 0x2, 0xdb, 0x40, 0x7f, 0xff, 0xfd, 0x1f,
    0xff, 0xff, 0x1f, 0xff, 0xff, 0x47, 0xff, 0xff,
    0xc7, 0xc0, 0x3, 0xd1, 0xf7, 0xad, 0xf1, 0xff,
    0xff, 0xf4, 0x7c, 0xdb, 0x3c, 0x7f, 0xff, 0xfd,
    0x1f, 0x36, 0xcf, 0x5, 0x45, 0x40, 0x7, 0xcd,
    0xb3, 0xc3, 0xd3, 0xd0, 0x1, 0xf7, 0x2c, 0xf0,
    0xf5, 0xf4, 0x0, 0x7f, 0xc7, 0xfc, 0xbf, 0xff,
    0xfe, 0x1f, 0x80, 0x5f, 0x7f, 0xff, 0xff, 0x87,
    0xc0, 0x3, 0xfe, 0x3, 0xd0, 0x1, 0xff, 0xff,
    0xf2, 0x55, 0xf9, 0x50, 0x7f, 0xff, 0xfc, 0x3f,
    0xff, 0xfd, 0x1f, 0x0, 0xf, 0xf, 0xff, 0xff,
    0x47, 0xc0, 0x3, 0xc0, 0x3, 0xd0, 0x1, 0xff,
    0xff, 0xf0, 0x0, 0xf4, 0x0, 0x7f, 0xff, 0xfc,
    0xff, 0xff, 0xff, 0x5f, 0x0, 0xf, 0x3f, 0xff,
    0xff, 0xd7, 0xc0, 0x1, 0x85, 0x55, 0x55, 0x50,

    /* U+91CE "野" */
    0x0, 0x0, 0x0, 0x0, 0x0, 0x0, 0x1, 0xff,
    0xff, 0xfc, 0xff, 0xff, 0xf0, 0x1f, 0xff, 0xff,
    0xcf, 0xff, 0xff, 0x81, 0xf5, 0xf9, 0x7c, 0xaa,
    0xab, 0xf0, 0x1f, 0xf, 0x43, 0xc0, 0x0, 0xfd,
    0x1, 0xf0, 0xf8, 0x7c, 0x1d, 0x2f, 0x80, 0x1f,
    0xff, 0xff, 0xc3, 0xff, 0xe0, 0x1, 0xff, 0xff,
    0xfc, 0xb, 0xfc, 0x0, 0x1f, 0xf, 0x43, 0xc0,
    0x1f, 0xf0, 0x1, 0xf0, 0xf4, 0x3c, 0x0, 0x7f,
    0x90, 0x1f, 0xff, 0xff, 0xef, 0xff, 0xff, 0xd1,
    0xff, 0xff, 0xfe, 0xff, 0xff, 0xfc, 0x0, 0xf,
    0x80, 0x5, 0x7f, 0x5f, 0xc0, 0x0, 0xf8, 0x0,
    0x2, 0xf0, 0xf8, 0x5, 0x5f, 0xd5, 0x40, 0x2f,
    0x1f, 0x1, 0xff, 0xff, 0xfc, 0x2, 0xf2, 0xf0,
    0x1f, 0xff, 0xff, 0xc0, 0x2f, 0x5, 0x0, 0x0,
    0xf8, 0x0, 0x2, 0xf0, 0x0, 0x0, 0xf, 0x80,
    0x0, 0x2f, 0x0, 0x0, 0x0, 0xf9, 0x59, 0x2,
    0xf0, 0x0, 0x1a, 0xbf, 0xff, 0xe0, 0x2f, 0x0,
    0x3, 0xff, 0xff, 0xf9, 0xab, 0xf0, 0x0, 0x3f,
    0xa5, 0x0, 0xb, 0xff, 0x0, 0x0, 0x0, 0x0,
    0x0, 0x7f, 0x80, 0x0,

    /* U+957F "长" */
    0x0, 0x3f, 0x0, 0x0, 0x0, 0x0, 0x0, 0xf,
    0xc0, 0x0, 0x7, 0xe0, 0x0, 0x3, 0xf0, 0x0,
    0x7, 0xf8, 0x0, 0x0, 0xfc, 0x0, 0xb, 0xf8,
    0x0, 0x0, 0x3f, 0x0, 0x1f, 0xf8, 0x0, 0x0,
    0xf, 0xc0, 0x7f, 0xf4, 0x0, 0x0, 0x3, 0xf1,
    0xff, 0xe0, 0x0, 0x0, 0x0, 0xfc, 0x2f, 0xd0,
    0x0, 0x0, 0x0, 0x3f, 0x2, 0x40, 0x0, 0x0,
    0x0, 0xf, 0xc0, 0x0, 0x0, 0x0, 0xb, 0xff,
    0xff, 0xff, 0xff, 0xff, 0xe2, 0xff, 0xff, 0xff,
    0xff, 0xff, 0xf8, 0x6a, 0xbf, 0xab, 0xfe, 0xaa,
    0xa9, 0x0, 0xf, 0xc0, 0x7e, 0x0, 0x0, 0x0,
    0x3, 0xf0, 0xf, 0xd0, 0x0, 0x0, 0x0, 0xfc,
    0x1, 0xfc, 0x0, 0x0, 0x0, 0x3f, 0x0, 0x2f,
    0xc0, 0x0, 0x0, 0xf, 0xc0, 0x3, 0xfc, 0x0,
    0x0, 0x3, 0xf0, 0x0, 0x7f, 0xd0, 0x0, 0x0,
    0xfc, 0x5b, 0x87, 0xfe, 0x0, 0x0, 0x3f, 0xff,
    0xf0, 0x7f, 0xf9, 0x0, 0x3f, 0xff, 0xf8, 0x2,
    0xff, 0x80, 0xf, 0xfe, 0x40, 0x0, 0x1f, 0xc0,
    0x1, 0xd0, 0x0, 0x0, 0x0, 0x0, 0x0, 0x0,
    0x0, 0x0, 0x0, 0x0, 0x0,

    /* U+95E8 "门" */
    0x0, 0x0, 0x0, 0x0, 0x0, 0x0, 0xa0, 0x0,
    0x0, 0x0, 0x0, 0x2f, 0x82, 0xff, 0xff, 0xff,
    0xf0, 0xfd, 0x2f, 0xff, 0xff, 0xff, 0x3, 0xf1,
    0xaa, 0xaa, 0xab, 0xf0, 0x1f, 0x80, 0x0, 0x0,
    0x3f, 0xa8, 0xa0, 0x0, 0x0, 0x3, 0xff, 0xc0,
    0x0, 0x0, 0x0, 0x3f, 0xfc, 0x0, 0x0, 0x0,
    0x3, 0xff, 0xc0, 0x0, 0x0, 0x0, 0x3f, 0xfc,
    0x0, 0x0, 0x0, 0x3, 0xff, 0xc0, 0x0, 0x0,
    0x0, 0x3f, 0xfc, 0x0, 0x0, 0x0, 0x3, 0xff,
    0xc0, 0x0, 0x0, 0x0, 0x3f, 0xfc, 0x0, 0x0,
    0x0, 0x3, 0xff, 0xc0, 0x0, 0x0, 0x0, 0x3f,
    0xfc, 0x0, 0x0, 0x0, 0x3, 0xff, 0xc0, 0x0,
    0x0, 0x0, 0x3f, 0xfc, 0x0, 0x0, 0x0, 0x3,
    0xff, 0xc0, 0x0, 0x0, 0x0, 0x3f, 0xfc, 0x0,
    0x0, 0x0, 0x3, 0xff, 0xc0, 0x0, 0x0, 0x0,
    0x3f, 0xfc, 0x0, 0x0, 0x6, 0xab, 0xff, 0xc0,
    0x0, 0x0, 0x3f, 0xfe, 0xfc, 0x0, 0x0, 0x2,
    0xff, 0x40,

    /* U+95F4 "间" */
    0x8, 0x0, 0x0, 0x0, 0x0, 0x1, 0xfc, 0xa,
    0xaa, 0xaa, 0xab, 0x82, 0xf8, 0x3f, 0xff, 0xff,
    0xff, 0x43, 0xf8, 0xff, 0xff, 0xff, 0xfd, 0x3,
    0xd0, 0x0, 0x0, 0x2, 0xf4, 0x0, 0x0, 0x0,
    0x0, 0xb, 0xdf, 0xc0, 0x0, 0x0, 0x0, 0x2f,
    0x7f, 0x3, 0xff, 0xff, 0xc0, 0xbd, 0xfc, 0xf,
    0xff, 0xff, 0x2, 0xf7, 0xf0, 0x3e, 0x55, 0xbc,
    0xb, 0xdf, 0xc0, 0xf4, 0x2, 0xf0, 0x2f, 0x7f,
    0x3, 0xd0, 0xb, 0xc0, 0xbd, 0xfc, 0xf, 0xff,
    0xff, 0x2, 0xf7, 0xf0, 0x3f, 0xff, 0xfc, 0xb,
    0xdf, 0xc0, 0xf9, 0x56, 0xf0, 0x2f, 0x7f, 0x3,
    0xd0, 0xb, 0xc0, 0xbd, 0xfc, 0xf, 0x40, 0x2f,
    0x2, 0xf7, 0xf0, 0x3f, 0xff, 0xfc, 0xb, 0xdf,
    0xc0, 0xff, 0xff, 0xf0, 0x2f, 0x7f, 0x1, 0x55,
    0x55, 0x40, 0xbd, 0xfc, 0x0, 0x0, 0x0, 0x2,
    0xf7, 0xf0, 0x0, 0x0, 0x0, 0xaf, 0xcf, 0xc0,
    0x0, 0x0, 0x3, 0xff, 0x3f, 0x0, 0x0, 0x0,
    0xf, 0xf4,

    /* U+9632 "防" */
    0x0, 0x0, 0x0, 0x0, 0x0, 0x0, 0x0, 0x0,
    0x0, 0x7, 0xd0, 0x0, 0x3f, 0xff, 0x80, 0x3,
    0xe0, 0x0, 0x3f, 0xff, 0xd0, 0x3, 0xf0, 0x0,
    0x3f, 0xaf, 0xc0, 0x2, 0xf0, 0x0, 0x3e, 0xf,
    0xea, 0xab, 0xea, 0xaa, 0x3e, 0xf, 0x7f, 0xff,
    0xff, 0xff, 0x3e, 0x2f, 0x3f, 0xff, 0xff, 0xff,
    0x3e, 0x3e, 0x0, 0xbc, 0x0, 0x0, 0x3e, 0x3d,
    0x0, 0xbc, 0x0, 0x0, 0x3e, 0x7c, 0x0, 0xbc,
    0x0, 0x0, 0x3e, 0x2f, 0x0, 0xbf, 0xff, 0xf8,
    0x3e, 0xf, 0x40, 0xbf, 0xff, 0xf8, 0x3e, 0xb,
    0xc0, 0xfe, 0xaa, 0xf8, 0x3e, 0xb, 0xc0, 0xf8,
    0x0, 0xf8, 0x3e, 0x7, 0xc0, 0xf8, 0x1, 0xf8,
    0x3e, 0xb, 0xc1, 0xf4, 0x1, 0xf4, 0x3e, 0xaf,
    0xc3, 0xf0, 0x1, 0xf4, 0x3e, 0xbf, 0x87, 0xe0,
    0x1, 0xf4, 0x3e, 0x7d, 0xf, 0xd0, 0x2, 0xf4,
    0x3e, 0x0, 0x2f, 0xc0, 0x2, 0xf0, 0x3e, 0x0,
    0xbf, 0x0, 0x3, 0xf0, 0x3e, 0x7, 0xfd, 0x2,
    0xaf, 0xf0, 0x3e, 0x3, 0xf4, 0x2, 0xff, 0xd0,
    0x3e, 0x0, 0x80, 0x1, 0xff, 0x80, 0x0, 0x0,
    0x0, 0x0, 0x0, 0x0,

    /* U+9635 "阵" */
    0x0, 0x0, 0x0, 0xe, 0x40, 0x0, 0xf, 0xff,
    0x80, 0x3, 0xf0, 0x0, 0x3, 0xff, 0xfc, 0x1,
    0xf8, 0x0, 0x0, 0xfe, 0xbe, 0xbf, 0xff, 0xff,
    0xfc, 0x3e, 0x1f, 0x6f, 0xff, 0xff, 0xff, 0xf,
    0x8b, 0xc6, 0xaf, 0xaa, 0xaa, 0x43, 0xe3, 0xe0,
    0xb, 0xc0, 0x0, 0x0, 0xf8, 0xf4, 0x3, 0xf2,
    0xe0, 0x0, 0x3e, 0x7c, 0x2, 0xf4, 0xfc, 0x0,
    0xf, 0x9f, 0x0, 0xfc, 0x3f, 0x0, 0x3, 0xe3,
    0xf0, 0xbd, 0xf, 0xc0, 0x0, 0xf8, 0x7c, 0x3f,
    0xff, 0xff, 0xf4, 0x3e, 0xf, 0x8f, 0xff, 0xff,
    0xfd, 0xf, 0x83, 0xe2, 0xaa, 0xbf, 0xaa, 0x3,
    0xe0, 0xfc, 0x0, 0xf, 0xc0, 0x0, 0xf8, 0x3e,
    0x0, 0x3, 0xf0, 0x0, 0x3e, 0xff, 0x80, 0x0,
    0xfc, 0x0, 0xf, 0xaf, 0xcf, 0xff, 0xff, 0xff,
    0xc3, 0xe1, 0x43, 0xff, 0xff, 0xff, 0xf0, 0xf8,
    0x0, 0xaa, 0xab, 0xfa, 0xa8, 0x3e, 0x0, 0x0,
    0x0, 0xfc, 0x0, 0xf, 0x80, 0x0, 0x0, 0x3f,
    0x0, 0x3, 0xe0, 0x0, 0x0, 0xf, 0xc0, 0x0,
    0xf8, 0x0, 0x0, 0x3, 0xf0, 0x0,

    /* U+968F "随" */
    0x0, 0x0, 0x0, 0x0, 0x0, 0x0, 0x0, 0x0,
    0x0, 0x0, 0x2e, 0x0, 0x3, 0xff, 0xd0, 0x0,
    0xf, 0x80, 0x0, 0xff, 0xfd, 0x81, 0x57, 0xe5,
    0x54, 0x3e, 0xbf, 0xf4, 0xff, 0xff, 0xff, 0xf,
    0x4f, 0xaf, 0x3f, 0xff, 0xff, 0xc3, 0xd3, 0xd3,
    0xe0, 0xbd, 0x0, 0x0, 0xf5, 0xf0, 0x78, 0x3f,
    0x0, 0x0, 0x3d, 0xb8, 0x0, 0x3f, 0xff, 0xfc,
    0xf, 0x7d, 0x0, 0x2f, 0xff, 0xff, 0x3, 0xdf,
    0x45, 0x6f, 0xfc, 0x7, 0xc0, 0xf6, 0xf7, 0xfe,
    0xef, 0xab, 0xf0, 0x3d, 0x3e, 0xff, 0x7, 0xff,
    0xfc, 0xf, 0x4b, 0x87, 0xc1, 0xf0, 0x1f, 0x3,
    0xd2, 0xf1, 0xf0, 0x7c, 0x7, 0xc0, 0xf4, 0x7c,
    0x7c, 0x1f, 0xff, 0xf0, 0x3d, 0x1f, 0x1f, 0x7,
    0xff, 0xfc, 0xf, 0x5f, 0xc7, 0xc1, 0xf0, 0x1f,
    0x3, 0xdf, 0xd1, 0xf0, 0x7c, 0x7, 0xc0, 0xf7,
    0xe0, 0x7c, 0x1f, 0xf, 0xf0, 0x3d, 0x0, 0x7f,
    0x87, 0xc2, 0xf8, 0xf, 0x40, 0xbf, 0xfd, 0x0,
    0x0, 0x3, 0xd0, 0x7e, 0xf, 0xff, 0xff, 0xf0,
    0xf4, 0xb, 0x0, 0x7f, 0xff, 0xfc, 0x3d, 0x0,
    0x40, 0x0, 0x59, 0x55, 0x0,

    /* U+9879 "项" */
    0x0, 0x0, 0xf, 0xff, 0xff, 0xff, 0xc0, 0x0,
    0x0, 0xff, 0xff, 0xff, 0xfc, 0x3f, 0xff, 0xea,
    0xab, 0xfe, 0xaa, 0x83, 0xff, 0xfe, 0x0, 0x3f,
    0x0, 0x0, 0x2a, 0xfe, 0x91, 0x57, 0xf5, 0x54,
    0x0, 0xf, 0xc0, 0x7f, 0xff, 0xff, 0xe0, 0x0,
    0xfc, 0x7, 0xff, 0xff, 0xfe, 0x0, 0xf, 0xc0,
    0x7e, 0x0, 0x7, 0xe0, 0x0, 0xfc, 0x7, 0xd0,
    0xa4, 0x7e, 0x0, 0xf, 0xc0, 0x7d, 0x1f, 0x87,
    0xe0, 0x0, 0xfc, 0x7, 0xd1, 0xf8, 0x7e, 0x0,
    0xf, 0xc0, 0x7d, 0x1f, 0x87, 0xe0, 0x0, 0xfc,
    0x7, 0xd1, 0xf8, 0x7e, 0x0, 0xf, 0xc5, 0x7d,
    0x1f, 0x87, 0xe0, 0x0, 0xff, 0xf7, 0xd1, 0xf4,
    0x7e, 0x1, 0xbf, 0xff, 0x7d, 0x2f, 0x47, 0xe0,
    0x7f, 0xfe, 0x7, 0xd3, 0xf0, 0x7e, 0x3, 0xf8,
    0x0, 0x0, 0x7f, 0x10, 0x0, 0x14, 0x0, 0x0,
    0x1f, 0xcb, 0xd0, 0x0, 0x0, 0x0, 0xb, 0xf4,
    0x7f, 0xc0, 0x0, 0x0, 0x1b, 0xfd, 0x0, 0xff,
    0x40, 0x0, 0xb, 0xfe, 0x0, 0x2, 0xfc, 0x0,
    0x0, 0x3e, 0x0, 0x0, 0x7, 0x0, 0x0, 0x0,
    0x0, 0x0, 0x0, 0x0,

    /* U+987F "顿" */
    0x0, 0x7c, 0x0, 0x0, 0x0, 0x0, 0x0, 0x1f,
    0x0, 0x3f, 0xff, 0xff, 0xc0, 0x7, 0xc0, 0x1f,
    0xff, 0xff, 0xf2, 0xff, 0xff, 0xf5, 0x56, 0xf9,
    0x54, 0xbf, 0xff, 0xfc, 0x0, 0xbc, 0x0, 0x15,
    0x6f, 0x55, 0x0, 0x3e, 0x0, 0x0, 0x7, 0xc0,
    0x7, 0xff, 0xff, 0xd0, 0xf1, 0xf0, 0xf1, 0xff,
    0xff, 0xf4, 0x3c, 0x7c, 0x3c, 0x7c, 0x0, 0x3d,
    0xf, 0x1f, 0xf, 0x1f, 0xa, 0xf, 0x43, 0xc7,
    0xc3, 0xc7, 0xc3, 0xc3, 0xd0, 0xf1, 0xf0, 0xf1,
    0xf1, 0xf0, 0xf4, 0x3c, 0x7c, 0x3c, 0x7c, 0x7c,
    0x3d, 0xf, 0x6f, 0x6f, 0x1f, 0x1f, 0xf, 0x43,
    0xff, 0xff, 0xc7, 0xc7, 0xc3, 0xd0, 0xff, 0xff,
    0xf1, 0xf2, 0xf0, 0xf4, 0x0, 0x7c, 0x0, 0x7c,
    0xf8, 0x3d, 0x0, 0x1f, 0x0, 0x1f, 0x3e, 0xf,
    0x40, 0x7, 0xc2, 0xc0, 0x1f, 0x10, 0x0, 0x1,
    0xff, 0xf4, 0xf, 0xdf, 0x0, 0x0, 0xff, 0xf8,
    0xf, 0xd7, 0xf4, 0x0, 0x7f, 0xe0, 0x2f, 0xd0,
    0x3f, 0x40, 0xf, 0x80, 0x7f, 0xd0, 0x3, 0xf4,
    0x1, 0x0, 0xf, 0x80, 0x0, 0x38, 0x0, 0x0,
    0x0, 0x0, 0x0, 0x0, 0x0,

    /* U+9884 "预" */
    0x0, 0x0, 0x0, 0x0, 0x0, 0x0, 0x1, 0xff,
    0xff, 0xcf, 0xff, 0xff, 0xfd, 0x1f, 0xff, 0xfe,
    0xff, 0xff, 0xff, 0xd0, 0x55, 0x6f, 0xc5, 0x57,
    0xf9, 0x54, 0x0, 0x3, 0xf0, 0x0, 0x3f, 0x0,
    0x0, 0x38, 0xbd, 0x1, 0x5b, 0xf5, 0x50, 0xb,
    0xff, 0x40, 0x3f, 0xff, 0xff, 0x40, 0x2f, 0xf0,
    0x3, 0xff, 0xff, 0xf4, 0x0, 0x7f, 0xd0, 0x3e,
    0x0, 0x1f, 0x41, 0x55, 0xfe, 0x53, 0xe1, 0x91,
    0xf4, 0x3f, 0xff, 0xff, 0x7e, 0x3f, 0x1f, 0x43,
    0xff, 0xff, 0xf3, 0xe3, 0xf1, 0xf4, 0x0, 0x3e,
    0x2e, 0x3e, 0x3f, 0x1f, 0x40, 0x3, 0xe3, 0xd3,
    0xe3, 0xf1, 0xf4, 0x0, 0x3e, 0x3c, 0x3e, 0x3f,
    0x1f, 0x40, 0x3, 0xe7, 0x83, 0xe3, 0xf1, 0xf4,
    0x0, 0x3e, 0x0, 0x3e, 0x3e, 0x1f, 0x40, 0x3,
    0xe0, 0x3, 0xe7, 0xd1, 0xf4, 0x0, 0x3e, 0x0,
    0x0, 0xfc, 0x40, 0x0, 0x3, 0xe0, 0x0, 0x3f,
    0x5f, 0x40, 0x0, 0x3e, 0x0, 0x1f, 0xe1, 0xfd,
    0x0, 0xab, 0xe0, 0x1f, 0xf8, 0x7, 0xf8, 0xf,
    0xfd, 0x2, 0xfd, 0x0, 0xf, 0xc0, 0xbf, 0x40,
    0x9, 0x0, 0x0, 0x30, 0x0, 0x0, 0x0, 0x0,
    0x0, 0x0, 0x0,

    /* U+996D "饭" */
    0x2, 0xe0, 0x0, 0x0, 0x0, 0x18, 0x0, 0x2f,
    0x0, 0x0, 0x6, 0xbf, 0xe0, 0x3, 0xe0, 0x2,
    0xff, 0xff, 0xff, 0x0, 0x3e, 0x54, 0x2f, 0xff,
    0xe9, 0x0, 0x7, 0xff, 0xfa, 0xf5, 0x0, 0x0,
    0x0, 0xbf, 0xff, 0x6f, 0x0, 0x0, 0x0, 0xf,
    0xc2, 0xf2, 0xf0, 0x0, 0x0, 0x1, 0xf4, 0x2f,
    0x2f, 0xaa, 0xaa, 0x90, 0x2f, 0x3, 0xd2, 0xff,
    0xff, 0xff, 0x3, 0xea, 0x6c, 0x2f, 0xff, 0xff,
    0xe0, 0x3c, 0xf8, 0x2, 0xfb, 0x80, 0x3d, 0x0,
    0x4f, 0x80, 0x2f, 0x7c, 0x7, 0xd0, 0x0, 0xf8,
    0x3, 0xf3, 0xd0, 0xfc, 0x0, 0xf, 0x80, 0x3f,
    0x3e, 0xf, 0x80, 0x0, 0xf8, 0x3, 0xe2, 0xf2,
    0xf4, 0x0, 0xf, 0x80, 0x3e, 0xf, 0xbf, 0x0,
    0x0, 0xf8, 0x7, 0xd0, 0xbf, 0xd0, 0x0, 0xf,
    0x8c, 0xbc, 0x3, 0xfc, 0x0, 0x0, 0xfb, 0xef,
    0xc0, 0x3f, 0x80, 0x0, 0xf, 0xfd, 0xf8, 0xf,
    0xfd, 0x0, 0x1, 0xff, 0x2f, 0x47, 0xff, 0xf4,
    0x0, 0x3f, 0xc3, 0xf2, 0xfe, 0x2f, 0xe0, 0x7,
    0xe0, 0xbe, 0xbf, 0x80, 0x7f, 0xc0, 0x28, 0x3,
    0xc3, 0xd0, 0x1, 0xf0, 0x0, 0x0, 0x0, 0x0,
    0x0, 0x0, 0x0,

    /* U+996E "饮" */
    0x0, 0x0, 0x0, 0x0, 0x0, 0x0, 0x0, 0x2f,
    0x0, 0x0, 0xf8, 0x0, 0x0, 0x2, 0xf0, 0x0,
    0xf, 0x80, 0x0, 0x0, 0x3f, 0x0, 0x1, 0xf4,
    0x0, 0x0, 0x3, 0xf5, 0x64, 0x2f, 0x95, 0x59,
    0x0, 0x7f, 0xff, 0xe3, 0xff, 0xff, 0xfc, 0xb,
    0xff, 0xfd, 0x3f, 0xff, 0xff, 0x80, 0xfc, 0xb,
    0xcb, 0xd0, 0x1, 0xf4, 0x1f, 0x40, 0xf8, 0xfc,
    0x0, 0x2f, 0x3, 0xf0, 0x1f, 0x1f, 0x8b, 0xc3,
    0xf0, 0x7e, 0xbc, 0x53, 0xf0, 0xbc, 0x3e, 0x2,
    0xcb, 0xc0, 0xa, 0xb, 0xc1, 0x80, 0x0, 0xbc,
    0x0, 0x0, 0xfc, 0x0, 0x0, 0xb, 0xc0, 0x0,
    0xf, 0xc0, 0x0, 0x0, 0xbc, 0x0, 0x0, 0xfd,
    0x0, 0x0, 0xb, 0xc0, 0x0, 0x1f, 0xe0, 0x0,
    0x0, 0xbc, 0x0, 0x2, 0xff, 0x0, 0x0, 0xb,
    0xc0, 0x0, 0x3f, 0xf8, 0x0, 0x0, 0xbc, 0x24,
    0xb, 0xdf, 0xc0, 0x0, 0xb, 0xef, 0x81, 0xfc,
    0x7e, 0x0, 0x0, 0xbf, 0xf4, 0x3f, 0x43, 0xf4,
    0x0, 0xf, 0xfc, 0xf, 0xe0, 0xf, 0xe0, 0x3,
    0xfd, 0x7, 0xfc, 0x0, 0x7f, 0xc0, 0x1f, 0x0,
    0xfe, 0x0, 0x1, 0xfc, 0x0, 0x80, 0x3, 0x40,
    0x0, 0x7, 0x40, 0x0, 0x0, 0x0, 0x0, 0x0,
    0x0,

    /* U+9A76 "驶" */
    0x0, 0x0, 0x0, 0x0, 0x3d, 0x0, 0x0, 0xaa,
    0xae, 0x0, 0x3, 0xe0, 0x0, 0xf, 0xff, 0xf0,
    0x0, 0x3e, 0x0, 0x0, 0xaa, 0xbf, 0x0, 0x3,
    0xe0, 0x0, 0x0, 0x1, 0xf0, 0xff, 0xff, 0xff,
    0x40, 0xb8, 0x1f, 0xf, 0xff, 0xff, 0xf8, 0xb,
    0x82, 0xf0, 0xf9, 0x7e, 0x5f, 0x80, 0xb8, 0x2f,
    0xf, 0x43, 0xe0, 0xf8, 0xf, 0x82, 0xf0, 0xf4,
    0x3e, 0xf, 0x80, 0xf4, 0x3e, 0xf, 0x43, 0xe0,
    0xf8, 0xf, 0x43, 0xe0, 0xf8, 0x7e, 0x1f, 0x80,
    0xf4, 0x3d, 0xf, 0xff, 0xff, 0xf8, 0xf, 0xff,
    0xfc, 0xff, 0xff, 0xff, 0x80, 0xff, 0xff, 0xc0,
    0x7, 0xd0, 0x0, 0x1, 0x0, 0xbc, 0xb4, 0x7d,
    0x0, 0x0, 0x0, 0x7, 0xcb, 0xcb, 0xc0, 0x0,
    0x0, 0x5, 0xbc, 0x3f, 0xfc, 0x0, 0x1, 0xaf,
    0xfb, 0xc1, 0xff, 0x80, 0x0, 0x3f, 0xff, 0xf8,
    0x7, 0xf4, 0x0, 0x3, 0xe4, 0xf, 0x80, 0xbf,
    0xe0, 0x0, 0x0, 0x0, 0xf4, 0x2f, 0xff, 0xe0,
    0x0, 0x4, 0x2f, 0x2f, 0xf0, 0xbf, 0xf8, 0x0,
    0xbf, 0xe7, 0xf8, 0x1, 0xff, 0x80, 0x7, 0xf8,
    0x2d, 0x0, 0x0, 0xb0, 0x0, 0x0, 0x0, 0x0,
    0x0, 0x0, 0x0,

    /* U+9A7E "驾" */
    0x0, 0x1f, 0x0, 0x0, 0x0, 0x0, 0x0, 0xb,
    0xc0, 0x1, 0xaa, 0xaa, 0x41, 0xff, 0xff, 0xfc,
    0xbf, 0xff, 0xe0, 0x7f, 0xff, 0xff, 0x2f, 0x55,
    0xf8, 0x0, 0x7e, 0xb, 0xcb, 0xc0, 0x3e, 0x0,
    0x3f, 0x2, 0xf2, 0xf0, 0xf, 0x80, 0x2f, 0x80,
    0xf8, 0xbd, 0x57, 0xe0, 0x7f, 0xc7, 0xfd, 0x2f,
    0xff, 0xf8, 0x3f, 0xc0, 0xfe, 0x6, 0xaa, 0xa9,
    0x3, 0x40, 0x0, 0x0, 0x0, 0x0, 0x0, 0xb,
    0xff, 0xff, 0xff, 0xf8, 0x0, 0x2, 0xff, 0xff,
    0xff, 0xfe, 0x0, 0x0, 0x55, 0x55, 0x55, 0x6f,
    0x40, 0x0, 0x3, 0xf0, 0x0, 0xb, 0xd0, 0x0,
    0x0, 0xfc, 0x0, 0x3, 0xf0, 0x0, 0x0, 0x7e,
    0x0, 0x0, 0xfc, 0x0, 0x0, 0x2f, 0xff, 0xff,
    0xff, 0xff, 0x0, 0xb, 0xff, 0xff, 0xff, 0xff,
    0xc0, 0x0, 0x0, 0x0, 0x0, 0x3, 0xf0, 0x3f,
    0xff, 0xff, 0xff, 0xf0, 0xfc, 0xf, 0xff, 0xff,
    0xff, 0xfc, 0x3e, 0x0, 0x0, 0x0, 0x0, 0x5,
    0x2f, 0x40, 0x0, 0x0, 0x0, 0x2, 0xff, 0xc0,
    0x0, 0x0, 0x0, 0x0, 0x7f, 0xd0,

    /* U+9F20 "鼠" */
    0x0, 0x0, 0x0, 0x0, 0x0, 0x0, 0x0, 0x16,
    0xc0, 0x0, 0x0, 0x0, 0x1f, 0xff, 0xe0, 0xff,
    0xff, 0x80, 0x1f, 0xfe, 0x40, 0xff, 0xff, 0xc0,
    0x1f, 0x40, 0x0, 0x0, 0xf, 0xc0, 0x1f, 0x40,
    0x0, 0x0, 0xf, 0xc0, 0x1f, 0xff, 0xf0, 0xbf,
    0xff, 0xc0, 0x1f, 0xff, 0xf0, 0xbf, 0xff, 0xc0,
    0x1f, 0x40, 0x0, 0x0, 0xf, 0xc0, 0x1f, 0x40,
    0x0, 0x0, 0xf, 0xc0, 0x2f, 0xff, 0xff, 0xff,
    0xff, 0xc0, 0x1f, 0xff, 0xff, 0xff, 0xff, 0x80,
    0x5, 0x0, 0x5, 0x0, 0x29, 0x0, 0xf, 0x4d,
    0x1f, 0x24, 0x3e, 0x0, 0xf, 0x6f, 0xaf, 0x7f,
    0x3e, 0x0, 0xf, 0x4b, 0xaf, 0x1f, 0x7e, 0x0,
    0xf, 0x40, 0x1f, 0x1, 0x3e, 0x0, 0xf, 0x48,
    0x1f, 0x24, 0x3e, 0x0, 0xf, 0x7f, 0x9f, 0xbe,
    0x3e, 0x0, 0xf, 0x4b, 0x9f, 0x1f, 0x6f, 0x0,
    0xf, 0x41, 0x1f, 0x1, 0x2f, 0x10, 0x1f, 0x96,
    0x2f, 0x5a, 0x9f, 0x6d, 0x3f, 0xff, 0x7f, 0xff,
    0x8f, 0xfc, 0x3f, 0xfe, 0x3f, 0xfa, 0x4b, 0xfc,
    0x19, 0x0, 0x15, 0x0, 0x2, 0xf4,

    /* U+9F50 "齐" */
    0x0, 0x0, 0x0, 0x0, 0x0, 0x0, 0x0, 0x0,
    0x0, 0x2f, 0x0, 0x0, 0x0, 0x0, 0x0, 0x2,
    0xf8, 0x0, 0x0, 0x1, 0x55, 0x55, 0x6f, 0xd5,
    0x55, 0x50, 0x2f, 0xff, 0xff, 0xff, 0xff, 0xff,
    0x2, 0xff, 0xff, 0xff, 0xff, 0xff, 0xf0, 0x0,
    0xf, 0xc0, 0x0, 0xfe, 0x0, 0x0, 0x0, 0x3f,
    0x40, 0x3f, 0xc0, 0x0, 0x0, 0x0, 0xfe, 0x1f,
    0xf0, 0x0, 0x0, 0x0, 0x3, 0xff, 0xf8, 0x0,
    0x0, 0x0, 0x0, 0x2f, 0xff, 0x90, 0x0, 0x0,
    0x5, 0xbf, 0xff, 0xff, 0xfa, 0x50, 0x3f, 0xff,
    0xf9, 0x6, 0xff, 0xff, 0x81, 0xff, 0xe4, 0x0,
    0x1, 0xaf, 0xf0, 0x9, 0x4b, 0xc0, 0x0, 0x7d,
    0x0, 0x0, 0x0, 0xfc, 0x0, 0xb, 0xd0, 0x0,
    0x0, 0xf, 0xc0, 0x0, 0xbd, 0x0, 0x0, 0x0,
    0xfc, 0x0, 0xb, 0xd0, 0x0, 0x0, 0xf, 0xc0,
    0x0, 0xbd, 0x0, 0x0, 0x0, 0xfc, 0x0, 0xb,
    0xd0, 0x0, 0x0, 0x2f, 0x80, 0x0, 0xbd, 0x0,
    0x0, 0x7, 0xf0, 0x0, 0xb, 0xd0, 0x0, 0x2,
    0xfe, 0x0, 0x0, 0xbd, 0x0, 0x0, 0x2f, 0x80,
    0x0, 0xb, 0xd0, 0x0, 0x0, 0xa0, 0x0, 0x0,
    0xbd, 0x0, 0x0,

    /* U+FF01 "！" */
    0x6a, 0x2f, 0xdb, 0xf5, 0xfc, 0x7f, 0x1f, 0xc7,
    0xf0, 0xfc, 0x3f, 0xf, 0xc3, 0xf0, 0xf8, 0x3e,
    0x0, 0x0, 0x0, 0x0, 0x3e, 0x2f, 0xdb, 0xf4,
    0xfc, 0x0, 0x0,

    /* U+FF0C "，" */
    0x0, 0x2, 0xfc, 0x3f, 0xd3, 0xfe, 0x2f, 0xe0,
    0x3e, 0x3, 0xd0, 0xfc, 0xbf, 0xb, 0x80, 0x0,
    0x0
};


/*---------------------
 *  GLYPH DESCRIPTION
 *--------------------*/

static const lv_font_fmt_txt_glyph_dsc_t glyph_dsc[] = {
    {.bitmap_index = 0, .adv_w = 0, .box_w = 0, .box_h = 0, .ofs_x = 0, .ofs_y = 0} /* id = 0 reserved */,
    {.bitmap_index = 0, .adv_w = 94, .box_w = 0, .box_h = 0, .ofs_x = 0, .ofs_y = 0},
    {.bitmap_index = 0, .adv_w = 149, .box_w = 5, .box_h = 19, .ofs_x = 2, .ofs_y = 0},
    {.bitmap_index = 24, .adv_w = 227, .box_w = 10, .box_h = 9, .ofs_x = 2, .ofs_y = 12},
    {.bitmap_index = 47, .adv_w = 241, .box_w = 14, .box_h = 19, .ofs_x = 1, .ofs_y = 0},
    {.bitmap_index = 114, .adv_w = 241, .box_w = 13, .box_h = 26, .ofs_x = 1, .ofs_y = -3},
    {.bitmap_index = 199, .adv_w = 396, .box_w = 24, .box_h = 19, .ofs_x = 0, .ofs_y = 0},
    {.bitmap_index = 313, .adv_w = 301, .box_w = 19, .box_h = 19, .ofs_x = 0, .ofs_y = 0},
    {.bitmap_index = 404, .adv_w = 129, .box_w = 4, .box_h = 9, .ofs_x = 2, .ofs_y = 12},
    {.bitmap_index = 413, .adv_w = 153, .box_w = 7, .box_h = 28, .ofs_x = 2, .ofs_y = -6},
    {.bitmap_index = 462, .adv_w = 153, .box_w = 7, .box_h = 28, .ofs_x = 1, .ofs_y = -6},
    {.bitmap_index = 511, .adv_w = 206, .box_w = 11, .box_h = 10, .ofs_x = 1, .ofs_y = 11},
    {.bitmap_index = 539, .adv_w = 241, .box_w = 15, .box_h = 14, .ofs_x = 0, .ofs_y = 3},
    {.bitmap_index = 592, .adv_w = 129, .box_w = 6, .box_h = 11, .ofs_x = 1, .ofs_y = -6},
    {.bitmap_index = 609, .adv_w = 151, .box_w = 8, .box_h = 3, .ofs_x = 1, .ofs_y = 6},
    {.bitmap_index = 615, .adv_w = 129, .box_w = 6, .box_h = 5, .ofs_x = 1, .ofs_y = 0},
    {.bitmap_index = 623, .adv_w = 162, .box_w = 10, .box_h = 26, .ofs_x = 0, .ofs_y = -5},
    {.bitmap_index = 688, .adv_w = 241, .box_w = 13, .box_h = 19, .ofs_x = 1, .ofs_y = 0},
    {.bitmap_index = 750, .adv_w = 241, .box_w = 12, .box_h = 19, .ofs_x = 2, .ofs_y = 0},
    {.bitmap_index = 807, .adv_w = 241, .box_w = 14, .box_h = 19, .ofs_x = 0, .ofs_y = 0},
    {.bitmap_index = 874, .adv_w = 241, .box_w = 14, .box_h = 19, .ofs_x = 0, .ofs_y = 0},
    {.bitmap_index = 941, .adv_w = 241, .box_w = 15, .box_h = 19, .ofs_x = 0, .ofs_y = 0},
    {.bitmap_index = 1013, .adv_w = 241, .box_w = 14, .box_h = 19, .ofs_x = 0, .ofs_y = 0},
    {.bitmap_index = 1080, .adv_w = 241, .box_w = 13, .box_h = 19, .ofs_x = 1, .ofs_y = 0},
    {.bitmap_index = 1142, .adv_w = 241, .box_w = 13, .box_h = 19, .ofs_x = 1, .ofs_y = 0},
    {.bitmap_index = 1204, .adv_w = 241, .box_w = 13, .box_h = 19, .ofs_x = 1, .ofs_y = 0},
    {.bitmap_index = 1266, .adv_w = 241, .box_w = 13, .box_h = 19, .ofs_x = 1, .ofs_y = 0},
    {.bitmap_index = 1328, .adv_w = 129, .box_w = 6, .box_h = 15, .ofs_x = 1, .ofs_y = 0},
    {.bitmap_index = 1351, .adv_w = 129, .box_w = 6, .box_h = 21, .ofs_x = 1, .ofs_y = -6},
    {.bitmap_index = 1383, .adv_w = 241, .box_w = 15, .box_h = 14, .ofs_x = 0, .ofs_y = 3},
    {.bitmap_index = 1436, .adv_w = 241, .box_w = 15, .box_h = 9, .ofs_x = 0, .ofs_y = 6},
    {.bitmap_index = 1470, .adv_w = 241, .box_w = 15, .box_h = 14, .ofs_x = 0, .ofs_y = 3},
    {.bitmap_index = 1523, .adv_w = 209, .box_w = 11, .box_h = 19, .ofs_x = 1, .ofs_y = 0},
    {.bitmap_index = 1576, .adv_w = 412, .box_w = 24, .box_h = 25, .ofs_x = 1, .ofs_y = -6},
    {.bitmap_index = 1726, .adv_w = 263, .box_w = 18, .box_h = 19, .ofs_x = -1, .ofs_y = 0},
    {.bitmap_index = 1812, .adv_w = 280, .box_w = 15, .box_h = 19, .ofs_x = 2, .ofs_y = 0},
    {.bitmap_index = 1884, .adv_w = 271, .box_w = 16, .box_h = 19, .ofs_x = 1, .ofs_y = 0},
    {.bitmap_index = 1960, .adv_w = 294, .box_w = 15, .box_h = 19, .ofs_x = 2, .ofs_y = 0},
    {.bitmap_index = 2032, .adv_w = 253, .box_w = 13, .box_h = 19, .ofs_x = 2, .ofs_y = 0},
    {.bitmap_index = 2094, .adv_w = 240, .box_w = 13, .box_h = 19, .ofs_x = 2, .ofs_y = 0},
    {.bitmap_index = 2156, .adv_w = 295, .box_w = 16, .box_h = 19, .ofs_x = 1, .ofs_y = 0},
    {.bitmap_index = 2232, .adv_w = 312, .box_w = 16, .box_h = 19, .ofs_x = 2, .ofs_y = 0},
    {.bitmap_index = 2308, .adv_w = 133, .box_w = 4, .box_h = 19, .ofs_x = 2, .ofs_y = 0},
    {.bitmap_index = 2327, .adv_w = 233, .box_w = 13, .box_h = 19, .ofs_x = 0, .ofs_y = 0},
    {.bitmap_index = 2389, .adv_w = 281, .box_w = 16, .box_h = 19, .ofs_x = 2, .ofs_y = 0},
    {.bitmap_index = 2465, .adv_w = 236, .box_w = 12, .box_h = 19, .ofs_x = 2, .ofs_y = 0},
    {.bitmap_index = 2522, .adv_w = 350, .box_w = 18, .box_h = 19, .ofs_x = 2, .ofs_y = 0},
    {.bitmap_index = 2608, .adv_w = 309, .box_w = 15, .box_h = 19, .ofs_x = 2, .ofs_y = 0},
    {.bitmap_index = 2680, .adv_w = 317, .box_w = 18, .box_h = 19, .ofs_x = 1, .ofs_y = 0},
    {.bitmap_index = 2766, .adv_w = 274, .box_w = 14, .box_h = 19, .ofs_x = 2, .ofs_y = 0},
    {.bitmap_index = 2833, .adv_w = 317, .box_w = 19, .box_h = 24, .ofs_x = 1, .ofs_y = -5},
    {.bitmap_index = 2947, .adv_w = 278, .box_w = 15, .box_h = 19, .ofs_x = 2, .ofs_y = 0},
    {.bitmap_index = 3019, .adv_w = 256, .box_w = 14, .box_h = 19, .ofs_x = 1, .ofs_y = 0},
    {.bitmap_index = 3086, .adv_w = 257, .box_w = 16, .box_h = 19, .ofs_x = 0, .ofs_y = 0},
    {.bitmap_index = 3162, .adv_w = 308, .box_w = 15, .box_h = 19, .ofs_x = 2, .ofs_y = 0},
    {.bitmap_index = 3234, .adv_w = 252, .box_w = 17, .box_h = 19, .ofs_x = -1, .ofs_y = 0},
    {.bitmap_index = 3315, .adv_w = 376, .box_w = 23, .box_h = 19, .ofs_x = 0, .ofs_y = 0},
    {.bitmap_index = 3425, .adv_w = 254, .box_w = 16, .box_h = 19, .ofs_x = 0, .ofs_y = 0},
    {.bitmap_index = 3501, .adv_w = 235, .box_w = 16, .box_h = 19, .ofs_x = -1, .ofs_y = 0},
    {.bitmap_index = 3577, .adv_w = 254, .box_w = 14, .box_h = 19, .ofs_x = 1, .ofs_y = 0},
    {.bitmap_index = 3644, .adv_w = 153, .box_w = 7, .box_h = 26, .ofs_x = 2, .ofs_y = -5},
    {.bitmap_index = 3690, .adv_w = 162, .box_w = 10, .box_h = 26, .ofs_x = 0, .ofs_y = -5},
    {.bitmap_index = 3755, .adv_w = 153, .box_w = 6, .box_h = 26, .ofs_x = 1, .ofs_y = -5},
    {.bitmap_index = 3794, .adv_w = 241, .box_w = 13, .box_h = 12, .ofs_x = 1, .ofs_y = 8},
    {.bitmap_index = 3833, .adv_w = 235, .box_w = 15, .box_h = 3, .ofs_x = 0, .ofs_y = -4},
    {.bitmap_index = 3845, .adv_w = 258, .box_w = 7, .box_h = 7, .ofs_x = 3, .ofs_y = 17},
    {.bitmap_index = 3858, .adv_w = 243, .box_w = 13, .box_h = 15, .ofs_x = 1, .ofs_y = 0},
    {.bitmap_index = 3907, .adv_w = 265, .box_w = 14, .box_h = 21, .ofs_x = 2, .ofs_y = 0},
    {.bitmap_index = 3981, .adv_w = 217, .box_w = 12, .box_h = 15, .ofs_x = 1, .ofs_y = 0},
    {.bitmap_index = 4026, .adv_w = 265, .box_w = 14, .box_h = 21, .ofs_x = 1, .ofs_y = 0},
    {.bitmap_index = 4100, .adv_w = 238, .box_w = 13, .box_h = 15, .ofs_x = 1, .ofs_y = 0},
    {.bitmap_index = 4149, .adv_w = 149, .box_w = 11, .box_h = 21, .ofs_x = 0, .ofs_y = 0},
    {.bitmap_index = 4207, .adv_w = 245, .box_w = 14, .box_h = 21, .ofs_x = 1, .ofs_y = -6},
    {.bitmap_index = 4281, .adv_w = 262, .box_w = 13, .box_h = 21, .ofs_x = 2, .ofs_y = 0},
    {.bitmap_index = 4350, .adv_w = 123, .box_w = 5, .box_h = 21, .ofs_x = 1, .ofs_y = 0},
    {.bitmap_index = 4377, .adv_w = 124, .box_w = 8, .box_h = 27, .ofs_x = -2, .ofs_y = -6},
    {.bitmap_index = 4431, .adv_w = 245, .box_w = 14, .box_h = 21, .ofs_x = 2, .ofs_y = 0},
    {.bitmap_index = 4505, .adv_w = 127, .box_w = 6, .box_h = 21, .ofs_x = 2, .ofs_y = 0},
    {.bitmap_index = 4537, .adv_w = 396, .box_w = 21, .box_h = 15, .ofs_x = 2, .ofs_y = 0},
    {.bitmap_index = 4616, .adv_w = 263, .box_w = 13, .box_h = 15, .ofs_x = 2, .ofs_y = 0},
    {.bitmap_index = 4665, .adv_w = 258, .box_w = 14, .box_h = 15, .ofs_x = 1, .ofs_y = 0},
    {.bitmap_index = 4718, .adv_w = 265, .box_w = 14, .box_h = 21, .ofs_x = 2, .ofs_y = -6},
    {.bitmap_index = 4792, .adv_w = 265, .box_w = 14, .box_h = 21, .ofs_x = 1, .ofs_y = -6},
    {.bitmap_index = 4866, .adv_w = 176, .box_w = 10, .box_h = 15, .ofs_x = 2, .ofs_y = 0},
    {.bitmap_index = 4904, .adv_w = 203, .box_w = 12, .box_h = 15, .ofs_x = 0, .ofs_y = 0},
    {.bitmap_index = 4949, .adv_w = 170, .box_w = 11, .box_h = 19, .ofs_x = 0, .ofs_y = 0},
    {.bitmap_index = 5002, .adv_w = 262, .box_w = 14, .box_h = 15, .ofs_x = 1, .ofs_y = 0},
    {.bitmap_index = 5055, .adv_w = 233, .box_w = 15, .box_h = 15, .ofs_x = 0, .ofs_y = 0},
    {.bitmap_index = 5112, .adv_w = 352, .box_w = 22, .box_h = 15, .ofs_x = 0, .ofs_y = 0},
    {.bitmap_index = 5195, .adv_w = 226, .box_w = 14, .box_h = 15, .ofs_x = 0, .ofs_y = 0},
    {.bitmap_index = 5248, .adv_w = 233, .box_w = 15, .box_h = 21, .ofs_x = 0, .ofs_y = -6},
    {.bitmap_index = 5327, .adv_w = 208, .box_w = 12, .box_h = 15, .ofs_x = 1, .ofs_y = 0},
    {.bitmap_index = 5372, .adv_w = 153, .box_w = 9, .box_h = 26, .ofs_x = 0, .ofs_y = -5},
    {.bitmap_index = 5431, .adv_w = 120, .box_w = 3, .box_h = 30, .ofs_x = 2, .ofs_y = -7},
    {.bitmap_index = 5454, .adv_w = 153, .box_w = 8, .box_h = 26, .ofs_x = 1, .ofs_y = -5},
    {.bitmap_index = 5506, .adv_w = 241, .box_w = 15, .box_h = 5, .ofs_x = 0, .ofs_y = 7},
    {.bitmap_index = 5525, .adv_w = 416, .box_w = 25, .box_h = 14, .ofs_x = 1, .ofs_y = 3},
    {.bitmap_index = 5613, .adv_w = 416, .box_w = 25, .box_h = 4, .ofs_x = 1, .ofs_y = 8},
    {.bitmap_index = 5638, .adv_w = 416, .box_w = 24, .box_h = 23, .ofs_x = 1, .ofs_y = -1},
    {.bitmap_index = 5776, .adv_w = 416, .box_w = 24, .box_h = 23, .ofs_x = 1, .ofs_y = -2},
    {.bitmap_index = 5914, .adv_w = 416, .box_w = 25, .box_h = 23, .ofs_x = 1, .ofs_y = -2},
    {.bitmap_index = 6058, .adv_w = 416, .box_w = 23, .box_h = 25, .ofs_x = 1, .ofs_y = -3},
    {.bitmap_index = 6202, .adv_w = 416, .box_w = 25, .box_h = 23, .ofs_x = 1, .ofs_y = -1},
    {.bitmap_index = 6346, .adv_w = 416, .box_w = 26, .box_h = 25, .ofs_x = 0, .ofs_y = -2},
    {.bitmap_index = 6509, .adv_w = 416, .box_w = 22, .box_h = 25, .ofs_x = 2, .ofs_y = -2},
    {.bitmap_index = 6647, .adv_w = 416, .box_w = 25, .box_h = 26, .ofs_x = 1, .ofs_y = -3},
    {.bitmap_index = 6810, .adv_w = 416, .box_w = 25, .box_h = 24, .ofs_x = 1, .ofs_y = -2},
    {.bitmap_index = 6960, .adv_w = 416, .box_w = 22, .box_h = 24, .ofs_x = 2, .ofs_y = -3},
    {.bitmap_index = 7092, .adv_w = 416, .box_w = 25, .box_h = 25, .ofs_x = 0, .ofs_y = -2},
    {.bitmap_index = 7249, .adv_w = 416, .box_w = 24, .box_h = 19, .ofs_x = 1, .ofs_y = 0},
    {.bitmap_index = 7363, .adv_w = 416, .box_w = 26, .box_h = 25, .ofs_x = 0, .ofs_y = -3},
    {.bitmap_index = 7526, .adv_w = 416, .box_w = 26, .box_h = 26, .ofs_x = 0, .ofs_y = -3},
    {.bitmap_index = 7695, .adv_w = 416, .box_w = 25, .box_h = 24, .ofs_x = 0, .ofs_y = -2},
    {.bitmap_index = 7845, .adv_w = 416, .box_w = 26, .box_h = 24, .ofs_x = 0, .ofs_y = -2},
    {.bitmap_index = 8001, .adv_w = 416, .box_w = 25, .box_h = 25, .ofs_x = 0, .ofs_y = -2},
    {.bitmap_index = 8158, .adv_w = 416, .box_w = 25, .box_h = 25, .ofs_x = 0, .ofs_y = -2},
    {.bitmap_index = 8315, .adv_w = 416, .box_w = 26, .box_h = 24, .ofs_x = 0, .ofs_y = -2},
    {.bitmap_index = 8471, .adv_w = 416, .box_w = 25, .box_h = 26, .ofs_x = 0, .ofs_y = -3},
    {.bitmap_index = 8634, .adv_w = 416, .box_w = 25, .box_h = 25, .ofs_x = 0, .ofs_y = -2},
    {.bitmap_index = 8791, .adv_w = 416, .box_w = 26, .box_h = 25, .ofs_x = 0, .ofs_y = -3},
    {.bitmap_index = 8954, .adv_w = 416, .box_w = 26, .box_h = 25, .ofs_x = 0, .ofs_y = -2},
    {.bitmap_index = 9117, .adv_w = 416, .box_w = 25, .box_h = 25, .ofs_x = 1, .ofs_y = -3},
    {.bitmap_index = 9274, .adv_w = 416, .box_w = 22, .box_h = 25, .ofs_x = 2, .ofs_y = -2},
    {.bitmap_index = 9412, .adv_w = 416, .box_w = 25, .box_h = 24, .ofs_x = 1, .ofs_y = -3},
    {.bitmap_index = 9562, .adv_w = 416, .box_w = 26, .box_h = 24, .ofs_x = 0, .ofs_y = -2},
    {.bitmap_index = 9718, .adv_w = 416, .box_w = 22, .box_h = 24, .ofs_x = 2, .ofs_y = -2},
    {.bitmap_index = 9850, .adv_w = 416, .box_w = 25, .box_h = 26, .ofs_x = 0, .ofs_y = -3},
    {.bitmap_index = 10013, .adv_w = 416, .box_w = 24, .box_h = 25, .ofs_x = 0, .ofs_y = -3},
    {.bitmap_index = 10163, .adv_w = 416, .box_w = 24, .box_h = 24, .ofs_x = 1, .ofs_y = -2},
    {.bitmap_index = 10307, .adv_w = 416, .box_w = 24, .box_h = 25, .ofs_x = 1, .ofs_y = -2},
    {.bitmap_index = 10457, .adv_w = 416, .box_w = 26, .box_h = 26, .ofs_x = 0, .ofs_y = -3},
    {.bitmap_index = 10626, .adv_w = 416, .box_w = 24, .box_h = 25, .ofs_x = 1, .ofs_y = -3},
    {.bitmap_index = 10776, .adv_w = 416, .box_w = 26, .box_h = 24, .ofs_x = 0, .ofs_y = -2},
    {.bitmap_index = 10932, .adv_w = 416, .box_w = 24, .box_h = 25, .ofs_x = 1, .ofs_y = -2},
    {.bitmap_index = 11082, .adv_w = 416, .box_w = 24, .box_h = 24, .ofs_x = 1, .ofs_y = -2},
    {.bitmap_index = 11226, .adv_w = 416, .box_w = 25, .box_h = 25, .ofs_x = 1, .ofs_y = -3},
    {.bitmap_index = 11383, .adv_w = 416, .box_w = 26, .box_h = 26, .ofs_x = 0, .ofs_y = -3},
    {.bitmap_index = 11552, .adv_w = 416, .box_w = 26, .box_h = 24, .ofs_x = 0, .ofs_y = -3},
    {.bitmap_index = 11708, .adv_w = 416, .box_w = 21, .box_h = 22, .ofs_x = 3, .ofs_y = -2},
    {.bitmap_index = 11824, .adv_w = 416, .box_w = 24, .box_h = 24, .ofs_x = 1, .ofs_y = -3},
    {.bitmap_index = 11968, .adv_w = 416, .box_w = 25, .box_h = 24, .ofs_x = 1, .ofs_y = -2},
    {.bitmap_index = 12118, .adv_w = 416, .box_w = 26, .box_h = 26, .ofs_x = 0, .ofs_y = -3},
    {.bitmap_index = 12287, .adv_w = 416, .box_w = 26, .box_h = 25, .ofs_x = 0, .ofs_y = -3},
    {.bitmap_index = 12450, .adv_w = 416, .box_w = 22, .box_h = 26, .ofs_x = 2, .ofs_y = -3},
    {.bitmap_index = 12593, .adv_w = 416, .box_w = 24, .box_h = 26, .ofs_x = 1, .ofs_y = -3},
    {.bitmap_index = 12749, .adv_w = 416, .box_w = 24, .box_h = 24, .ofs_x = 0, .ofs_y = -2},
    {.bitmap_index = 12893, .adv_w = 416, .box_w = 24, .box_h = 24, .ofs_x = 1, .ofs_y = -3},
    {.bitmap_index = 13037, .adv_w = 416, .box_w = 25, .box_h = 25, .ofs_x = 1, .ofs_y = -2},
    {.bitmap_index = 13194, .adv_w = 416, .box_w = 25, .box_h = 25, .ofs_x = 1, .ofs_y = -3},
    {.bitmap_index = 13351, .adv_w = 416, .box_w = 23, .box_h = 24, .ofs_x = 2, .ofs_y = -2},
    {.bitmap_index = 13489, .adv_w = 416, .box_w = 23, .box_h = 23, .ofs_x = 2, .ofs_y = -2},
    {.bitmap_index = 13622, .adv_w = 416, .box_w = 22, .box_h = 23, .ofs_x = 2, .ofs_y = -2},
    {.bitmap_index = 13749, .adv_w = 416, .box_w = 26, .box_h = 25, .ofs_x = 0, .ofs_y = -2},
    {.bitmap_index = 13912, .adv_w = 416, .box_w = 25, .box_h = 24, .ofs_x = 0, .ofs_y = -2},
    {.bitmap_index = 14062, .adv_w = 416, .box_w = 25, .box_h = 24, .ofs_x = 0, .ofs_y = -2},
    {.bitmap_index = 14212, .adv_w = 416, .box_w = 26, .box_h = 26, .ofs_x = 0, .ofs_y = -3},
    {.bitmap_index = 14381, .adv_w = 416, .box_w = 26, .box_h = 24, .ofs_x = 0, .ofs_y = -2},
    {.bitmap_index = 14537, .adv_w = 416, .box_w = 26, .box_h = 26, .ofs_x = 0, .ofs_y = -3},
    {.bitmap_index = 14706, .adv_w = 416, .box_w = 26, .box_h = 26, .ofs_x = 0, .ofs_y = -3},
    {.bitmap_index = 14875, .adv_w = 416, .box_w = 26, .box_h = 26, .ofs_x = 0, .ofs_y = -3},
    {.bitmap_index = 15044, .adv_w = 416, .box_w = 25, .box_h = 24, .ofs_x = 1, .ofs_y = -3},
    {.bitmap_index = 15194, .adv_w = 416, .box_w = 26, .box_h = 25, .ofs_x = 0, .ofs_y = -2},
    {.bitmap_index = 15357, .adv_w = 416, .box_w = 24, .box_h = 25, .ofs_x = 1, .ofs_y = -3},
    {.bitmap_index = 15507, .adv_w = 416, .box_w = 26, .box_h = 26, .ofs_x = 0, .ofs_y = -3},
    {.bitmap_index = 15676, .adv_w = 416, .box_w = 26, .box_h = 26, .ofs_x = 0, .ofs_y = -3},
    {.bitmap_index = 15845, .adv_w = 416, .box_w = 25, .box_h = 26, .ofs_x = 1, .ofs_y = -3},
    {.bitmap_index = 16008, .adv_w = 416, .box_w = 25, .box_h = 26, .ofs_x = 0, .ofs_y = -3},
    {.bitmap_index = 16171, .adv_w = 416, .box_w = 24, .box_h = 25, .ofs_x = 1, .ofs_y = -2},
    {.bitmap_index = 16321, .adv_w = 416, .box_w = 24, .box_h = 24, .ofs_x = 1, .ofs_y = -3},
    {.bitmap_index = 16465, .adv_w = 416, .box_w = 25, .box_h = 25, .ofs_x = 0, .ofs_y = -3},
    {.bitmap_index = 16622, .adv_w = 416, .box_w = 25, .box_h = 26, .ofs_x = 0, .ofs_y = -3},
    {.bitmap_index = 16785, .adv_w = 416, .box_w = 26, .box_h = 26, .ofs_x = 0, .ofs_y = -3},
    {.bitmap_index = 16954, .adv_w = 416, .box_w = 25, .box_h = 24, .ofs_x = 0, .ofs_y = -3},
    {.bitmap_index = 17104, .adv_w = 416, .box_w = 23, .box_h = 25, .ofs_x = 2, .ofs_y = -2},
    {.bitmap_index = 17248, .adv_w = 416, .box_w = 25, .box_h = 25, .ofs_x = 0, .ofs_y = -2},
    {.bitmap_index = 17405, .adv_w = 416, .box_w = 25, .box_h = 26, .ofs_x = 1, .ofs_y = -3},
    {.bitmap_index = 17568, .adv_w = 416, .box_w = 25, .box_h = 25, .ofs_x = 1, .ofs_y = -2},
    {.bitmap_index = 17725, .adv_w = 416, .box_w = 25, .box_h = 26, .ofs_x = 0, .ofs_y = -3},
    {.bitmap_index = 17888, .adv_w = 416, .box_w = 24, .box_h = 23, .ofs_x = 2, .ofs_y = -2},
    {.bitmap_index = 18026, .adv_w = 416, .box_w = 25, .box_h = 25, .ofs_x = 0, .ofs_y = -2},
    {.bitmap_index = 18183, .adv_w = 416, .box_w = 24, .box_h = 24, .ofs_x = 1, .ofs_y = -2},
    {.bitmap_index = 18327, .adv_w = 416, .box_w = 24, .box_h = 23, .ofs_x = 1, .ofs_y = -2},
    {.bitmap_index = 18465, .adv_w = 416, .box_w = 24, .box_h = 25, .ofs_x = 1, .ofs_y = -3},
    {.bitmap_index = 18615, .adv_w = 416, .box_w = 25, .box_h = 25, .ofs_x = 0, .ofs_y = -3},
    {.bitmap_index = 18772, .adv_w = 416, .box_w = 24, .box_h = 24, .ofs_x = 1, .ofs_y = -3},
    {.bitmap_index = 18916, .adv_w = 416, .box_w = 25, .box_h = 25, .ofs_x = 1, .ofs_y = -2},
    {.bitmap_index = 19073, .adv_w = 416, .box_w = 25, .box_h = 25, .ofs_x = 0, .ofs_y = -3},
    {.bitmap_index = 19230, .adv_w = 416, .box_w = 24, .box_h = 25, .ofs_x = 1, .ofs_y = -2},
    {.bitmap_index = 19380, .adv_w = 416, .box_w = 26, .box_h = 24, .ofs_x = 0, .ofs_y = -2},
    {.bitmap_index = 19536, .adv_w = 416, .box_w = 26, .box_h = 26, .ofs_x = 0, .ofs_y = -3},
    {.bitmap_index = 19705, .adv_w = 416, .box_w = 25, .box_h = 25, .ofs_x = 0, .ofs_y = -3},
    {.bitmap_index = 19862, .adv_w = 416, .box_w = 25, .box_h = 25, .ofs_x = 1, .ofs_y = -2},
    {.bitmap_index = 20019, .adv_w = 416, .box_w = 26, .box_h = 26, .ofs_x = 0, .ofs_y = -3},
    {.bitmap_index = 20188, .adv_w = 416, .box_w = 26, .box_h = 26, .ofs_x = 0, .ofs_y = -3},
    {.bitmap_index = 20357, .adv_w = 416, .box_w = 26, .box_h = 26, .ofs_x = 0, .ofs_y = -3},
    {.bitmap_index = 20526, .adv_w = 416, .box_w = 26, .box_h = 25, .ofs_x = 0, .ofs_y = -2},
    {.bitmap_index = 20689, .adv_w = 416, .box_w = 26, .box_h = 25, .ofs_x = 0, .ofs_y = -3},
    {.bitmap_index = 20852, .adv_w = 416, .box_w = 26, .box_h = 26, .ofs_x = 0, .ofs_y = -3},
    {.bitmap_index = 21021, .adv_w = 416, .box_w = 26, .box_h = 26, .ofs_x = 0, .ofs_y = -3},
    {.bitmap_index = 21190, .adv_w = 416, .box_w = 26, .box_h = 26, .ofs_x = 0, .ofs_y = -3},
    {.bitmap_index = 21359, .adv_w = 416, .box_w = 26, .box_h = 25, .ofs_x = 0, .ofs_y = -3},
    {.bitmap_index = 21522, .adv_w = 416, .box_w = 26, .box_h = 26, .ofs_x = 0, .ofs_y = -3},
    {.bitmap_index = 21691, .adv_w = 416, .box_w = 25, .box_h = 26, .ofs_x = 1, .ofs_y = -3},
    {.bitmap_index = 21854, .adv_w = 416, .box_w = 26, .box_h = 25, .ofs_x = 0, .ofs_y = -2},
    {.bitmap_index = 22017, .adv_w = 416, .box_w = 26, .box_h = 26, .ofs_x = 0, .ofs_y = -3},
    {.bitmap_index = 22186, .adv_w = 416, .box_w = 25, .box_h = 26, .ofs_x = 1, .ofs_y = -3},
    {.bitmap_index = 22349, .adv_w = 416, .box_w = 26, .box_h = 25, .ofs_x = 0, .ofs_y = -3},
    {.bitmap_index = 22512, .adv_w = 416, .box_w = 18, .box_h = 24, .ofs_x = 4, .ofs_y = -3},
    {.bitmap_index = 22620, .adv_w = 416, .box_w = 24, .box_h = 25, .ofs_x = 1, .ofs_y = -3},
    {.bitmap_index = 22770, .adv_w = 416, .box_w = 23, .box_h = 24, .ofs_x = 1, .ofs_y = -3},
    {.bitmap_index = 22908, .adv_w = 416, .box_w = 26, .box_h = 25, .ofs_x = 0, .ofs_y = -3},
    {.bitmap_index = 23071, .adv_w = 416, .box_w = 25, .box_h = 23, .ofs_x = 0, .ofs_y = -2},
    {.bitmap_index = 23215, .adv_w = 416, .box_w = 24, .box_h = 24, .ofs_x = 1, .ofs_y = -3},
    {.bitmap_index = 23359, .adv_w = 416, .box_w = 25, .box_h = 26, .ofs_x = 1, .ofs_y = -3},
    {.bitmap_index = 23522, .adv_w = 416, .box_w = 25, .box_h = 25, .ofs_x = 1, .ofs_y = -3},
    {.bitmap_index = 23679, .adv_w = 416, .box_w = 25, .box_h = 24, .ofs_x = 1, .ofs_y = -2},
    {.bitmap_index = 23829, .adv_w = 416, .box_w = 22, .box_h = 24, .ofs_x = 0, .ofs_y = -3},
    {.bitmap_index = 23961, .adv_w = 416, .box_w = 25, .box_h = 24, .ofs_x = 0, .ofs_y = -2},
    {.bitmap_index = 24111, .adv_w = 416, .box_w = 25, .box_h = 25, .ofs_x = 0, .ofs_y = -3},
    {.bitmap_index = 24268, .adv_w = 416, .box_w = 26, .box_h = 25, .ofs_x = 0, .ofs_y = -2},
    {.bitmap_index = 24431, .adv_w = 416, .box_w = 26, .box_h = 26, .ofs_x = 0, .ofs_y = -3},
    {.bitmap_index = 24600, .adv_w = 416, .box_w = 26, .box_h = 25, .ofs_x = 0, .ofs_y = -2},
    {.bitmap_index = 24763, .adv_w = 416, .box_w = 26, .box_h = 25, .ofs_x = 0, .ofs_y = -2},
    {.bitmap_index = 24926, .adv_w = 416, .box_w = 26, .box_h = 26, .ofs_x = 0, .ofs_y = -3},
    {.bitmap_index = 25095, .adv_w = 416, .box_w = 25, .box_h = 25, .ofs_x = 0, .ofs_y = -3},
    {.bitmap_index = 25252, .adv_w = 416, .box_w = 24, .box_h = 24, .ofs_x = 1, .ofs_y = -2},
    {.bitmap_index = 25396, .adv_w = 416, .box_w = 26, .box_h = 25, .ofs_x = 0, .ofs_y = -2},
    {.bitmap_index = 25559, .adv_w = 416, .box_w = 26, .box_h = 25, .ofs_x = 0, .ofs_y = -2},
    {.bitmap_index = 25722, .adv_w = 416, .box_w = 26, .box_h = 25, .ofs_x = 0, .ofs_y = -3},
    {.bitmap_index = 25885, .adv_w = 416, .box_w = 26, .box_h = 25, .ofs_x = 0, .ofs_y = -3},
    {.bitmap_index = 26048, .adv_w = 416, .box_w = 26, .box_h = 25, .ofs_x = 0, .ofs_y = -3},
    {.bitmap_index = 26211, .adv_w = 416, .box_w = 25, .box_h = 26, .ofs_x = 0, .ofs_y = -3},
    {.bitmap_index = 26374, .adv_w = 416, .box_w = 26, .box_h = 25, .ofs_x = 0, .ofs_y = -3},
    {.bitmap_index = 26537, .adv_w = 416, .box_w = 26, .box_h = 26, .ofs_x = 0, .ofs_y = -3},
    {.bitmap_index = 26706, .adv_w = 416, .box_w = 26, .box_h = 24, .ofs_x = 0, .ofs_y = -2},
    {.bitmap_index = 26862, .adv_w = 416, .box_w = 26, .box_h = 24, .ofs_x = 0, .ofs_y = -2},
    {.bitmap_index = 27018, .adv_w = 416, .box_w = 26, .box_h = 25, .ofs_x = 0, .ofs_y = -3},
    {.bitmap_index = 27181, .adv_w = 416, .box_w = 25, .box_h = 25, .ofs_x = 0, .ofs_y = -3},
    {.bitmap_index = 27338, .adv_w = 416, .box_w = 26, .box_h = 26, .ofs_x = 0, .ofs_y = -3},
    {.bitmap_index = 27507, .adv_w = 416, .box_w = 25, .box_h = 25, .ofs_x = 0, .ofs_y = -3},
    {.bitmap_index = 27664, .adv_w = 416, .box_w = 26, .box_h = 25, .ofs_x = 0, .ofs_y = -3},
    {.bitmap_index = 27827, .adv_w = 416, .box_w = 26, .box_h = 26, .ofs_x = 0, .ofs_y = -3},
    {.bitmap_index = 27996, .adv_w = 416, .box_w = 26, .box_h = 24, .ofs_x = 0, .ofs_y = -2},
    {.bitmap_index = 28152, .adv_w = 416, .box_w = 25, .box_h = 26, .ofs_x = 0, .ofs_y = -3},
    {.bitmap_index = 28315, .adv_w = 416, .box_w = 24, .box_h = 23, .ofs_x = 1, .ofs_y = -2},
    {.bitmap_index = 28453, .adv_w = 416, .box_w = 26, .box_h = 23, .ofs_x = 0, .ofs_y = -2},
    {.bitmap_index = 28603, .adv_w = 416, .box_w = 25, .box_h = 25, .ofs_x = 0, .ofs_y = -3},
    {.bitmap_index = 28760, .adv_w = 416, .box_w = 26, .box_h = 26, .ofs_x = 0, .ofs_y = -3},
    {.bitmap_index = 28929, .adv_w = 416, .box_w = 26, .box_h = 23, .ofs_x = 0, .ofs_y = -2},
    {.bitmap_index = 29079, .adv_w = 416, .box_w = 24, .box_h = 24, .ofs_x = 1, .ofs_y = -2},
    {.bitmap_index = 29223, .adv_w = 416, .box_w = 23, .box_h = 24, .ofs_x = 0, .ofs_y = -3},
    {.bitmap_index = 29361, .adv_w = 416, .box_w = 26, .box_h = 24, .ofs_x = 0, .ofs_y = -2},
    {.bitmap_index = 29517, .adv_w = 416, .box_w = 20, .box_h = 26, .ofs_x = 3, .ofs_y = -3},
    {.bitmap_index = 29647, .adv_w = 416, .box_w = 23, .box_h = 26, .ofs_x = 2, .ofs_y = -3},
    {.bitmap_index = 29797, .adv_w = 416, .box_w = 25, .box_h = 24, .ofs_x = 0, .ofs_y = -2},
    {.bitmap_index = 29947, .adv_w = 416, .box_w = 25, .box_h = 24, .ofs_x = 1, .ofs_y = -3},
    {.bitmap_index = 30097, .adv_w = 416, .box_w = 25, .box_h = 24, .ofs_x = 1, .ofs_y = -2},
    {.bitmap_index = 30247, .adv_w = 416, .box_w = 26, .box_h = 25, .ofs_x = 0, .ofs_y = -2},
    {.bitmap_index = 30410, .adv_w = 416, .box_w = 26, .box_h = 25, .ofs_x = 0, .ofs_y = -3},
    {.bitmap_index = 30573, .adv_w = 416, .box_w = 25, .box_h = 24, .ofs_x = 0, .ofs_y = -3},
    {.bitmap_index = 30723, .adv_w = 416, .box_w = 25, .box_h = 26, .ofs_x = 0, .ofs_y = -3},
    {.bitmap_index = 30886, .adv_w = 416, .box_w = 25, .box_h = 23, .ofs_x = 0, .ofs_y = -2},
    {.bitmap_index = 31030, .adv_w = 416, .box_w = 24, .box_h = 25, .ofs_x = 1, .ofs_y = -3},
    {.bitmap_index = 31180, .adv_w = 416, .box_w = 24, .box_h = 26, .ofs_x = 1, .ofs_y = -3},
    {.bitmap_index = 31336, .adv_w = 416, .box_w = 26, .box_h = 24, .ofs_x = 0, .ofs_y = -2},
    {.bitmap_index = 31492, .adv_w = 416, .box_w = 26, .box_h = 24, .ofs_x = 0, .ofs_y = -2},
    {.bitmap_index = 31648, .adv_w = 416, .box_w = 24, .box_h = 25, .ofs_x = 1, .ofs_y = -2},
    {.bitmap_index = 31798, .adv_w = 416, .box_w = 24, .box_h = 26, .ofs_x = 1, .ofs_y = -3},
    {.bitmap_index = 31954, .adv_w = 416, .box_w = 25, .box_h = 25, .ofs_x = 0, .ofs_y = -2},
    {.bitmap_index = 32111, .adv_w = 416, .box_w = 26, .box_h = 26, .ofs_x = 0, .ofs_y = -3},
    {.bitmap_index = 32280, .adv_w = 416, .box_w = 26, .box_h = 26, .ofs_x = 0, .ofs_y = -3},
    {.bitmap_index = 32449, .adv_w = 416, .box_w = 25, .box_h = 25, .ofs_x = 0, .ofs_y = -3},
    {.bitmap_index = 32606, .adv_w = 416, .box_w = 25, .box_h = 25, .ofs_x = 1, .ofs_y = -2},
    {.bitmap_index = 32763, .adv_w = 416, .box_w = 26, .box_h = 24, .ofs_x = 0, .ofs_y = -2},
    {.bitmap_index = 32919, .adv_w = 416, .box_w = 26, .box_h = 26, .ofs_x = 0, .ofs_y = -3},
    {.bitmap_index = 33088, .adv_w = 416, .box_w = 26, .box_h = 26, .ofs_x = 0, .ofs_y = -3},
    {.bitmap_index = 33257, .adv_w = 416, .box_w = 22, .box_h = 23, .ofs_x = 2, .ofs_y = -2},
    {.bitmap_index = 33384, .adv_w = 416, .box_w = 25, .box_h = 24, .ofs_x = 0, .ofs_y = -2},
    {.bitmap_index = 33534, .adv_w = 416, .box_w = 25, .box_h = 26, .ofs_x = 0, .ofs_y = -3},
    {.bitmap_index = 33697, .adv_w = 416, .box_w = 19, .box_h = 26, .ofs_x = 4, .ofs_y = -3},
    {.bitmap_index = 33821, .adv_w = 416, .box_w = 26, .box_h = 26, .ofs_x = 0, .ofs_y = -3},
    {.bitmap_index = 33990, .adv_w = 416, .box_w = 26, .box_h = 26, .ofs_x = 0, .ofs_y = -3},
    {.bitmap_index = 34159, .adv_w = 416, .box_w = 24, .box_h = 26, .ofs_x = 1, .ofs_y = -3},
    {.bitmap_index = 34315, .adv_w = 416, .box_w = 26, .box_h = 25, .ofs_x = 0, .ofs_y = -2},
    {.bitmap_index = 34478, .adv_w = 416, .box_w = 25, .box_h = 26, .ofs_x = 0, .ofs_y = -3},
    {.bitmap_index = 34641, .adv_w = 416, .box_w = 26, .box_h = 26, .ofs_x = 0, .ofs_y = -3},
    {.bitmap_index = 34810, .adv_w = 416, .box_w = 26, .box_h = 25, .ofs_x = 0, .ofs_y = -2},
    {.bitmap_index = 34973, .adv_w = 416, .box_w = 26, .box_h = 26, .ofs_x = 0, .ofs_y = -3},
    {.bitmap_index = 35142, .adv_w = 416, .box_w = 24, .box_h = 25, .ofs_x = 1, .ofs_y = -3},
    {.bitmap_index = 35292, .adv_w = 416, .box_w = 26, .box_h = 24, .ofs_x = 0, .ofs_y = -3},
    {.bitmap_index = 35448, .adv_w = 416, .box_w = 25, .box_h = 25, .ofs_x = 1, .ofs_y = -3},
    {.bitmap_index = 35605, .adv_w = 416, .box_w = 25, .box_h = 25, .ofs_x = 1, .ofs_y = -3},
    {.bitmap_index = 35762, .adv_w = 416, .box_w = 25, .box_h = 25, .ofs_x = 1, .ofs_y = -3},
    {.bitmap_index = 35919, .adv_w = 416, .box_w = 25, .box_h = 26, .ofs_x = 1, .ofs_y = -3},
    {.bitmap_index = 36082, .adv_w = 416, .box_w = 25, .box_h = 24, .ofs_x = 1, .ofs_y = -2},
    {.bitmap_index = 36232, .adv_w = 416, .box_w = 26, .box_h = 25, .ofs_x = 0, .ofs_y = -3},
    {.bitmap_index = 36395, .adv_w = 416, .box_w = 25, .box_h = 26, .ofs_x = 0, .ofs_y = -3},
    {.bitmap_index = 36558, .adv_w = 416, .box_w = 25, .box_h = 25, .ofs_x = 0, .ofs_y = -3},
    {.bitmap_index = 36715, .adv_w = 416, .box_w = 26, .box_h = 24, .ofs_x = 0, .ofs_y = -3},
    {.bitmap_index = 36871, .adv_w = 416, .box_w = 26, .box_h = 25, .ofs_x = 0, .ofs_y = -3},
    {.bitmap_index = 37034, .adv_w = 416, .box_w = 24, .box_h = 26, .ofs_x = 1, .ofs_y = -3},
    {.bitmap_index = 37190, .adv_w = 416, .box_w = 24, .box_h = 25, .ofs_x = 1, .ofs_y = -2},
    {.bitmap_index = 37340, .adv_w = 416, .box_w = 24, .box_h = 24, .ofs_x = 1, .ofs_y = -2},
    {.bitmap_index = 37484, .adv_w = 416, .box_w = 26, .box_h = 25, .ofs_x = 0, .ofs_y = -3},
    {.bitmap_index = 37647, .adv_w = 416, .box_w = 26, .box_h = 25, .ofs_x = 0, .ofs_y = -3},
    {.bitmap_index = 37810, .adv_w = 416, .box_w = 26, .box_h = 25, .ofs_x = 0, .ofs_y = -3},
    {.bitmap_index = 37973, .adv_w = 416, .box_w = 26, .box_h = 25, .ofs_x = 0, .ofs_y = -3},
    {.bitmap_index = 38136, .adv_w = 416, .box_w = 26, .box_h = 26, .ofs_x = 0, .ofs_y = -3},
    {.bitmap_index = 38305, .adv_w = 416, .box_w = 26, .box_h = 25, .ofs_x = 0, .ofs_y = -2},
    {.bitmap_index = 38468, .adv_w = 416, .box_w = 26, .box_h = 24, .ofs_x = 0, .ofs_y = -2},
    {.bitmap_index = 38624, .adv_w = 416, .box_w = 26, .box_h = 25, .ofs_x = 0, .ofs_y = -3},
    {.bitmap_index = 38787, .adv_w = 416, .box_w = 26, .box_h = 25, .ofs_x = 0, .ofs_y = -3},
    {.bitmap_index = 38950, .adv_w = 416, .box_w = 26, .box_h = 26, .ofs_x = 0, .ofs_y = -3},
    {.bitmap_index = 39119, .adv_w = 416, .box_w = 26, .box_h = 25, .ofs_x = 0, .ofs_y = -3},
    {.bitmap_index = 39282, .adv_w = 416, .box_w = 26, .box_h = 25, .ofs_x = 0, .ofs_y = -3},
    {.bitmap_index = 39445, .adv_w = 416, .box_w = 26, .box_h = 26, .ofs_x = 0, .ofs_y = -3},
    {.bitmap_index = 39614, .adv_w = 416, .box_w = 26, .box_h = 26, .ofs_x = 0, .ofs_y = -3},
    {.bitmap_index = 39783, .adv_w = 416, .box_w = 25, .box_h = 26, .ofs_x = 1, .ofs_y = -3},
    {.bitmap_index = 39946, .adv_w = 416, .box_w = 26, .box_h = 25, .ofs_x = 0, .ofs_y = -3},
    {.bitmap_index = 40109, .adv_w = 416, .box_w = 25, .box_h = 25, .ofs_x = 0, .ofs_y = -3},
    {.bitmap_index = 40266, .adv_w = 416, .box_w = 25, .box_h = 23, .ofs_x = 1, .ofs_y = -2},
    {.bitmap_index = 40410, .adv_w = 416, .box_w = 26, .box_h = 24, .ofs_x = 0, .ofs_y = -2},
    {.bitmap_index = 40566, .adv_w = 416, .box_w = 25, .box_h = 25, .ofs_x = 1, .ofs_y = -3},
    {.bitmap_index = 40723, .adv_w = 416, .box_w = 22, .box_h = 25, .ofs_x = 2, .ofs_y = -2},
    {.bitmap_index = 40861, .adv_w = 416, .box_w = 23, .box_h = 24, .ofs_x = 2, .ofs_y = -2},
    {.bitmap_index = 40999, .adv_w = 416, .box_w = 24, .box_h = 26, .ofs_x = 1, .ofs_y = -3},
    {.bitmap_index = 41155, .adv_w = 416, .box_w = 25, .box_h = 24, .ofs_x = 1, .ofs_y = -2},
    {.bitmap_index = 41305, .adv_w = 416, .box_w = 25, .box_h = 25, .ofs_x = 1, .ofs_y = -2},
    {.bitmap_index = 41462, .adv_w = 416, .box_w = 26, .box_h = 24, .ofs_x = 0, .ofs_y = -3},
    {.bitmap_index = 41618, .adv_w = 416, .box_w = 25, .box_h = 25, .ofs_x = 1, .ofs_y = -3},
    {.bitmap_index = 41775, .adv_w = 416, .box_w = 26, .box_h = 25, .ofs_x = 0, .ofs_y = -3},
    {.bitmap_index = 41938, .adv_w = 416, .box_w = 26, .box_h = 25, .ofs_x = 0, .ofs_y = -3},
    {.bitmap_index = 42101, .adv_w = 416, .box_w = 26, .box_h = 26, .ofs_x = 0, .ofs_y = -3},
    {.bitmap_index = 42270, .adv_w = 416, .box_w = 26, .box_h = 25, .ofs_x = 0, .ofs_y = -3},
    {.bitmap_index = 42433, .adv_w = 416, .box_w = 25, .box_h = 24, .ofs_x = 0, .ofs_y = -2},
    {.bitmap_index = 42583, .adv_w = 416, .box_w = 24, .box_h = 25, .ofs_x = 2, .ofs_y = -2},
    {.bitmap_index = 42733, .adv_w = 416, .box_w = 26, .box_h = 25, .ofs_x = 0, .ofs_y = -2},
    {.bitmap_index = 42896, .adv_w = 416, .box_w = 5, .box_h = 21, .ofs_x = 4, .ofs_y = -1},
    {.bitmap_index = 42923, .adv_w = 416, .box_w = 6, .box_h = 11, .ofs_x = 4, .ofs_y = -4}
};

/*---------------------
 *  CHARACTER MAPPING
 *--------------------*/

static const uint16_t unicode_list_1[] = {
    0x0, 0x2c6e, 0x2c78, 0x2c79, 0x2c7b, 0x2c7c, 0x2c86, 0x2c98,
    0x2c9b, 0x2cb9, 0x2cc6, 0x2cf4, 0x2cf9, 0x2cfa, 0x2d28, 0x2d38,
    0x2d64, 0x2d7f, 0x2dbb, 0x2dbd, 0x2ec8, 0x2eca, 0x2efb, 0x2fd3,
    0x2fd6, 0x2fda, 0x2ff3, 0x2ffb, 0x3034, 0x3068, 0x308b, 0x3099,
    0x309e, 0x30bb, 0x310c, 0x3116, 0x3185, 0x31b6, 0x31cf, 0x3229,
    0x323f, 0x3244, 0x3251, 0x3258, 0x3271, 0x3276, 0x327c, 0x327f,
    0x32b8, 0x32fa, 0x332f, 0x33d4, 0x33f0, 0x354c, 0x355b, 0x356b,
    0x359e, 0x35a8, 0x35be, 0x363c, 0x36c2, 0x3772, 0x3775, 0x378a,
    0x3797, 0x37eb, 0x39f7, 0x39fa, 0x3a08, 0x3a24, 0x3a2d, 0x3a41,
    0x3a69, 0x3a7f, 0x3a84, 0x3a9f, 0x3aac, 0x3b09, 0x3b26, 0x3b4f,
    0x3b5e, 0x3b84, 0x3c60, 0x3c70, 0x3c94, 0x3ce1, 0x3cea, 0x3d05,
    0x3d6e, 0x3d7d, 0x3e05, 0x3edd, 0x3f1a, 0x407e, 0x40ad, 0x40b9,
    0x40ec, 0x4113, 0x4123, 0x4137, 0x4157, 0x4177, 0x41d0, 0x4200,
    0x423e, 0x42e6, 0x43a4, 0x43e2, 0x4407, 0x441d, 0x4433, 0x4453,
    0x4464, 0x447c, 0x449d, 0x44ac, 0x44c0, 0x44c8, 0x4504, 0x456e,
    0x4576, 0x4577, 0x458d, 0x45a8, 0x45bc, 0x4653, 0x472e, 0x488f,
    0x498f, 0x49d3, 0x4aa2, 0x4ab0, 0x4b07, 0x4b0f, 0x4b21, 0x4ba9,
    0x4baf, 0x4be5, 0x4c97, 0x4c9d, 0x4ca6, 0x4cc4, 0x4cec, 0x4d7d,
    0x4edd, 0x4fa4, 0x50a6, 0x50d7, 0x51f9, 0x521d, 0x522e, 0x525b,
    0x5274, 0x538d, 0x5396, 0x54e9, 0x54eb, 0x54f2, 0x5579, 0x558e,
    0x55cf, 0x565b, 0x565c, 0x5661, 0x56dc, 0x57a8, 0x57d6, 0x5829,
    0x584d, 0x5879, 0x58e8, 0x5905, 0x599a, 0x59b7, 0x5af7, 0x5b9d,
    0x5d2d, 0x5d3d, 0x5d47, 0x5d4a, 0x5dbf, 0x5e6f, 0x5e71, 0x6058,
    0x6098, 0x60a7, 0x6293, 0x62ab, 0x66ba, 0x66c5, 0x66d3, 0x66f9,
    0x67ef, 0x682f, 0x6836, 0x6a12, 0x6a1e, 0x6a2d, 0x6a2f, 0x6aa5,
    0x6bb2, 0x6bde, 0x6c21, 0x6c5d, 0x6d19, 0x6dd4, 0x6df4, 0x6e27,
    0x6e2c, 0x6e35, 0x6e42, 0x6e46, 0x6e6b, 0x6e6e, 0x6e70, 0x6e77,
    0x6e82, 0x6e88, 0x6e89, 0x6ec1, 0x6ec5, 0x6f56, 0x6f6b, 0x6fc0,
    0x7000, 0x703c, 0x73ed, 0x7456, 0x7462, 0x74a0, 0x74a3, 0x74fd,
    0x76e7, 0x76ed, 0x76f2, 0x77db, 0x77dc, 0x78e4, 0x78ec, 0x7d8e,
    0x7dbe, 0xdd6f, 0xdd7a
};

/*Collect the unicode lists and glyph_id offsets*/
static const lv_font_fmt_txt_cmap_t cmaps[] =
{
    {
        .range_start = 32, .range_length = 95, .glyph_id_start = 1,
        .unicode_list = NULL, .glyph_id_ofs_list = NULL, .list_length = 0, .type = LV_FONT_FMT_TXT_CMAP_FORMAT0_TINY
    },
    {
        .range_start = 8594, .range_length = 56699, .glyph_id_start = 96,
        .unicode_list = unicode_list_1, .glyph_id_ofs_list = NULL, .list_length = 243, .type = LV_FONT_FMT_TXT_CMAP_SPARSE_TINY
    }
};



/*--------------------
 *  ALL CUSTOM DATA
 *--------------------*/

#if LVGL_VERSION_MAJOR == 8
/*Store all the custom data of the font*/
static  lv_font_fmt_txt_glyph_cache_t cache;
#endif

#if LVGL_VERSION_MAJOR >= 8
static const lv_font_fmt_txt_dsc_t font_dsc = {
#else
static lv_font_fmt_txt_dsc_t font_dsc = {
#endif
    .glyph_bitmap = glyph_bitmap,
    .glyph_dsc = glyph_dsc,
    .cmaps = cmaps,
    .kern_dsc = NULL,
    .kern_scale = 0,
    .cmap_num = 2,
    .bpp = 2,
    .kern_classes = 0,
    .bitmap_format = 0,
#if LVGL_VERSION_MAJOR == 8
    .cache = &cache
#endif
};



/*-----------------
 *  PUBLIC FONT
 *----------------*/

/*Initialize a public general font descriptor*/
#if LVGL_VERSION_MAJOR >= 8
const lv_font_t travel_ui_font_24 = {
#else
lv_font_t travel_ui_font_24 = {
#endif
    .get_glyph_dsc = lv_font_get_glyph_dsc_fmt_txt,    /*Function pointer to get glyph's data*/
    .get_glyph_bitmap = lv_font_get_bitmap_fmt_txt,    /*Function pointer to get glyph's bitmap*/
    .line_height = 31,          /*The maximum line height required by the font*/
    .base_line = 7,             /*Baseline measured from the bottom of the line*/
#if !(LVGL_VERSION_MAJOR == 6 && LVGL_VERSION_MINOR == 0)
    .subpx = LV_FONT_SUBPX_NONE,
#endif
#if LV_VERSION_CHECK(7, 4, 0) || LVGL_VERSION_MAJOR >= 8
    .underline_position = -3,
    .underline_thickness = 1,
#endif
    .dsc = &font_dsc,          /*The custom font data. Will be accessed by `get_glyph_bitmap/dsc` */
#if LV_VERSION_CHECK(8, 2, 0) || LVGL_VERSION_MAJOR >= 9
    .fallback = NULL,
#endif
    .user_data = NULL,
};



#endif /*#if TRAVEL_UI_FONT_24*/
